10000
1 2 3 4 5 6 7 8 9992 9993 9994 9995 9996 9997 9998 9999
0 2 3 4 5 6 7 8 9 9993 9994 9995 9996 9997 9998 9999
0 1 3 4 5 6 7 8 9 10 9994 9995 9996 9997 9998 9999
0 1 2 4 5 6 7 8 9 10 11 9995 9996 9997 9998 9999
0 1 2 3 5 6 7 8 9 10 11 12 9996 9997 9998 9999
0 1 2 3 4 6 7 8 9 10 11 12 13 9997 9998 9999
0 1 2 3 4 5 7 8 9 10 11 12 13 14 9998 9999
0 1 2 3 4 5 6 8 9 10 11 12 13 14 15 9999
0 1 2 3 4 5 6 7 9 10 11 12 13 14 15 16
1 2 3 4 5 6 7 8 10 11 12 13 14 15 16 17
2 3 4 5 6 7 8 9 11 12 13 14 15 16 17 18
3 4 5 6 7 8 9 10 12 13 14 15 16 17 18 19
4 5 6 7 8 9 10 11 13 14 15 16 17 18 19 20
5 6 7 8 9 10 11 12 14 15 16 17 18 19 20 21
6 7 8 9 10 11 12 13 15 16 17 18 19 20 21 22
7 8 9 10 11 12 13 14 16 17 18 19 20 21 22 23
8 9 10 11 12 13 14 15 17 18 19 20 21 22 23 24
9 10 11 12 13 14 15 16 18 19 20 21 22 23 24 25
10 11 12 13 14 15 16 17 19 20 21 22 23 24 25 26
11 12 13 14 15 16 17 18 20 21 22 23 24 25 26 27
12 13 14 15 16 17 18 19 21 22 23 24 25 26 27 28
13 14 15 16 17 18 19 20 22 23 24 25 26 27 28 29
14 15 16 17 18 19 20 21 23 24 25 26 27 28 29 30
15 16 17 18 19 20 21 22 24 25 26 27 28 29 30 31
16 17 18 19 20 21 22 23 25 26 27 28 29 30 31 32
17 18 19 20 21 22 23 24 26 27 28 29 30 31 32 33
18 19 20 21 22 23 24 25 27 28 29 30 31 32 33 34
19 20 21 22 23 24 25 26 28 29 30 31 32 33 34 35
20 21 22 23 24 25 26 27 29 30 31 32 33 34 35 36
21 22 23 24 25 26 27 28 30 31 32 33 34 35 36 37
22 23 24 25 26 27 28 29 31 32 33 34 35 36 37 38
23 24 25 26 27 28 29 30 32 33 34 35 36 37 38 39
24 25 26 27 28 29 30 31 33 34 35 36 37 38 39 40
25 26 27 28 29 30 31 32 34 35 36 37 38 39 40 41
26 27 28 29 30 31 32 33 35 36 37 38 39 40 41 42
27 28 29 30 31 32 33 34 36 37 38 39 40 41 42 43
28 29 30 31 32 33 34 35 37 38 39 40 41 42 43 44
29 30 31 32 33 34 35 36 38 39 40 41 42 43 44 45
30 31 32 33 34 35 36 37 39 40 41 42 43 44 45 46
31 32 33 34 35 36 37 38 40 41 42 43 44 45 46 47
32 33 34 35 36 37 38 39 41 42 43 44 45 46 47 48
33 34 35 36 37 38 39 40 42 43 44 45 46 47 48 49
34 35 36 37 38 39 40 41 43 44 45 46 47 48 49 50
35 36 37 38 39 40 41 42 44 45 46 47 48 49 50 51
36 37 38 39 40 41 42 43 45 46 47 48 49 50 51 52
37 38 39 40 41 42 43 44 46 47 48 49 50 51 52 53
38 39 40 41 42 43 44 45 47 48 49 50 51 52 53 54
39 40 41 42 43 44 45 46 48 49 50 51 52 53 54 55
40 41 42 43 44 45 46 47 49 50 51 52 53 54 55 56
41 42 43 44 45 46 47 48 50 51 52 53 54 55 56 57
42 43 44 45 46 47 48 49 51 52 53 54 55 56 57 58
43 44 45 46 47 48 49 50 52 53 54 55 56 57 58 59
44 45 46 47 48 49 50 51 53 54 55 56 57 58 59 60
45 46 47 48 49 50 51 52 54 55 56 57 58 59 60 61
46 47 48 49 50 51 52 53 55 56 57 58 59 60 61 62
47 48 49 50 51 52 53 54 56 57 58 59 60 61 62 63
48 49 50 51 52 53 54 55 57 58 59 60 61 62 63 64
49 50 51 52 53 54 55 56 58 59 60 61 62 63 64 65
50 51 52 53 54 55 56 57 59 60 61 62 63 64 65 66
51 52 53 54 55 56 57 58 60 61 62 63 64 65 66 67
52 53 54 55 56 57 58 59 61 62 63 64 65 66 67 68
53 54 55 56 57 58 59 60 62 63 64 65 66 67 68 69
54 55 56 57 58 59 60 61 63 64 65 66 67 68 69 70
55 56 57 58 59 60 61 62 64 65 66 67 68 69 70 71
56 57 58 59 60 61 62 63 65 66 67 68 69 70 71 72
57 58 59 60 61 62 63 64 66 67 68 69 70 71 72 73
58 59 60 61 62 63 64 65 67 68 69 70 71 72 73 74
59 60 61 62 63 64 65 66 68 69 70 71 72 73 74 75
60 61 62 63 64 65 66 67 69 70 71 72 73 74 75 76
61 62 63 64 65 66 67 68 70 71 72 73 74 75 76 77
62 63 64 65 66 67 68 69 71 72 73 74 75 76 77 78
63 64 65 66 67 68 69 70 72 73 74 75 76 77 78 79
64 65 66 67 68 69 70 71 73 74 75 76 77 78 79 80
65 66 67 68 69 70 71 72 74 75 76 77 78 79 80 81
66 67 68 69 70 71 72 73 75 76 77 78 79 80 81 82
67 68 69 70 71 72 73 74 76 77 78 79 80 81 82 83
68 69 70 71 72 73 74 75 77 78 79 80 81 82 83 84
69 70 71 72 73 74 75 76 78 79 80 81 82 83 84 85
70 71 72 73 74 75 76 77 79 80 81 82 83 84 85 86
71 72 73 74 75 76 77 78 80 81 82 83 84 85 86 87
72 73 74 75 76 77 78 79 81 82 83 84 85 86 87 88
73 74 75 76 77 78 79 80 82 83 84 85 86 87 88 89
74 75 76 77 78 79 80 81 83 84 85 86 87 88 89 90
75 76 77 78 79 80 81 82 84 85 86 87 88 89 90 91
76 77 78 79 80 81 82 83 85 86 87 88 89 90 91 92
77 78 79 80 81 82 83 84 86 87 88 89 90 91 92 93
78 79 80 81 82 83 84 85 87 88 89 90 91 92 93 94
79 80 81 82 83 84 85 86 88 89 90 91 92 93 94 95
80 81 82 83 84 85 86 87 89 90 91 92 93 94 95 96
81 82 83 84 85 86 87 88 90 91 92 93 94 95 96 97
82 83 84 85 86 87 88 89 91 92 93 94 95 96 97 98
83 84 85 86 87 88 89 90 92 93 94 95 96 97 98 99
84 85 86 87 88 89 90 91 93 94 95 96 97 98 99 100
85 86 87 88 89 90 91 92 94 95 96 97 98 99 100 101
86 87 88 89 90 91 92 93 95 96 97 98 99 100 101 102
87 88 89 90 91 92 93 94 96 97 98 99 100 101 102 103
88 89 90 91 92 93 94 95 97 98 99 100 101 102 103 104
89 90 91 92 93 94 95 96 98 99 100 101 102 103 104 105
90 91 92 93 94 95 96 97 99 100 101 102 103 104 105 106
91 92 93 94 95 96 97 98 100 101 102 103 104 105 106 107
92 93 94 95 96 97 98 99 101 102 103 104 105 106 107 108
93 94 95 96 97 98 99 100 102 103 104 105 106 107 108 109
94 95 96 97 98 99 100 101 103 104 105 106 107 108 109 110
95 96 97 98 99 100 101 102 104 105 106 107 108 109 110 111
96 97 98 99 100 101 102 103 105 106 107 108 109 110 111 112
97 98 99 100 101 102 103 104 106 107 108 109 110 111 112 113
98 99 100 101 102 103 104 105 107 108 109 110 111 112 113 114
99 100 101 102 103 104 105 106 108 109 110 111 112 113 114 115
100 101 102 103 104 105 106 107 109 110 111 112 113 114 115 116
101 102 103 104 105 106 107 108 110 111 112 113 114 115 116 117
102 103 104 105 106 107 108 109 111 112 113 114 115 116 117 118
103 104 105 106 107 108 109 110 112 113 114 115 116 117 118 119
104 105 106 107 108 109 110 111 113 114 115 116 117 118 119 120
105 106 107 108 109 110 111 112 114 115 116 117 118 119 120 121
106 107 108 109 110 111 112 113 115 116 117 118 119 120 121 122
107 108 109 110 111 112 113 114 116 117 118 119 120 121 122 123
108 109 110 111 112 113 114 115 117 118 119 120 121 122 123 124
109 110 111 112 113 114 115 116 118 119 120 121 122 123 124 125
110 111 112 113 114 115 116 117 119 120 121 122 123 124 125 126
111 112 113 114 115 116 117 118 120 121 122 123 124 125 126 127
112 113 114 115 116 117 118 119 121 122 123 124 125 126 127 128
113 114 115 116 117 118 119 120 122 123 124 125 126 127 128 129
114 115 116 117 118 119 120 121 123 124 125 126 127 128 129 130
115 116 117 118 119 120 121 122 124 125 126 127 128 129 130 131
116 117 118 119 120 121 122 123 125 126 127 128 129 130 131 132
117 118 119 120 121 122 123 124 126 127 128 129 130 131 132 133
118 119 120 121 122 123 124 125 127 128 129 130 131 132 133 134
119 120 121 122 123 124 125 126 128 129 130 131 132 133 134 135
120 121 122 123 124 125 126 127 129 130 131 132 133 134 135 136
121 122 123 124 125 126 127 128 130 131 132 133 134 135 136 137
122 123 124 125 126 127 128 129 131 132 133 134 135 136 137 138
123 124 125 126 127 128 129 130 132 133 134 135 136 137 138 139
124 125 126 127 128 129 130 131 133 134 135 136 137 138 139 140
125 126 127 128 129 130 131 132 134 135 136 137 138 139 140 141
126 127 128 129 130 131 132 133 135 136 137 138 139 140 141 142
127 128 129 130 131 132 133 134 136 137 138 139 140 141 142 143
128 129 130 131 132 133 134 135 137 138 139 140 141 142 143 144
129 130 131 132 133 134 135 136 138 139 140 141 142 143 144 145
130 131 132 133 134 135 136 137 139 140 141 142 143 144 145 146
131 132 133 134 135 136 137 138 140 141 142 143 144 145 146 147
132 133 134 135 136 137 138 139 141 142 143 144 145 146 147 148
133 134 135 136 137 138 139 140 142 143 144 145 146 147 148 149
134 135 136 137 138 139 140 141 143 144 145 146 147 148 149 150
135 136 137 138 139 140 141 142 144 145 146 147 148 149 150 151
136 137 138 139 140 141 142 143 145 146 147 148 149 150 151 152
137 138 139 140 141 142 143 144 146 147 148 149 150 151 152 153
138 139 140 141 142 143 144 145 147 148 149 150 151 152 153 154
139 140 141 142 143 144 145 146 148 149 150 151 152 153 154 155
140 141 142 143 144 145 146 147 149 150 151 152 153 154 155 156
141 142 143 144 145 146 147 148 150 151 152 153 154 155 156 157
142 143 144 145 146 147 148 149 151 152 153 154 155 156 157 158
143 144 145 146 147 148 149 150 152 153 154 155 156 157 158 159
144 145 146 147 148 149 150 151 153 154 155 156 157 158 159 160
145 146 147 148 149 150 151 152 154 155 156 157 158 159 160 161
146 147 148 149 150 151 152 153 155 156 157 158 159 160 161 162
147 148 149 150 151 152 153 154 156 157 158 159 160 161 162 163
148 149 150 151 152 153 154 155 157 158 159 160 161 162 163 164
149 150 151 152 153 154 155 156 158 159 160 161 162 163 164 165
150 151 152 153 154 155 156 157 159 160 161 162 163 164 165 166
151 152 153 154 155 156 157 158 160 161 162 163 164 165 166 167
152 153 154 155 156 157 158 159 161 162 163 164 165 166 167 168
153 154 155 156 157 158 159 160 162 163 164 165 166 167 168 169
154 155 156 157 158 159 160 161 163 164 165 166 167 168 169 170
155 156 157 158 159 160 161 162 164 165 166 167 168 169 170 171
156 157 158 159 160 161 162 163 165 166 167 168 169 170 171 172
157 158 159 160 161 162 163 164 166 167 168 169 170 171 172 173
158 159 160 161 162 163 164 165 167 168 169 170 171 172 173 174
159 160 161 162 163 164 165 166 168 169 170 171 172 173 174 175
160 161 162 163 164 165 166 167 169 170 171 172 173 174 175 176
161 162 163 164 165 166 167 168 170 171 172 173 174 175 176 177
162 163 164 165 166 167 168 169 171 172 173 174 175 176 177 178
163 164 165 166 167 168 169 170 172 173 174 175 176 177 178 179
164 165 166 167 168 169 170 171 173 174 175 176 177 178 179 180
165 166 167 168 169 170 171 172 174 175 176 177 178 179 180 181
166 167 168 169 170 171 172 173 175 176 177 178 179 180 181 182
167 168 169 170 171 172 173 174 176 177 178 179 180 181 182 183
168 169 170 171 172 173 174 175 177 178 179 180 181 182 183 184
169 170 171 172 173 174 175 176 178 179 180 181 182 183 184 185
170 171 172 173 174 175 176 177 179 180 181 182 183 184 185 186
171 172 173 174 175 176 177 178 180 181 182 183 184 185 186 187
172 173 174 175 176 177 178 179 181 182 183 184 185 186 187 188
173 174 175 176 177 178 179 180 182 183 184 185 186 187 188 189
174 175 176 177 178 179 180 181 183 184 185 186 187 188 189 190
175 176 177 178 179 180 181 182 184 185 186 187 188 189 190 191
176 177 178 179 180 181 182 183 185 186 187 188 189 190 191 192
177 178 179 180 181 182 183 184 186 187 188 189 190 191 192 193
178 179 180 181 182 183 184 185 187 188 189 190 191 192 193 194
179 180 181 182 183 184 185 186 188 189 190 191 192 193 194 195
180 181 182 183 184 185 186 187 189 190 191 192 193 194 195 196
181 182 183 184 185 186 187 188 190 191 192 193 194 195 196 197
182 183 184 185 186 187 188 189 191 192 193 194 195 196 197 198
183 184 185 186 187 188 189 190 192 193 194 195 196 197 198 199
184 185 186 187 188 189 190 191 193 194 195 196 197 198 199 200
185 186 187 188 189 190 191 192 194 195 196 197 198 199 200 201
186 187 188 189 190 191 192 193 195 196 197 198 199 200 201 202
187 188 189 190 191 192 193 194 196 197 198 199 200 201 202 203
188 189 190 191 192 193 194 195 197 198 199 200 201 202 203 204
189 190 191 192 193 194 195 196 198 199 200 201 202 203 204 205
190 191 192 193 194 195 196 197 199 200 201 202 203 204 205 206
191 192 193 194 195 196 197 198 200 201 202 203 204 205 206 207
192 193 194 195 196 197 198 199 201 202 203 204 205 206 207 208
193 194 195 196 197 198 199 200 202 203 204 205 206 207 208 209
194 195 196 197 198 199 200 201 203 204 205 206 207 208 209 210
195 196 197 198 199 200 201 202 204 205 206 207 208 209 210 211
196 197 198 199 200 201 202 203 205 206 207 208 209 210 211 212
197 198 199 200 201 202 203 204 206 207 208 209 210 211 212 213
198 199 200 201 202 203 204 205 207 208 209 210 211 212 213 214
199 200 201 202 203 204 205 206 208 209 210 211 212 213 214 215
200 201 202 203 204 205 206 207 209 210 211 212 213 214 215 216
201 202 203 204 205 206 207 208 210 211 212 213 214 215 216 217
202 203 204 205 206 207 208 209 211 212 213 214 215 216 217 218
203 204 205 206 207 208 209 210 212 213 214 215 216 217 218 219
204 205 206 207 208 209 210 211 213 214 215 216 217 218 219 220
205 206 207 208 209 210 211 212 214 215 216 217 218 219 220 221
206 207 208 209 210 211 212 213 215 216 217 218 219 220 221 222
207 208 209 210 211 212 213 214 216 217 218 219 220 221 222 223
208 209 210 211 212 213 214 215 217 218 219 220 221 222 223 224
209 210 211 212 213 214 215 216 218 219 220 221 222 223 224 225
210 211 212 213 214 215 216 217 219 220 221 222 223 224 225 226
211 212 213 214 215 216 217 218 220 221 222 223 224 225 226 227
212 213 214 215 216 217 218 219 221 222 223 224 225 226 227 228
213 214 215 216 217 218 219 220 222 223 224 225 226 227 228 229
214 215 216 217 218 219 220 221 223 224 225 226 227 228 229 230
215 216 217 218 219 220 221 222 224 225 226 227 228 229 230 231
216 217 218 219 220 221 222 223 225 226 227 228 229 230 231 232
217 218 219 220 221 222 223 224 226 227 228 229 230 231 232 233
218 219 220 221 222 223 224 225 227 228 229 230 231 232 233 234
219 220 221 222 223 224 225 226 228 229 230 231 232 233 234 235
220 221 222 223 224 225 226 227 229 230 231 232 233 234 235 236
221 222 223 224 225 226 227 228 230 231 232 233 234 235 236 237
222 223 224 225 226 227 228 229 231 232 233 234 235 236 237 238
223 224 225 226 227 228 229 230 232 233 234 235 236 237 238 239
224 225 226 227 228 229 230 231 233 234 235 236 237 238 239 240
225 226 227 228 229 230 231 232 234 235 236 237 238 239 240 241
226 227 228 229 230 231 232 233 235 236 237 238 239 240 241 242
227 228 229 230 231 232 233 234 236 237 238 239 240 241 242 243
228 229 230 231 232 233 234 235 237 238 239 240 241 242 243 244
229 230 231 232 233 234 235 236 238 239 240 241 242 243 244 245
230 231 232 233 234 235 236 237 239 240 241 242 243 244 245 246
231 232 233 234 235 236 237 238 240 241 242 243 244 245 246 247
232 233 234 235 236 237 238 239 241 242 243 244 245 246 247 248
233 234 235 236 237 238 239 240 242 243 244 245 246 247 248 249
234 235 236 237 238 239 240 241 243 244 245 246 247 248 249 250
235 236 237 238 239 240 241 242 244 245 246 247 248 249 250 251
236 237 238 239 240 241 242 243 245 246 247 248 249 250 251 252
237 238 239 240 241 242 243 244 246 247 248 249 250 251 252 253
238 239 240 241 242 243 244 245 247 248 249 250 251 252 253 254
239 240 241 242 243 244 245 246 248 249 250 251 252 253 254 255
240 241 242 243 244 245 246 247 249 250 251 252 253 254 255 256
241 242 243 244 245 246 247 248 250 251 252 253 254 255 256 257
242 243 244 245 246 247 248 249 251 252 253 254 255 256 257 258
243 244 245 246 247 248 249 250 252 253 254 255 256 257 258 259
244 245 246 247 248 249 250 251 253 254 255 256 257 258 259 260
245 246 247 248 249 250 251 252 254 255 256 257 258 259 260 261
246 247 248 249 250 251 252 253 255 256 257 258 259 260 261 262
247 248 249 250 251 252 253 254 256 257 258 259 260 261 262 263
248 249 250 251 252 253 254 255 257 258 259 260 261 262 263 264
249 250 251 252 253 254 255 256 258 259 260 261 262 263 264 265
250 251 252 253 254 255 256 257 259 260 261 262 263 264 265 266
251 252 253 254 255 256 257 258 260 261 262 263 264 265 266 267
252 253 254 255 256 257 258 259 261 262 263 264 265 266 267 268
253 254 255 256 257 258 259 260 262 263 264 265 266 267 268 269
254 255 256 257 258 259 260 261 263 264 265 266 267 268 269 270
255 256 257 258 259 260 261 262 264 265 266 267 268 269 270 271
256 257 258 259 260 261 262 263 265 266 267 268 269 270 271 272
257 258 259 260 261 262 263 264 266 267 268 269 270 271 272 273
258 259 260 261 262 263 264 265 267 268 269 270 271 272 273 274
259 260 261 262 263 264 265 266 268 269 270 271 272 273 274 275
260 261 262 263 264 265 266 267 269 270 271 272 273 274 275 276
261 262 263 264 265 266 267 268 270 271 272 273 274 275 276 277
262 263 264 265 266 267 268 269 271 272 273 274 275 276 277 278
263 264 265 266 267 268 269 270 272 273 274 275 276 277 278 279
264 265 266 267 268 269 270 271 273 274 275 276 277 278 279 280
265 266 267 268 269 270 271 272 274 275 276 277 278 279 280 281
266 267 268 269 270 271 272 273 275 276 277 278 279 280 281 282
267 268 269 270 271 272 273 274 276 277 278 279 280 281 282 283
268 269 270 271 272 273 274 275 277 278 279 280 281 282 283 284
269 270 271 272 273 274 275 276 278 279 280 281 282 283 284 285
270 271 272 273 274 275 276 277 279 280 281 282 283 284 285 286
271 272 273 274 275 276 277 278 280 281 282 283 284 285 286 287
272 273 274 275 276 277 278 279 281 282 283 284 285 286 287 288
273 274 275 276 277 278 279 280 282 283 284 285 286 287 288 289
274 275 276 277 278 279 280 281 283 284 285 286 287 288 289 290
275 276 277 278 279 280 281 282 284 285 286 287 288 289 290 291
276 277 278 279 280 281 282 283 285 286 287 288 289 290 291 292
277 278 279 280 281 282 283 284 286 287 288 289 290 291 292 293
278 279 280 281 282 283 284 285 287 288 289 290 291 292 293 294
279 280 281 282 283 284 285 286 288 289 290 291 292 293 294 295
280 281 282 283 284 285 286 287 289 290 291 292 293 294 295 296
281 282 283 284 285 286 287 288 290 291 292 293 294 295 296 297
282 283 284 285 286 287 288 289 291 292 293 294 295 296 297 298
283 284 285 286 287 288 289 290 292 293 294 295 296 297 298 299
284 285 286 287 288 289 290 291 293 294 295 296 297 298 299 300
285 286 287 288 289 290 291 292 294 295 296 297 298 299 300 301
286 287 288 289 290 291 292 293 295 296 297 298 299 300 301 302
287 288 289 290 291 292 293 294 296 297 298 299 300 301 302 303
288 289 290 291 292 293 294 295 297 298 299 300 301 302 303 304
289 290 291 292 293 294 295 296 298 299 300 301 302 303 304 305
290 291 292 293 294 295 296 297 299 300 301 302 303 304 305 306
291 292 293 294 295 296 297 298 300 301 302 303 304 305 306 307
292 293 294 295 296 297 298 299 301 302 303 304 305 306 307 308
293 294 295 296 297 298 299 300 302 303 304 305 306 307 308 309
294 295 296 297 298 299 300 301 303 304 305 306 307 308 309 310
295 296 297 298 299 300 301 302 304 305 306 307 308 309 310 311
296 297 298 299 300 301 302 303 305 306 307 308 309 310 311 312
297 298 299 300 301 302 303 304 306 307 308 309 310 311 312 313
298 299 300 301 302 303 304 305 307 308 309 310 311 312 313 314
299 300 301 302 303 304 305 306 308 309 310 311 312 313 314 315
300 301 302 303 304 305 306 307 309 310 311 312 313 314 315 316
301 302 303 304 305 306 307 308 310 311 312 313 314 315 316 317
302 303 304 305 306 307 308 309 311 312 313 314 315 316 317 318
303 304 305 306 307 308 309 310 312 313 314 315 316 317 318 319
304 305 306 307 308 309 310 311 313 314 315 316 317 318 319 320
305 306 307 308 309 310 311 312 314 315 316 317 318 319 320 321
306 307 308 309 310 311 312 313 315 316 317 318 319 320 321 322
307 308 309 310 311 312 313 314 316 317 318 319 320 321 322 323
308 309 310 311 312 313 314 315 317 318 319 320 321 322 323 324
309 310 311 312 313 314 315 316 318 319 320 321 322 323 324 325
310 311 312 313 314 315 316 317 319 320 321 322 323 324 325 326
311 312 313 314 315 316 317 318 320 321 322 323 324 325 326 327
312 313 314 315 316 317 318 319 321 322 323 324 325 326 327 328
313 314 315 316 317 318 319 320 322 323 324 325 326 327 328 329
314 315 316 317 318 319 320 321 323 324 325 326 327 328 329 330
315 316 317 318 319 320 321 322 324 325 326 327 328 329 330 331
316 317 318 319 320 321 322 323 325 326 327 328 329 330 331 332
317 318 319 320 321 322 323 324 326 327 328 329 330 331 332 333
318 319 320 321 322 323 324 325 327 328 329 330 331 332 333 334
319 320 321 322 323 324 325 326 328 329 330 331 332 333 334 335
320 321 322 323 324 325 326 327 329 330 331 332 333 334 335 336
321 322 323 324 325 326 327 328 330 331 332 333 334 335 336 337
322 323 324 325 326 327 328 329 331 332 333 334 335 336 337 338
323 324 325 326 327 328 329 330 332 333 334 335 336 337 338 339
324 325 326 327 328 329 330 331 333 334 335 336 337 338 339 340
325 326 327 328 329 330 331 332 334 335 336 337 338 339 340 341
326 327 328 329 330 331 332 333 335 336 337 338 339 340 341 342
327 328 329 330 331 332 333 334 336 337 338 339 340 341 342 343
328 329 330 331 332 333 334 335 337 338 339 340 341 342 343 344
329 330 331 332 333 334 335 336 338 339 340 341 342 343 344 345
330 331 332 333 334 335 336 337 339 340 341 342 343 344 345 346
331 332 333 334 335 336 337 338 340 341 342 343 344 345 346 347
332 333 334 335 336 337 338 339 341 342 343 344 345 346 347 348
333 334 335 336 337 338 339 340 342 343 344 345 346 347 348 349
334 335 336 337 338 339 340 341 343 344 345 346 347 348 349 350
335 336 337 338 339 340 341 342 344 345 346 347 348 349 350 351
336 337 338 339 340 341 342 343 345 346 347 348 349 350 351 352
337 338 339 340 341 342 343 344 346 347 348 349 350 351 352 353
338 339 340 341 342 343 344 345 347 348 349 350 351 352 353 354
339 340 341 342 343 344 345 346 348 349 350 351 352 353 354 355
340 341 342 343 344 345 346 347 349 350 351 352 353 354 355 356
341 342 343 344 345 346 347 348 350 351 352 353 354 355 356 357
342 343 344 345 346 347 348 349 351 352 353 354 355 356 357 358
343 344 345 346 347 348 349 350 352 353 354 355 356 357 358 359
344 345 346 347 348 349 350 351 353 354 355 356 357 358 359 360
345 346 347 348 349 350 351 352 354 355 356 357 358 359 360 361
346 347 348 349 350 351 352 353 355 356 357 358 359 360 361 362
347 348 349 350 351 352 353 354 356 357 358 359 360 361 362 363
348 349 350 351 352 353 354 355 357 358 359 360 361 362 363 364
349 350 351 352 353 354 355 356 358 359 360 361 362 363 364 365
350 351 352 353 354 355 356 357 359 360 361 362 363 364 365 366
351 352 353 354 355 356 357 358 360 361 362 363 364 365 366 367
352 353 354 355 356 357 358 359 361 362 363 364 365 366 367 368
353 354 355 356 357 358 359 360 362 363 364 365 366 367 368 369
354 355 356 357 358 359 360 361 363 364 365 366 367 368 369 370
355 356 357 358 359 360 361 362 364 365 366 367 368 369 370 371
356 357 358 359 360 361 362 363 365 366 367 368 369 370 371 372
357 358 359 360 361 362 363 364 366 367 368 369 370 371 372 373
358 359 360 361 362 363 364 365 367 368 369 370 371 372 373 374
359 360 361 362 363 364 365 366 368 369 370 371 372 373 374 375
360 361 362 363 364 365 366 367 369 370 371 372 373 374 375 376
361 362 363 364 365 366 367 368 370 371 372 373 374 375 376 377
362 363 364 365 366 367 368 369 371 372 373 374 375 376 377 378
363 364 365 366 367 368 369 370 372 373 374 375 376 377 378 379
364 365 366 367 368 369 370 371 373 374 375 376 377 378 379 380
365 366 367 368 369 370 371 372 374 375 376 377 378 379 380 381
366 367 368 369 370 371 372 373 375 376 377 378 379 380 381 382
367 368 369 370 371 372 373 374 376 377 378 379 380 381 382 383
368 369 370 371 372 373 374 375 377 378 379 380 381 382 383 384
369 370 371 372 373 374 375 376 378 379 380 381 382 383 384 385
370 371 372 373 374 375 376 377 379 380 381 382 383 384 385 386
371 372 373 374 375 376 377 378 380 381 382 383 384 385 386 387
372 373 374 375 376 377 378 379 381 382 383 384 385 386 387 388
373 374 375 376 377 378 379 380 382 383 384 385 386 387 388 389
374 375 376 377 378 379 380 381 383 384 385 386 387 388 389 390
375 376 377 378 379 380 381 382 384 385 386 387 388 389 390 391
376 377 378 379 380 381 382 383 385 386 387 388 389 390 391 392
377 378 379 380 381 382 383 384 386 387 388 389 390 391 392 393
378 379 380 381 382 383 384 385 387 388 389 390 391 392 393 394
379 380 381 382 383 384 385 386 388 389 390 391 392 393 394 395
380 381 382 383 384 385 386 387 389 390 391 392 393 394 395 396
381 382 383 384 385 386 387 388 390 391 392 393 394 395 396 397
382 383 384 385 386 387 388 389 391 392 393 394 395 396 397 398
383 384 385 386 387 388 389 390 392 393 394 395 396 397 398 399
384 385 386 387 388 389 390 391 393 394 395 396 397 398 399 400
385 386 387 388 389 390 391 392 394 395 396 397 398 399 400 401
386 387 388 389 390 391 392 393 395 396 397 398 399 400 401 402
387 388 389 390 391 392 393 394 396 397 398 399 400 401 402 403
388 389 390 391 392 393 394 395 397 398 399 400 401 402 403 404
389 390 391 392 393 394 395 396 398 399 400 401 402 403 404 405
390 391 392 393 394 395 396 397 399 400 401 402 403 404 405 406
391 392 393 394 395 396 397 398 400 401 402 403 404 405 406 407
392 393 394 395 396 397 398 399 401 402 403 404 405 406 407 408
393 394 395 396 397 398 399 400 402 403 404 405 406 407 408 409
394 395 396 397 398 399 400 401 403 404 405 406 407 408 409 410
395 396 397 398 399 400 401 402 404 405 406 407 408 409 410 411
396 397 398 399 400 401 402 403 405 406 407 408 409 410 411 412
397 398 399 400 401 402 403 404 406 407 408 409 410 411 412 413
398 399 400 401 402 403 404 405 407 408 409 410 411 412 413 414
399 400 401 402 403 404 405 406 408 409 410 411 412 413 414 415
400 401 402 403 404 405 406 407 409 410 411 412 413 414 415 416
401 402 403 404 405 406 407 408 410 411 412 413 414 415 416 417
402 403 404 405 406 407 408 409 411 412 413 414 415 416 417 418
403 404 405 406 407 408 409 410 412 413 414 415 416 417 418 419
404 405 406 407 408 409 410 411 413 414 415 416 417 418 419 420
405 406 407 408 409 410 411 412 414 415 416 417 418 419 420 421
406 407 408 409 410 411 412 413 415 416 417 418 419 420 421 422
407 408 409 410 411 412 413 414 416 417 418 419 420 421 422 423
408 409 410 411 412 413 414 415 417 418 419 420 421 422 423 424
409 410 411 412 413 414 415 416 418 419 420 421 422 423 424 425
410 411 412 413 414 415 416 417 419 420 421 422 423 424 425 426
411 412 413 414 415 416 417 418 420 421 422 423 424 425 426 427
412 413 414 415 416 417 418 419 421 422 423 424 425 426 427 428
413 414 415 416 417 418 419 420 422 423 424 425 426 427 428 429
414 415 416 417 418 419 420 421 423 424 425 426 427 428 429 430
415 416 417 418 419 420 421 422 424 425 426 427 428 429 430 431
416 417 418 419 420 421 422 423 425 426 427 428 429 430 431 432
417 418 419 420 421 422 423 424 426 427 428 429 430 431 432 433
418 419 420 421 422 423 424 425 427 428 429 430 431 432 433 434
419 420 421 422 423 424 425 426 428 429 430 431 432 433 434 435
420 421 422 423 424 425 426 427 429 430 431 432 433 434 435 436
421 422 423 424 425 426 427 428 430 431 432 433 434 435 436 437
422 423 424 425 426 427 428 429 431 432 433 434 435 436 437 438
423 424 425 426 427 428 429 430 432 433 434 435 436 437 438 439
424 425 426 427 428 429 430 431 433 434 435 436 437 438 439 440
425 426 427 428 429 430 431 432 434 435 436 437 438 439 440 441
426 427 428 429 430 431 432 433 435 436 437 438 439 440 441 442
427 428 429 430 431 432 433 434 436 437 438 439 440 441 442 443
428 429 430 431 432 433 434 435 437 438 439 440 441 442 443 444
429 430 431 432 433 434 435 436 438 439 440 441 442 443 444 445
430 431 432 433 434 435 436 437 439 440 441 442 443 444 445 446
431 432 433 434 435 436 437 438 440 441 442 443 444 445 446 447
432 433 434 435 436 437 438 439 441 442 443 444 445 446 447 448
433 434 435 436 437 438 439 440 442 443 444 445 446 447 448 449
434 435 436 437 438 439 440 441 443 444 445 446 447 448 449 450
435 436 437 438 439 440 441 442 444 445 446 447 448 449 450 451
436 437 438 439 440 441 442 443 445 446 447 448 449 450 451 452
437 438 439 440 441 442 443 444 446 447 448 449 450 451 452 453
438 439 440 441 442 443 444 445 447 448 449 450 451 452 453 454
439 440 441 442 443 444 445 446 448 449 450 451 452 453 454 455
440 441 442 443 444 445 446 447 449 450 451 452 453 454 455 456
441 442 443 444 445 446 447 448 450 451 452 453 454 455 456 457
442 443 444 445 446 447 448 449 451 452 453 454 455 456 457 458
443 444 445 446 447 448 449 450 452 453 454 455 456 457 458 459
444 445 446 447 448 449 450 451 453 454 455 456 457 458 459 460
445 446 447 448 449 450 451 452 454 455 456 457 458 459 460 461
446 447 448 449 450 451 452 453 455 456 457 458 459 460 461 462
447 448 449 450 451 452 453 454 456 457 458 459 460 461 462 463
448 449 450 451 452 453 454 455 457 458 459 460 461 462 463 464
449 450 451 452 453 454 455 456 458 459 460 461 462 463 464 465
450 451 452 453 454 455 456 457 459 460 461 462 463 464 465 466
451 452 453 454 455 456 457 458 460 461 462 463 464 465 466 467
452 453 454 455 456 457 458 459 461 462 463 464 465 466 467 468
453 454 455 456 457 458 459 460 462 463 464 465 466 467 468 469
454 455 456 457 458 459 460 461 463 464 465 466 467 468 469 470
455 456 457 458 459 460 461 462 464 465 466 467 468 469 470 471
456 457 458 459 460 461 462 463 465 466 467 468 469 470 471 472
457 458 459 460 461 462 463 464 466 467 468 469 470 471 472 473
458 459 460 461 462 463 464 465 467 468 469 470 471 472 473 474
459 460 461 462 463 464 465 466 468 469 470 471 472 473 474 475
460 461 462 463 464 465 466 467 469 470 471 472 473 474 475 476
461 462 463 464 465 466 467 468 470 471 472 473 474 475 476 477
462 463 464 465 466 467 468 469 471 472 473 474 475 476 477 478
463 464 465 466 467 468 469 470 472 473 474 475 476 477 478 479
464 465 466 467 468 469 470 471 473 474 475 476 477 478 479 480
465 466 467 468 469 470 471 472 474 475 476 477 478 479 480 481
466 467 468 469 470 471 472 473 475 476 477 478 479 480 481 482
467 468 469 470 471 472 473 474 476 477 478 479 480 481 482 483
468 469 470 471 472 473 474 475 477 478 479 480 481 482 483 484
469 470 471 472 473 474 475 476 478 479 480 481 482 483 484 485
470 471 472 473 474 475 476 477 479 480 481 482 483 484 485 486
471 472 473 474 475 476 477 478 480 481 482 483 484 485 486 487
472 473 474 475 476 477 478 479 481 482 483 484 485 486 487 488
473 474 475 476 477 478 479 480 482 483 484 485 486 487 488 489
474 475 476 477 478 479 480 481 483 484 485 486 487 488 489 490
475 476 477 478 479 480 481 482 484 485 486 487 488 489 490 491
476 477 478 479 480 481 482 483 485 486 487 488 489 490 491 492
477 478 479 480 481 482 483 484 486 487 488 489 490 491 492 493
478 479 480 481 482 483 484 485 487 488 489 490 491 492 493 494
479 480 481 482 483 484 485 486 488 489 490 491 492 493 494 495
480 481 482 483 484 485 486 487 489 490 491 492 493 494 495 496
481 482 483 484 485 486 487 488 490 491 492 493 494 495 496 497
482 483 484 485 486 487 488 489 491 492 493 494 495 496 497 498
483 484 485 486 487 488 489 490 492 493 494 495 496 497 498 499
484 485 486 487 488 489 490 491 493 494 495 496 497 498 499 500
485 486 487 488 489 490 491 492 494 495 496 497 498 499 500 501
486 487 488 489 490 491 492 493 495 496 497 498 499 500 501 502
487 488 489 490 491 492 493 494 496 497 498 499 500 501 502 503
488 489 490 491 492 493 494 495 497 498 499 500 501 502 503 504
489 490 491 492 493 494 495 496 498 499 500 501 502 503 504 505
490 491 492 493 494 495 496 497 499 500 501 502 503 504 505 506
491 492 493 494 495 496 497 498 500 501 502 503 504 505 506 507
492 493 494 495 496 497 498 499 501 502 503 504 505 506 507 508
493 494 495 496 497 498 499 500 502 503 504 505 506 507 508 509
494 495 496 497 498 499 500 501 503 504 505 506 507 508 509 510
495 496 497 498 499 500 501 502 504 505 506 507 508 509 510 511
496 497 498 499 500 501 502 503 505 506 507 508 509 510 511 512
497 498 499 500 501 502 503 504 506 507 508 509 510 511 512 513
498 499 500 501 502 503 504 505 507 508 509 510 511 512 513 514
499 500 501 502 503 504 505 506 508 509 510 511 512 513 514 515
500 501 502 503 504 505 506 507 509 510 511 512 513 514 515 516
501 502 503 504 505 506 507 508 510 511 512 513 514 515 516 517
502 503 504 505 506 507 508 509 511 512 513 514 515 516 517 518
503 504 505 506 507 508 509 510 512 513 514 515 516 517 518 519
504 505 506 507 508 509 510 511 513 514 515 516 517 518 519 520
505 506 507 508 509 510 511 512 514 515 516 517 518 519 520 521
506 507 508 509 510 511 512 513 515 516 517 518 519 520 521 522
507 508 509 510 511 512 513 514 516 517 518 519 520 521 522 523
508 509 510 511 512 513 514 515 517 518 519 520 521 522 523 524
509 510 511 512 513 514 515 516 518 519 520 521 522 523 524 525
510 511 512 513 514 515 516 517 519 520 521 522 523 524 525 526
511 512 513 514 515 516 517 518 520 521 522 523 524 525 526 527
512 513 514 515 516 517 518 519 521 522 523 524 525 526 527 528
513 514 515 516 517 518 519 520 522 523 524 525 526 527 528 529
514 515 516 517 518 519 520 521 523 524 525 526 527 528 529 530
515 516 517 518 519 520 521 522 524 525 526 527 528 529 530 531
516 517 518 519 520 521 522 523 525 526 527 528 529 530 531 532
517 518 519 520 521 522 523 524 526 527 528 529 530 531 532 533
518 519 520 521 522 523 524 525 527 528 529 530 531 532 533 534
519 520 521 522 523 524 525 526 528 529 530 531 532 533 534 535
520 521 522 523 524 525 526 527 529 530 531 532 533 534 535 536
521 522 523 524 525 526 527 528 530 531 532 533 534 535 536 537
522 523 524 525 526 527 528 529 531 532 533 534 535 536 537 538
523 524 525 526 527 528 529 530 532 533 534 535 536 537 538 539
524 525 526 527 528 529 530 531 533 534 535 536 537 538 539 540
525 526 527 528 529 530 531 532 534 535 536 537 538 539 540 541
526 527 528 529 530 531 532 533 535 536 537 538 539 540 541 542
527 528 529 530 531 532 533 534 536 537 538 539 540 541 542 543
528 529 530 531 532 533 534 535 537 538 539 540 541 542 543 544
529 530 531 532 533 534 535 536 538 539 540 541 542 543 544 545
530 531 532 533 534 535 536 537 539 540 541 542 543 544 545 546
531 532 533 534 535 536 537 538 540 541 542 543 544 545 546 547
532 533 534 535 536 537 538 539 541 542 543 544 545 546 547 548
533 534 535 536 537 538 539 540 542 543 544 545 546 547 548 549
534 535 536 537 538 539 540 541 543 544 545 546 547 548 549 550
535 536 537 538 539 540 541 542 544 545 546 547 548 549 550 551
536 537 538 539 540 541 542 543 545 546 547 548 549 550 551 552
537 538 539 540 541 542 543 544 546 547 548 549 550 551 552 553
538 539 540 541 542 543 544 545 547 548 549 550 551 552 553 554
539 540 541 542 543 544 545 546 548 549 550 551 552 553 554 555
540 541 542 543 544 545 546 547 549 550 551 552 553 554 555 556
541 542 543 544 545 546 547 548 550 551 552 553 554 555 556 557
542 543 544 545 546 547 548 549 551 552 553 554 555 556 557 558
543 544 545 546 547 548 549 550 552 553 554 555 556 557 558 559
544 545 546 547 548 549 550 551 553 554 555 556 557 558 559 560
545 546 547 548 549 550 551 552 554 555 556 557 558 559 560 561
546 547 548 549 550 551 552 553 555 556 557 558 559 560 561 562
547 548 549 550 551 552 553 554 556 557 558 559 560 561 562 563
548 549 550 551 552 553 554 555 557 558 559 560 561 562 563 564
549 550 551 552 553 554 555 556 558 559 560 561 562 563 564 565
550 551 552 553 554 555 556 557 559 560 561 562 563 564 565 566
551 552 553 554 555 556 557 558 560 561 562 563 564 565 566 567
552 553 554 555 556 557 558 559 561 562 563 564 565 566 567 568
553 554 555 556 557 558 559 560 562 563 564 565 566 567 568 569
554 555 556 557 558 559 560 561 563 564 565 566 567 568 569 570
555 556 557 558 559 560 561 562 564 565 566 567 568 569 570 571
556 557 558 559 560 561 562 563 565 566 567 568 569 570 571 572
557 558 559 560 561 562 563 564 566 567 568 569 570 571 572 573
558 559 560 561 562 563 564 565 567 568 569 570 571 572 573 574
559 560 561 562 563 564 565 566 568 569 570 571 572 573 574 575
560 561 562 563 564 565 566 567 569 570 571 572 573 574 575 576
561 562 563 564 565 566 567 568 570 571 572 573 574 575 576 577
562 563 564 565 566 567 568 569 571 572 573 574 575 576 577 578
563 564 565 566 567 568 569 570 572 573 574 575 576 577 578 579
564 565 566 567 568 569 570 571 573 574 575 576 577 578 579 580
565 566 567 568 569 570 571 572 574 575 576 577 578 579 580 581
566 567 568 569 570 571 572 573 575 576 577 578 579 580 581 582
567 568 569 570 571 572 573 574 576 577 578 579 580 581 582 583
568 569 570 571 572 573 574 575 577 578 579 580 581 582 583 584
569 570 571 572 573 574 575 576 578 579 580 581 582 583 584 585
570 571 572 573 574 575 576 577 579 580 581 582 583 584 585 586
571 572 573 574 575 576 577 578 580 581 582 583 584 585 586 587
572 573 574 575 576 577 578 579 581 582 583 584 585 586 587 588
573 574 575 576 577 578 579 580 582 583 584 585 586 587 588 589
574 575 576 577 578 579 580 581 583 584 585 586 587 588 589 590
575 576 577 578 579 580 581 582 584 585 586 587 588 589 590 591
576 577 578 579 580 581 582 583 585 586 587 588 589 590 591 592
577 578 579 580 581 582 583 584 586 587 588 589 590 591 592 593
578 579 580 581 582 583 584 585 587 588 589 590 591 592 593 594
579 580 581 582 583 584 585 586 588 589 590 591 592 593 594 595
580 581 582 583 584 585 586 587 589 590 591 592 593 594 595 596
581 582 583 584 585 586 587 588 590 591 592 593 594 595 596 597
582 583 584 585 586 587 588 589 591 592 593 594 595 596 597 598
583 584 585 586 587 588 589 590 592 593 594 595 596 597 598 599
584 585 586 587 588 589 590 591 593 594 595 596 597 598 599 600
585 586 587 588 589 590 591 592 594 595 596 597 598 599 600 601
586 587 588 589 590 591 592 593 595 596 597 598 599 600 601 602
587 588 589 590 591 592 593 594 596 597 598 599 600 601 602 603
588 589 590 591 592 593 594 595 597 598 599 600 601 602 603 604
589 590 591 592 593 594 595 596 598 599 600 601 602 603 604 605
590 591 592 593 594 595 596 597 599 600 601 602 603 604 605 606
591 592 593 594 595 596 597 598 600 601 602 603 604 605 606 607
592 593 594 595 596 597 598 599 601 602 603 604 605 606 607 608
593 594 595 596 597 598 599 600 602 603 604 605 606 607 608 609
594 595 596 597 598 599 600 601 603 604 605 606 607 608 609 610
595 596 597 598 599 600 601 602 604 605 606 607 608 609 610 611
596 597 598 599 600 601 602 603 605 606 607 608 609 610 611 612
597 598 599 600 601 602 603 604 606 607 608 609 610 611 612 613
598 599 600 601 602 603 604 605 607 608 609 610 611 612 613 614
599 600 601 602 603 604 605 606 608 609 610 611 612 613 614 615
600 601 602 603 604 605 606 607 609 610 611 612 613 614 615 616
601 602 603 604 605 606 607 608 610 611 612 613 614 615 616 617
602 603 604 605 606 607 608 609 611 612 613 614 615 616 617 618
603 604 605 606 607 608 609 610 612 613 614 615 616 617 618 619
604 605 606 607 608 609 610 611 613 614 615 616 617 618 619 620
605 606 607 608 609 610 611 612 614 615 616 617 618 619 620 621
606 607 608 609 610 611 612 613 615 616 617 618 619 620 621 622
607 608 609 610 611 612 613 614 616 617 618 619 620 621 622 623
608 609 610 611 612 613 614 615 617 618 619 620 621 622 623 624
609 610 611 612 613 614 615 616 618 619 620 621 622 623 624 625
610 611 612 613 614 615 616 617 619 620 621 622 623 624 625 626
611 612 613 614 615 616 617 618 620 621 622 623 624 625 626 627
612 613 614 615 616 617 618 619 621 622 623 624 625 626 627 628
613 614 615 616 617 618 619 620 622 623 624 625 626 627 628 629
614 615 616 617 618 619 620 621 623 624 625 626 627 628 629 630
615 616 617 618 619 620 621 622 624 625 626 627 628 629 630 631
616 617 618 619 620 621 622 623 625 626 627 628 629 630 631 632
617 618 619 620 621 622 623 624 626 627 628 629 630 631 632 633
618 619 620 621 622 623 624 625 627 628 629 630 631 632 633 634
619 620 621 622 623 624 625 626 628 629 630 631 632 633 634 635
620 621 622 623 624 625 626 627 629 630 631 632 633 634 635 636
621 622 623 624 625 626 627 628 630 631 632 633 634 635 636 637
622 623 624 625 626 627 628 629 631 632 633 634 635 636 637 638
623 624 625 626 627 628 629 630 632 633 634 635 636 637 638 639
624 625 626 627 628 629 630 631 633 634 635 636 637 638 639 640
625 626 627 628 629 630 631 632 634 635 636 637 638 639 640 641
626 627 628 629 630 631 632 633 635 636 637 638 639 640 641 642
627 628 629 630 631 632 633 634 636 637 638 639 640 641 642 643
628 629 630 631 632 633 634 635 637 638 639 640 641 642 643 644
629 630 631 632 633 634 635 636 638 639 640 641 642 643 644 645
630 631 632 633 634 635 636 637 639 640 641 642 643 644 645 646
631 632 633 634 635 636 637 638 640 641 642 643 644 645 646 647
632 633 634 635 636 637 638 639 641 642 643 644 645 646 647 648
633 634 635 636 637 638 639 640 642 643 644 645 646 647 648 649
634 635 636 637 638 639 640 641 643 644 645 646 647 648 649 650
635 636 637 638 639 640 641 642 644 645 646 647 648 649 650 651
636 637 638 639 640 641 642 643 645 646 647 648 649 650 651 652
637 638 639 640 641 642 643 644 646 647 648 649 650 651 652 653
638 639 640 641 642 643 644 645 647 648 649 650 651 652 653 654
639 640 641 642 643 644 645 646 648 649 650 651 652 653 654 655
640 641 642 643 644 645 646 647 649 650 651 652 653 654 655 656
641 642 643 644 645 646 647 648 650 651 652 653 654 655 656 657
642 643 644 645 646 647 648 649 651 652 653 654 655 656 657 658
643 644 645 646 647 648 649 650 652 653 654 655 656 657 658 659
644 645 646 647 648 649 650 651 653 654 655 656 657 658 659 660
645 646 647 648 649 650 651 652 654 655 656 657 658 659 660 661
646 647 648 649 650 651 652 653 655 656 657 658 659 660 661 662
647 648 649 650 651 652 653 654 656 657 658 659 660 661 662 663
648 649 650 651 652 653 654 655 657 658 659 660 661 662 663 664
649 650 651 652 653 654 655 656 658 659 660 661 662 663 664 665
650 651 652 653 654 655 656 657 659 660 661 662 663 664 665 666
651 652 653 654 655 656 657 658 660 661 662 663 664 665 666 667
652 653 654 655 656 657 658 659 661 662 663 664 665 666 667 668
653 654 655 656 657 658 659 660 662 663 664 665 666 667 668 669
654 655 656 657 658 659 660 661 663 664 665 666 667 668 669 670
655 656 657 658 659 660 661 662 664 665 666 667 668 669 670 671
656 657 658 659 660 661 662 663 665 666 667 668 669 670 671 672
657 658 659 660 661 662 663 664 666 667 668 669 670 671 672 673
658 659 660 661 662 663 664 665 667 668 669 670 671 672 673 674
659 660 661 662 663 664 665 666 668 669 670 671 672 673 674 675
660 661 662 663 664 665 666 667 669 670 671 672 673 674 675 676
661 662 663 664 665 666 667 668 670 671 672 673 674 675 676 677
662 663 664 665 666 667 668 669 671 672 673 674 675 676 677 678
663 664 665 666 667 668 669 670 672 673 674 675 676 677 678 679
664 665 666 667 668 669 670 671 673 674 675 676 677 678 679 680
665 666 667 668 669 670 671 672 674 675 676 677 678 679 680 681
666 667 668 669 670 671 672 673 675 676 677 678 679 680 681 682
667 668 669 670 671 672 673 674 676 677 678 679 680 681 682 683
668 669 670 671 672 673 674 675 677 678 679 680 681 682 683 684
669 670 671 672 673 674 675 676 678 679 680 681 682 683 684 685
670 671 672 673 674 675 676 677 679 680 681 682 683 684 685 686
671 672 673 674 675 676 677 678 680 681 682 683 684 685 686 687
672 673 674 675 676 677 678 679 681 682 683 684 685 686 687 688
673 674 675 676 677 678 679 680 682 683 684 685 686 687 688 689
674 675 676 677 678 679 680 681 683 684 685 686 687 688 689 690
675 676 677 678 679 680 681 682 684 685 686 687 688 689 690 691
676 677 678 679 680 681 682 683 685 686 687 688 689 690 691 692
677 678 679 680 681 682 683 684 686 687 688 689 690 691 692 693
678 679 680 681 682 683 684 685 687 688 689 690 691 692 693 694
679 680 681 682 683 684 685 686 688 689 690 691 692 693 694 695
680 681 682 683 684 685 686 687 689 690 691 692 693 694 695 696
681 682 683 684 685 686 687 688 690 691 692 693 694 695 696 697
682 683 684 685 686 687 688 689 691 692 693 694 695 696 697 698
683 684 685 686 687 688 689 690 692 693 694 695 696 697 698 699
684 685 686 687 688 689 690 691 693 694 695 696 697 698 699 700
685 686 687 688 689 690 691 692 694 695 696 697 698 699 700 701
686 687 688 689 690 691 692 693 695 696 697 698 699 700 701 702
687 688 689 690 691 692 693 694 696 697 698 699 700 701 702 703
688 689 690 691 692 693 694 695 697 698 699 700 701 702 703 704
689 690 691 692 693 694 695 696 698 699 700 701 702 703 704 705
690 691 692 693 694 695 696 697 699 700 701 702 703 704 705 706
691 692 693 694 695 696 697 698 700 701 702 703 704 705 706 707
692 693 694 695 696 697 698 699 701 702 703 704 705 706 707 708
693 694 695 696 697 698 699 700 702 703 704 705 706 707 708 709
694 695 696 697 698 699 700 701 703 704 705 706 707 708 709 710
695 696 697 698 699 700 701 702 704 705 706 707 708 709 710 711
696 697 698 699 700 701 702 703 705 706 707 708 709 710 711 712
697 698 699 700 701 702 703 704 706 707 708 709 710 711 712 713
698 699 700 701 702 703 704 705 707 708 709 710 711 712 713 714
699 700 701 702 703 704 705 706 708 709 710 711 712 713 714 715
700 701 702 703 704 705 706 707 709 710 711 712 713 714 715 716
701 702 703 704 705 706 707 708 710 711 712 713 714 715 716 717
702 703 704 705 706 707 708 709 711 712 713 714 715 716 717 718
703 704 705 706 707 708 709 710 712 713 714 715 716 717 718 719
704 705 706 707 708 709 710 711 713 714 715 716 717 718 719 720
705 706 707 708 709 710 711 712 714 715 716 717 718 719 720 721
706 707 708 709 710 711 712 713 715 716 717 718 719 720 721 722
707 708 709 710 711 712 713 714 716 717 718 719 720 721 722 723
708 709 710 711 712 713 714 715 717 718 719 720 721 722 723 724
709 710 711 712 713 714 715 716 718 719 720 721 722 723 724 725
710 711 712 713 714 715 716 717 719 720 721 722 723 724 725 726
711 712 713 714 715 716 717 718 720 721 722 723 724 725 726 727
712 713 714 715 716 717 718 719 721 722 723 724 725 726 727 728
713 714 715 716 717 718 719 720 722 723 724 725 726 727 728 729
714 715 716 717 718 719 720 721 723 724 725 726 727 728 729 730
715 716 717 718 719 720 721 722 724 725 726 727 728 729 730 731
716 717 718 719 720 721 722 723 725 726 727 728 729 730 731 732
717 718 719 720 721 722 723 724 726 727 728 729 730 731 732 733
718 719 720 721 722 723 724 725 727 728 729 730 731 732 733 734
719 720 721 722 723 724 725 726 728 729 730 731 732 733 734 735
720 721 722 723 724 725 726 727 729 730 731 732 733 734 735 736
721 722 723 724 725 726 727 728 730 731 732 733 734 735 736 737
722 723 724 725 726 727 728 729 731 732 733 734 735 736 737 738
723 724 725 726 727 728 729 730 732 733 734 735 736 737 738 739
724 725 726 727 728 729 730 731 733 734 735 736 737 738 739 740
725 726 727 728 729 730 731 732 734 735 736 737 738 739 740 741
726 727 728 729 730 731 732 733 735 736 737 738 739 740 741 742
727 728 729 730 731 732 733 734 736 737 738 739 740 741 742 743
728 729 730 731 732 733 734 735 737 738 739 740 741 742 743 744
729 730 731 732 733 734 735 736 738 739 740 741 742 743 744 745
730 731 732 733 734 735 736 737 739 740 741 742 743 744 745 746
731 732 733 734 735 736 737 738 740 741 742 743 744 745 746 747
732 733 734 735 736 737 738 739 741 742 743 744 745 746 747 748
733 734 735 736 737 738 739 740 742 743 744 745 746 747 748 749
734 735 736 737 738 739 740 741 743 744 745 746 747 748 749 750
735 736 737 738 739 740 741 742 744 745 746 747 748 749 750 751
736 737 738 739 740 741 742 743 745 746 747 748 749 750 751 752
737 738 739 740 741 742 743 744 746 747 748 749 750 751 752 753
738 739 740 741 742 743 744 745 747 748 749 750 751 752 753 754
739 740 741 742 743 744 745 746 748 749 750 751 752 753 754 755
740 741 742 743 744 745 746 747 749 750 751 752 753 754 755 756
741 742 743 744 745 746 747 748 750 751 752 753 754 755 756 757
742 743 744 745 746 747 748 749 751 752 753 754 755 756 757 758
743 744 745 746 747 748 749 750 752 753 754 755 756 757 758 759
744 745 746 747 748 749 750 751 753 754 755 756 757 758 759 760
745 746 747 748 749 750 751 752 754 755 756 757 758 759 760 761
746 747 748 749 750 751 752 753 755 756 757 758 759 760 761 762
747 748 749 750 751 752 753 754 756 757 758 759 760 761 762 763
748 749 750 751 752 753 754 755 757 758 759 760 761 762 763 764
749 750 751 752 753 754 755 756 758 759 760 761 762 763 764 765
750 751 752 753 754 755 756 757 759 760 761 762 763 764 765 766
751 752 753 754 755 756 757 758 760 761 762 763 764 765 766 767
752 753 754 755 756 757 758 759 761 762 763 764 765 766 767 768
753 754 755 756 757 758 759 760 762 763 764 765 766 767 768 769
754 755 756 757 758 759 760 761 763 764 765 766 767 768 769 770
755 756 757 758 759 760 761 762 764 765 766 767 768 769 770 771
756 757 758 759 760 761 762 763 765 766 767 768 769 770 771 772
757 758 759 760 761 762 763 764 766 767 768 769 770 771 772 773
758 759 760 761 762 763 764 765 767 768 769 770 771 772 773 774
759 760 761 762 763 764 765 766 768 769 770 771 772 773 774 775
760 761 762 763 764 765 766 767 769 770 771 772 773 774 775 776
761 762 763 764 765 766 767 768 770 771 772 773 774 775 776 777
762 763 764 765 766 767 768 769 771 772 773 774 775 776 777 778
763 764 765 766 767 768 769 770 772 773 774 775 776 777 778 779
764 765 766 767 768 769 770 771 773 774 775 776 777 778 779 780
765 766 767 768 769 770 771 772 774 775 776 777 778 779 780 781
766 767 768 769 770 771 772 773 775 776 777 778 779 780 781 782
767 768 769 770 771 772 773 774 776 777 778 779 780 781 782 783
768 769 770 771 772 773 774 775 777 778 779 780 781 782 783 784
769 770 771 772 773 774 775 776 778 779 780 781 782 783 784 785
770 771 772 773 774 775 776 777 779 780 781 782 783 784 785 786
771 772 773 774 775 776 777 778 780 781 782 783 784 785 786 787
772 773 774 775 776 777 778 779 781 782 783 784 785 786 787 788
773 774 775 776 777 778 779 780 782 783 784 785 786 787 788 789
774 775 776 777 778 779 780 781 783 784 785 786 787 788 789 790
775 776 777 778 779 780 781 782 784 785 786 787 788 789 790 791
776 777 778 779 780 781 782 783 785 786 787 788 789 790 791 792
777 778 779 780 781 782 783 784 786 787 788 789 790 791 792 793
778 779 780 781 782 783 784 785 787 788 789 790 791 792 793 794
779 780 781 782 783 784 785 786 788 789 790 791 792 793 794 795
780 781 782 783 784 785 786 787 789 790 791 792 793 794 795 796
781 782 783 784 785 786 787 788 790 791 792 793 794 795 796 797
782 783 784 785 786 787 788 789 791 792 793 794 795 796 797 798
783 784 785 786 787 788 789 790 792 793 794 795 796 797 798 799
784 785 786 787 788 789 790 791 793 794 795 796 797 798 799 800
785 786 787 788 789 790 791 792 794 795 796 797 798 799 800 801
786 787 788 789 790 791 792 793 795 796 797 798 799 800 801 802
787 788 789 790 791 792 793 794 796 797 798 799 800 801 802 803
788 789 790 791 792 793 794 795 797 798 799 800 801 802 803 804
789 790 791 792 793 794 795 796 798 799 800 801 802 803 804 805
790 791 792 793 794 795 796 797 799 800 801 802 803 804 805 806
791 792 793 794 795 796 797 798 800 801 802 803 804 805 806 807
792 793 794 795 796 797 798 799 801 802 803 804 805 806 807 808
793 794 795 796 797 798 799 800 802 803 804 805 806 807 808 809
794 795 796 797 798 799 800 801 803 804 805 806 807 808 809 810
795 796 797 798 799 800 801 802 804 805 806 807 808 809 810 811
796 797 798 799 800 801 802 803 805 806 807 808 809 810 811 812
797 798 799 800 801 802 803 804 806 807 808 809 810 811 812 813
798 799 800 801 802 803 804 805 807 808 809 810 811 812 813 814
799 800 801 802 803 804 805 806 808 809 810 811 812 813 814 815
800 801 802 803 804 805 806 807 809 810 811 812 813 814 815 816
801 802 803 804 805 806 807 808 810 811 812 813 814 815 816 817
802 803 804 805 806 807 808 809 811 812 813 814 815 816 817 818
803 804 805 806 807 808 809 810 812 813 814 815 816 817 818 819
804 805 806 807 808 809 810 811 813 814 815 816 817 818 819 820
805 806 807 808 809 810 811 812 814 815 816 817 818 819 820 821
806 807 808 809 810 811 812 813 815 816 817 818 819 820 821 822
807 808 809 810 811 812 813 814 816 817 818 819 820 821 822 823
808 809 810 811 812 813 814 815 817 818 819 820 821 822 823 824
809 810 811 812 813 814 815 816 818 819 820 821 822 823 824 825
810 811 812 813 814 815 816 817 819 820 821 822 823 824 825 826
811 812 813 814 815 816 817 818 820 821 822 823 824 825 826 827
812 813 814 815 816 817 818 819 821 822 823 824 825 826 827 828
813 814 815 816 817 818 819 820 822 823 824 825 826 827 828 829
814 815 816 817 818 819 820 821 823 824 825 826 827 828 829 830
815 816 817 818 819 820 821 822 824 825 826 827 828 829 830 831
816 817 818 819 820 821 822 823 825 826 827 828 829 830 831 832
817 818 819 820 821 822 823 824 826 827 828 829 830 831 832 833
818 819 820 821 822 823 824 825 827 828 829 830 831 832 833 834
819 820 821 822 823 824 825 826 828 829 830 831 832 833 834 835
820 821 822 823 824 825 826 827 829 830 831 832 833 834 835 836
821 822 823 824 825 826 827 828 830 831 832 833 834 835 836 837
822 823 824 825 826 827 828 829 831 832 833 834 835 836 837 838
823 824 825 826 827 828 829 830 832 833 834 835 836 837 838 839
824 825 826 827 828 829 830 831 833 834 835 836 837 838 839 840
825 826 827 828 829 830 831 832 834 835 836 837 838 839 840 841
826 827 828 829 830 831 832 833 835 836 837 838 839 840 841 842
827 828 829 830 831 832 833 834 836 837 838 839 840 841 842 843
828 829 830 831 832 833 834 835 837 838 839 840 841 842 843 844
829 830 831 832 833 834 835 836 838 839 840 841 842 843 844 845
830 831 832 833 834 835 836 837 839 840 841 842 843 844 845 846
831 832 833 834 835 836 837 838 840 841 842 843 844 845 846 847
832 833 834 835 836 837 838 839 841 842 843 844 845 846 847 848
833 834 835 836 837 838 839 840 842 843 844 845 846 847 848 849
834 835 836 837 838 839 840 841 843 844 845 846 847 848 849 850
835 836 837 838 839 840 841 842 844 845 846 847 848 849 850 851
836 837 838 839 840 841 842 843 845 846 847 848 849 850 851 852
837 838 839 840 841 842 843 844 846 847 848 849 850 851 852 853
838 839 840 841 842 843 844 845 847 848 849 850 851 852 853 854
839 840 841 842 843 844 845 846 848 849 850 851 852 853 854 855
840 841 842 843 844 845 846 847 849 850 851 852 853 854 855 856
841 842 843 844 845 846 847 848 850 851 852 853 854 855 856 857
842 843 844 845 846 847 848 849 851 852 853 854 855 856 857 858
843 844 845 846 847 848 849 850 852 853 854 855 856 857 858 859
844 845 846 847 848 849 850 851 853 854 855 856 857 858 859 860
845 846 847 848 849 850 851 852 854 855 856 857 858 859 860 861
846 847 848 849 850 851 852 853 855 856 857 858 859 860 861 862
847 848 849 850 851 852 853 854 856 857 858 859 860 861 862 863
848 849 850 851 852 853 854 855 857 858 859 860 861 862 863 864
849 850 851 852 853 854 855 856 858 859 860 861 862 863 864 865
850 851 852 853 854 855 856 857 859 860 861 862 863 864 865 866
851 852 853 854 855 856 857 858 860 861 862 863 864 865 866 867
852 853 854 855 856 857 858 859 861 862 863 864 865 866 867 868
853 854 855 856 857 858 859 860 862 863 864 865 866 867 868 869
854 855 856 857 858 859 860 861 863 864 865 866 867 868 869 870
855 856 857 858 859 860 861 862 864 865 866 867 868 869 870 871
856 857 858 859 860 861 862 863 865 866 867 868 869 870 871 872
857 858 859 860 861 862 863 864 866 867 868 869 870 871 872 873
858 859 860 861 862 863 864 865 867 868 869 870 871 872 873 874
859 860 861 862 863 864 865 866 868 869 870 871 872 873 874 875
860 861 862 863 864 865 866 867 869 870 871 872 873 874 875 876
861 862 863 864 865 866 867 868 870 871 872 873 874 875 876 877
862 863 864 865 866 867 868 869 871 872 873 874 875 876 877 878
863 864 865 866 867 868 869 870 872 873 874 875 876 877 878 879
864 865 866 867 868 869 870 871 873 874 875 876 877 878 879 880
865 866 867 868 869 870 871 872 874 875 876 877 878 879 880 881
866 867 868 869 870 871 872 873 875 876 877 878 879 880 881 882
867 868 869 870 871 872 873 874 876 877 878 879 880 881 882 883
868 869 870 871 872 873 874 875 877 878 879 880 881 882 883 884
869 870 871 872 873 874 875 876 878 879 880 881 882 883 884 885
870 871 872 873 874 875 876 877 879 880 881 882 883 884 885 886
871 872 873 874 875 876 877 878 880 881 882 883 884 885 886 887
872 873 874 875 876 877 878 879 881 882 883 884 885 886 887 888
873 874 875 876 877 878 879 880 882 883 884 885 886 887 888 889
874 875 876 877 878 879 880 881 883 884 885 886 887 888 889 890
875 876 877 878 879 880 881 882 884 885 886 887 888 889 890 891
876 877 878 879 880 881 882 883 885 886 887 888 889 890 891 892
877 878 879 880 881 882 883 884 886 887 888 889 890 891 892 893
878 879 880 881 882 883 884 885 887 888 889 890 891 892 893 894
879 880 881 882 883 884 885 886 888 889 890 891 892 893 894 895
880 881 882 883 884 885 886 887 889 890 891 892 893 894 895 896
881 882 883 884 885 886 887 888 890 891 892 893 894 895 896 897
882 883 884 885 886 887 888 889 891 892 893 894 895 896 897 898
883 884 885 886 887 888 889 890 892 893 894 895 896 897 898 899
884 885 886 887 888 889 890 891 893 894 895 896 897 898 899 900
885 886 887 888 889 890 891 892 894 895 896 897 898 899 900 901
886 887 888 889 890 891 892 893 895 896 897 898 899 900 901 902
887 888 889 890 891 892 893 894 896 897 898 899 900 901 902 903
888 889 890 891 892 893 894 895 897 898 899 900 901 902 903 904
889 890 891 892 893 894 895 896 898 899 900 901 902 903 904 905
890 891 892 893 894 895 896 897 899 900 901 902 903 904 905 906
891 892 893 894 895 896 897 898 900 901 902 903 904 905 906 907
892 893 894 895 896 897 898 899 901 902 903 904 905 906 907 908
893 894 895 896 897 898 899 900 902 903 904 905 906 907 908 909
894 895 896 897 898 899 900 901 903 904 905 906 907 908 909 910
895 896 897 898 899 900 901 902 904 905 906 907 908 909 910 911
896 897 898 899 900 901 902 903 905 906 907 908 909 910 911 912
897 898 899 900 901 902 903 904 906 907 908 909 910 911 912 913
898 899 900 901 902 903 904 905 907 908 909 910 911 912 913 914
899 900 901 902 903 904 905 906 908 909 910 911 912 913 914 915
900 901 902 903 904 905 906 907 909 910 911 912 913 914 915 916
901 902 903 904 905 906 907 908 910 911 912 913 914 915 916 917
902 903 904 905 906 907 908 909 911 912 913 914 915 916 917 918
903 904 905 906 907 908 909 910 912 913 914 915 916 917 918 919
904 905 906 907 908 909 910 911 913 914 915 916 917 918 919 920
905 906 907 908 909 910 911 912 914 915 916 917 918 919 920 921
906 907 908 909 910 911 912 913 915 916 917 918 919 920 921 922
907 908 909 910 911 912 913 914 916 917 918 919 920 921 922 923
908 909 910 911 912 913 914 915 917 918 919 920 921 922 923 924
909 910 911 912 913 914 915 916 918 919 920 921 922 923 924 925
910 911 912 913 914 915 916 917 919 920 921 922 923 924 925 926
911 912 913 914 915 916 917 918 920 921 922 923 924 925 926 927
912 913 914 915 916 917 918 919 921 922 923 924 925 926 927 928
913 914 915 916 917 918 919 920 922 923 924 925 926 927 928 929
914 915 916 917 918 919 920 921 923 924 925 926 927 928 929 930
915 916 917 918 919 920 921 922 924 925 926 927 928 929 930 931
916 917 918 919 920 921 922 923 925 926 927 928 929 930 931 932
917 918 919 920 921 922 923 924 926 927 928 929 930 931 932 933
918 919 920 921 922 923 924 925 927 928 929 930 931 932 933 934
919 920 921 922 923 924 925 926 928 929 930 931 932 933 934 935
920 921 922 923 924 925 926 927 929 930 931 932 933 934 935 936
921 922 923 924 925 926 927 928 930 931 932 933 934 935 936 937
922 923 924 925 926 927 928 929 931 932 933 934 935 936 937 938
923 924 925 926 927 928 929 930 932 933 934 935 936 937 938 939
924 925 926 927 928 929 930 931 933 934 935 936 937 938 939 940
925 926 927 928 929 930 931 932 934 935 936 937 938 939 940 941
926 927 928 929 930 931 932 933 935 936 937 938 939 940 941 942
927 928 929 930 931 932 933 934 936 937 938 939 940 941 942 943
928 929 930 931 932 933 934 935 937 938 939 940 941 942 943 944
929 930 931 932 933 934 935 936 938 939 940 941 942 943 944 945
930 931 932 933 934 935 936 937 939 940 941 942 943 944 945 946
931 932 933 934 935 936 937 938 940 941 942 943 944 945 946 947
932 933 934 935 936 937 938 939 941 942 943 944 945 946 947 948
933 934 935 936 937 938 939 940 942 943 944 945 946 947 948 949
934 935 936 937 938 939 940 941 943 944 945 946 947 948 949 950
935 936 937 938 939 940 941 942 944 945 946 947 948 949 950 951
936 937 938 939 940 941 942 943 945 946 947 948 949 950 951 952
937 938 939 940 941 942 943 944 946 947 948 949 950 951 952 953
938 939 940 941 942 943 944 945 947 948 949 950 951 952 953 954
939 940 941 942 943 944 945 946 948 949 950 951 952 953 954 955
940 941 942 943 944 945 946 947 949 950 951 952 953 954 955 956
941 942 943 944 945 946 947 948 950 951 952 953 954 955 956 957
942 943 944 945 946 947 948 949 951 952 953 954 955 956 957 958
943 944 945 946 947 948 949 950 952 953 954 955 956 957 958 959
944 945 946 947 948 949 950 951 953 954 955 956 957 958 959 960
945 946 947 948 949 950 951 952 954 955 956 957 958 959 960 961
946 947 948 949 950 951 952 953 955 956 957 958 959 960 961 962
947 948 949 950 951 952 953 954 956 957 958 959 960 961 962 963
948 949 950 951 952 953 954 955 957 958 959 960 961 962 963 964
949 950 951 952 953 954 955 956 958 959 960 961 962 963 964 965
950 951 952 953 954 955 956 957 959 960 961 962 963 964 965 966
951 952 953 954 955 956 957 958 960 961 962 963 964 965 966 967
952 953 954 955 956 957 958 959 961 962 963 964 965 966 967 968
953 954 955 956 957 958 959 960 962 963 964 965 966 967 968 969
954 955 956 957 958 959 960 961 963 964 965 966 967 968 969 970
955 956 957 958 959 960 961 962 964 965 966 967 968 969 970 971
956 957 958 959 960 961 962 963 965 966 967 968 969 970 971 972
957 958 959 960 961 962 963 964 966 967 968 969 970 971 972 973
958 959 960 961 962 963 964 965 967 968 969 970 971 972 973 974
959 960 961 962 963 964 965 966 968 969 970 971 972 973 974 975
960 961 962 963 964 965 966 967 969 970 971 972 973 974 975 976
961 962 963 964 965 966 967 968 970 971 972 973 974 975 976 977
962 963 964 965 966 967 968 969 971 972 973 974 975 976 977 978
963 964 965 966 967 968 969 970 972 973 974 975 976 977 978 979
964 965 966 967 968 969 970 971 973 974 975 976 977 978 979 980
965 966 967 968 969 970 971 972 974 975 976 977 978 979 980 981
966 967 968 969 970 971 972 973 975 976 977 978 979 980 981 982
967 968 969 970 971 972 973 974 976 977 978 979 980 981 982 983
968 969 970 971 972 973 974 975 977 978 979 980 981 982 983 984
969 970 971 972 973 974 975 976 978 979 980 981 982 983 984 985
970 971 972 973 974 975 976 977 979 980 981 982 983 984 985 986
971 972 973 974 975 976 977 978 980 981 982 983 984 985 986 987
972 973 974 975 976 977 978 979 981 982 983 984 985 986 987 988
973 974 975 976 977 978 979 980 982 983 984 985 986 987 988 989
974 975 976 977 978 979 980 981 983 984 985 986 987 988 989 990
975 976 977 978 979 980 981 982 984 985 986 987 988 989 990 991
976 977 978 979 980 981 982 983 985 986 987 988 989 990 991 992
977 978 979 980 981 982 983 984 986 987 988 989 990 991 992 993
978 979 980 981 982 983 984 985 987 988 989 990 991 992 993 994
979 980 981 982 983 984 985 986 988 989 990 991 992 993 994 995
980 981 982 983 984 985 986 987 989 990 991 992 993 994 995 996
981 982 983 984 985 986 987 988 990 991 992 993 994 995 996 997
982 983 984 985 986 987 988 989 991 992 993 994 995 996 997 998
983 984 985 986 987 988 989 990 992 993 994 995 996 997 998 999
984 985 986 987 988 989 990 991 993 994 995 996 997 998 999 1000
985 986 987 988 989 990 991 992 994 995 996 997 998 999 1000 1001
986 987 988 989 990 991 992 993 995 996 997 998 999 1000 1001 1002
987 988 989 990 991 992 993 994 996 997 998 999 1000 1001 1002 1003
988 989 990 991 992 993 994 995 997 998 999 1000 1001 1002 1003 1004
989 990 991 992 993 994 995 996 998 999 1000 1001 1002 1003 1004 1005
990 991 992 993 994 995 996 997 999 1000 1001 1002 1003 1004 1005 1006
991 992 993 994 995 996 997 998 1000 1001 1002 1003 1004 1005 1006 1007
992 993 994 995 996 997 998 999 1001 1002 1003 1004 1005 1006 1007 1008
993 994 995 996 997 998 999 1000 1002 1003 1004 1005 1006 1007 1008 1009
994 995 996 997 998 999 1000 1001 1003 1004 1005 1006 1007 1008 1009 1010
995 996 997 998 999 1000 1001 1002 1004 1005 1006 1007 1008 1009 1010 1011
996 997 998 999 1000 1001 1002 1003 1005 1006 1007 1008 1009 1010 1011 1012
997 998 999 1000 1001 1002 1003 1004 1006 1007 1008 1009 1010 1011 1012 1013
998 999 1000 1001 1002 1003 1004 1005 1007 1008 1009 1010 1011 1012 1013 1014
999 1000 1001 1002 1003 1004 1005 1006 1008 1009 1010 1011 1012 1013 1014 1015
1000 1001 1002 1003 1004 1005 1006 1007 1009 1010 1011 1012 1013 1014 1015 1016
1001 1002 1003 1004 1005 1006 1007 1008 1010 1011 1012 1013 1014 1015 1016 1017
1002 1003 1004 1005 1006 1007 1008 1009 1011 1012 1013 1014 1015 1016 1017 1018
1003 1004 1005 1006 1007 1008 1009 1010 1012 1013 1014 1015 1016 1017 1018 1019
1004 1005 1006 1007 1008 1009 1010 1011 1013 1014 1015 1016 1017 1018 1019 1020
1005 1006 1007 1008 1009 1010 1011 1012 1014 1015 1016 1017 1018 1019 1020 1021
1006 1007 1008 1009 1010 1011 1012 1013 1015 1016 1017 1018 1019 1020 1021 1022
1007 1008 1009 1010 1011 1012 1013 1014 1016 1017 1018 1019 1020 1021 1022 1023
1008 1009 1010 1011 1012 1013 1014 1015 1017 1018 1019 1020 1021 1022 1023 1024
1009 1010 1011 1012 1013 1014 1015 1016 1018 1019 1020 1021 1022 1023 1024 1025
1010 1011 1012 1013 1014 1015 1016 1017 1019 1020 1021 1022 1023 1024 1025 1026
1011 1012 1013 1014 1015 1016 1017 1018 1020 1021 1022 1023 1024 1025 1026 1027
1012 1013 1014 1015 1016 1017 1018 1019 1021 1022 1023 1024 1025 1026 1027 1028
1013 1014 1015 1016 1017 1018 1019 1020 1022 1023 1024 1025 1026 1027 1028 1029
1014 1015 1016 1017 1018 1019 1020 1021 1023 1024 1025 1026 1027 1028 1029 1030
1015 1016 1017 1018 1019 1020 1021 1022 1024 1025 1026 1027 1028 1029 1030 1031
1016 1017 1018 1019 1020 1021 1022 1023 1025 1026 1027 1028 1029 1030 1031 1032
1017 1018 1019 1020 1021 1022 1023 1024 1026 1027 1028 1029 1030 1031 1032 1033
1018 1019 1020 1021 1022 1023 1024 1025 1027 1028 1029 1030 1031 1032 1033 1034
1019 1020 1021 1022 1023 1024 1025 1026 1028 1029 1030 1031 1032 1033 1034 1035
1020 1021 1022 1023 1024 1025 1026 1027 1029 1030 1031 1032 1033 1034 1035 1036
1021 1022 1023 1024 1025 1026 1027 1028 1030 1031 1032 1033 1034 1035 1036 1037
1022 1023 1024 1025 1026 1027 1028 1029 1031 1032 1033 1034 1035 1036 1037 1038
1023 1024 1025 1026 1027 1028 1029 1030 1032 1033 1034 1035 1036 1037 1038 1039
1024 1025 1026 1027 1028 1029 1030 1031 1033 1034 1035 1036 1037 1038 1039 1040
1025 1026 1027 1028 1029 1030 1031 1032 1034 1035 1036 1037 1038 1039 1040 1041
1026 1027 1028 1029 1030 1031 1032 1033 1035 1036 1037 1038 1039 1040 1041 1042
1027 1028 1029 1030 1031 1032 1033 1034 1036 1037 1038 1039 1040 1041 1042 1043
1028 1029 1030 1031 1032 1033 1034 1035 1037 1038 1039 1040 1041 1042 1043 1044
1029 1030 1031 1032 1033 1034 1035 1036 1038 1039 1040 1041 1042 1043 1044 1045
1030 1031 1032 1033 1034 1035 1036 1037 1039 1040 1041 1042 1043 1044 1045 1046
1031 1032 1033 1034 1035 1036 1037 1038 1040 1041 1042 1043 1044 1045 1046 1047
1032 1033 1034 1035 1036 1037 1038 1039 1041 1042 1043 1044 1045 1046 1047 1048
1033 1034 1035 1036 1037 1038 1039 1040 1042 1043 1044 1045 1046 1047 1048 1049
1034 1035 1036 1037 1038 1039 1040 1041 1043 1044 1045 1046 1047 1048 1049 1050
1035 1036 1037 1038 1039 1040 1041 1042 1044 1045 1046 1047 1048 1049 1050 1051
1036 1037 1038 1039 1040 1041 1042 1043 1045 1046 1047 1048 1049 1050 1051 1052
1037 1038 1039 1040 1041 1042 1043 1044 1046 1047 1048 1049 1050 1051 1052 1053
1038 1039 1040 1041 1042 1043 1044 1045 1047 1048 1049 1050 1051 1052 1053 1054
1039 1040 1041 1042 1043 1044 1045 1046 1048 1049 1050 1051 1052 1053 1054 1055
1040 1041 1042 1043 1044 1045 1046 1047 1049 1050 1051 1052 1053 1054 1055 1056
1041 1042 1043 1044 1045 1046 1047 1048 1050 1051 1052 1053 1054 1055 1056 1057
1042 1043 1044 1045 1046 1047 1048 1049 1051 1052 1053 1054 1055 1056 1057 1058
1043 1044 1045 1046 1047 1048 1049 1050 1052 1053 1054 1055 1056 1057 1058 1059
1044 1045 1046 1047 1048 1049 1050 1051 1053 1054 1055 1056 1057 1058 1059 1060
1045 1046 1047 1048 1049 1050 1051 1052 1054 1055 1056 1057 1058 1059 1060 1061
1046 1047 1048 1049 1050 1051 1052 1053 1055 1056 1057 1058 1059 1060 1061 1062
1047 1048 1049 1050 1051 1052 1053 1054 1056 1057 1058 1059 1060 1061 1062 1063
1048 1049 1050 1051 1052 1053 1054 1055 1057 1058 1059 1060 1061 1062 1063 1064
1049 1050 1051 1052 1053 1054 1055 1056 1058 1059 1060 1061 1062 1063 1064 1065
1050 1051 1052 1053 1054 1055 1056 1057 1059 1060 1061 1062 1063 1064 1065 1066
1051 1052 1053 1054 1055 1056 1057 1058 1060 1061 1062 1063 1064 1065 1066 1067
1052 1053 1054 1055 1056 1057 1058 1059 1061 1062 1063 1064 1065 1066 1067 1068
1053 1054 1055 1056 1057 1058 1059 1060 1062 1063 1064 1065 1066 1067 1068 1069
1054 1055 1056 1057 1058 1059 1060 1061 1063 1064 1065 1066 1067 1068 1069 1070
1055 1056 1057 1058 1059 1060 1061 1062 1064 1065 1066 1067 1068 1069 1070 1071
1056 1057 1058 1059 1060 1061 1062 1063 1065 1066 1067 1068 1069 1070 1071 1072
1057 1058 1059 1060 1061 1062 1063 1064 1066 1067 1068 1069 1070 1071 1072 1073
1058 1059 1060 1061 1062 1063 1064 1065 1067 1068 1069 1070 1071 1072 1073 1074
1059 1060 1061 1062 1063 1064 1065 1066 1068 1069 1070 1071 1072 1073 1074 1075
1060 1061 1062 1063 1064 1065 1066 1067 1069 1070 1071 1072 1073 1074 1075 1076
1061 1062 1063 1064 1065 1066 1067 1068 1070 1071 1072 1073 1074 1075 1076 1077
1062 1063 1064 1065 1066 1067 1068 1069 1071 1072 1073 1074 1075 1076 1077 1078
1063 1064 1065 1066 1067 1068 1069 1070 1072 1073 1074 1075 1076 1077 1078 1079
1064 1065 1066 1067 1068 1069 1070 1071 1073 1074 1075 1076 1077 1078 1079 1080
1065 1066 1067 1068 1069 1070 1071 1072 1074 1075 1076 1077 1078 1079 1080 1081
1066 1067 1068 1069 1070 1071 1072 1073 1075 1076 1077 1078 1079 1080 1081 1082
1067 1068 1069 1070 1071 1072 1073 1074 1076 1077 1078 1079 1080 1081 1082 1083
1068 1069 1070 1071 1072 1073 1074 1075 1077 1078 1079 1080 1081 1082 1083 1084
1069 1070 1071 1072 1073 1074 1075 1076 1078 1079 1080 1081 1082 1083 1084 1085
1070 1071 1072 1073 1074 1075 1076 1077 1079 1080 1081 1082 1083 1084 1085 1086
1071 1072 1073 1074 1075 1076 1077 1078 1080 1081 1082 1083 1084 1085 1086 1087
1072 1073 1074 1075 1076 1077 1078 1079 1081 1082 1083 1084 1085 1086 1087 1088
1073 1074 1075 1076 1077 1078 1079 1080 1082 1083 1084 1085 1086 1087 1088 1089
1074 1075 1076 1077 1078 1079 1080 1081 1083 1084 1085 1086 1087 1088 1089 1090
1075 1076 1077 1078 1079 1080 1081 1082 1084 1085 1086 1087 1088 1089 1090 1091
1076 1077 1078 1079 1080 1081 1082 1083 1085 1086 1087 1088 1089 1090 1091 1092
1077 1078 1079 1080 1081 1082 1083 1084 1086 1087 1088 1089 1090 1091 1092 1093
1078 1079 1080 1081 1082 1083 1084 1085 1087 1088 1089 1090 1091 1092 1093 1094
1079 1080 1081 1082 1083 1084 1085 1086 1088 1089 1090 1091 1092 1093 1094 1095
1080 1081 1082 1083 1084 1085 1086 1087 1089 1090 1091 1092 1093 1094 1095 1096
1081 1082 1083 1084 1085 1086 1087 1088 1090 1091 1092 1093 1094 1095 1096 1097
1082 1083 1084 1085 1086 1087 1088 1089 1091 1092 1093 1094 1095 1096 1097 1098
1083 1084 1085 1086 1087 1088 1089 1090 1092 1093 1094 1095 1096 1097 1098 1099
1084 1085 1086 1087 1088 1089 1090 1091 1093 1094 1095 1096 1097 1098 1099 1100
1085 1086 1087 1088 1089 1090 1091 1092 1094 1095 1096 1097 1098 1099 1100 1101
1086 1087 1088 1089 1090 1091 1092 1093 1095 1096 1097 1098 1099 1100 1101 1102
1087 1088 1089 1090 1091 1092 1093 1094 1096 1097 1098 1099 1100 1101 1102 1103
1088 1089 1090 1091 1092 1093 1094 1095 1097 1098 1099 1100 1101 1102 1103 1104
1089 1090 1091 1092 1093 1094 1095 1096 1098 1099 1100 1101 1102 1103 1104 1105
1090 1091 1092 1093 1094 1095 1096 1097 1099 1100 1101 1102 1103 1104 1105 1106
1091 1092 1093 1094 1095 1096 1097 1098 1100 1101 1102 1103 1104 1105 1106 1107
1092 1093 1094 1095 1096 1097 1098 1099 1101 1102 1103 1104 1105 1106 1107 1108
1093 1094 1095 1096 1097 1098 1099 1100 1102 1103 1104 1105 1106 1107 1108 1109
1094 1095 1096 1097 1098 1099 1100 1101 1103 1104 1105 1106 1107 1108 1109 1110
1095 1096 1097 1098 1099 1100 1101 1102 1104 1105 1106 1107 1108 1109 1110 1111
1096 1097 1098 1099 1100 1101 1102 1103 1105 1106 1107 1108 1109 1110 1111 1112
1097 1098 1099 1100 1101 1102 1103 1104 1106 1107 1108 1109 1110 1111 1112 1113
1098 1099 1100 1101 1102 1103 1104 1105 1107 1108 1109 1110 1111 1112 1113 1114
1099 1100 1101 1102 1103 1104 1105 1106 1108 1109 1110 1111 1112 1113 1114 1115
1100 1101 1102 1103 1104 1105 1106 1107 1109 1110 1111 1112 1113 1114 1115 1116
1101 1102 1103 1104 1105 1106 1107 1108 1110 1111 1112 1113 1114 1115 1116 1117
1102 1103 1104 1105 1106 1107 1108 1109 1111 1112 1113 1114 1115 1116 1117 1118
1103 1104 1105 1106 1107 1108 1109 1110 1112 1113 1114 1115 1116 1117 1118 1119
1104 1105 1106 1107 1108 1109 1110 1111 1113 1114 1115 1116 1117 1118 1119 1120
1105 1106 1107 1108 1109 1110 1111 1112 1114 1115 1116 1117 1118 1119 1120 1121
1106 1107 1108 1109 1110 1111 1112 1113 1115 1116 1117 1118 1119 1120 1121 1122
1107 1108 1109 1110 1111 1112 1113 1114 1116 1117 1118 1119 1120 1121 1122 1123
1108 1109 1110 1111 1112 1113 1114 1115 1117 1118 1119 1120 1121 1122 1123 1124
1109 1110 1111 1112 1113 1114 1115 1116 1118 1119 1120 1121 1122 1123 1124 1125
1110 1111 1112 1113 1114 1115 1116 1117 1119 1120 1121 1122 1123 1124 1125 1126
1111 1112 1113 1114 1115 1116 1117 1118 1120 1121 1122 1123 1124 1125 1126 1127
1112 1113 1114 1115 1116 1117 1118 1119 1121 1122 1123 1124 1125 1126 1127 1128
1113 1114 1115 1116 1117 1118 1119 1120 1122 1123 1124 1125 1126 1127 1128 1129
1114 1115 1116 1117 1118 1119 1120 1121 1123 1124 1125 1126 1127 1128 1129 1130
1115 1116 1117 1118 1119 1120 1121 1122 1124 1125 1126 1127 1128 1129 1130 1131
1116 1117 1118 1119 1120 1121 1122 1123 1125 1126 1127 1128 1129 1130 1131 1132
1117 1118 1119 1120 1121 1122 1123 1124 1126 1127 1128 1129 1130 1131 1132 1133
1118 1119 1120 1121 1122 1123 1124 1125 1127 1128 1129 1130 1131 1132 1133 1134
1119 1120 1121 1122 1123 1124 1125 1126 1128 1129 1130 1131 1132 1133 1134 1135
1120 1121 1122 1123 1124 1125 1126 1127 1129 1130 1131 1132 1133 1134 1135 1136
1121 1122 1123 1124 1125 1126 1127 1128 1130 1131 1132 1133 1134 1135 1136 1137
1122 1123 1124 1125 1126 1127 1128 1129 1131 1132 1133 1134 1135 1136 1137 1138
1123 1124 1125 1126 1127 1128 1129 1130 1132 1133 1134 1135 1136 1137 1138 1139
1124 1125 1126 1127 1128 1129 1130 1131 1133 1134 1135 1136 1137 1138 1139 1140
1125 1126 1127 1128 1129 1130 1131 1132 1134 1135 1136 1137 1138 1139 1140 1141
1126 1127 1128 1129 1130 1131 1132 1133 1135 1136 1137 1138 1139 1140 1141 1142
1127 1128 1129 1130 1131 1132 1133 1134 1136 1137 1138 1139 1140 1141 1142 1143
1128 1129 1130 1131 1132 1133 1134 1135 1137 1138 1139 1140 1141 1142 1143 1144
1129 1130 1131 1132 1133 1134 1135 1136 1138 1139 1140 1141 1142 1143 1144 1145
1130 1131 1132 1133 1134 1135 1136 1137 1139 1140 1141 1142 1143 1144 1145 1146
1131 1132 1133 1134 1135 1136 1137 1138 1140 1141 1142 1143 1144 1145 1146 1147
1132 1133 1134 1135 1136 1137 1138 1139 1141 1142 1143 1144 1145 1146 1147 1148
1133 1134 1135 1136 1137 1138 1139 1140 1142 1143 1144 1145 1146 1147 1148 1149
1134 1135 1136 1137 1138 1139 1140 1141 1143 1144 1145 1146 1147 1148 1149 1150
1135 1136 1137 1138 1139 1140 1141 1142 1144 1145 1146 1147 1148 1149 1150 1151
1136 1137 1138 1139 1140 1141 1142 1143 1145 1146 1147 1148 1149 1150 1151 1152
1137 1138 1139 1140 1141 1142 1143 1144 1146 1147 1148 1149 1150 1151 1152 1153
1138 1139 1140 1141 1142 1143 1144 1145 1147 1148 1149 1150 1151 1152 1153 1154
1139 1140 1141 1142 1143 1144 1145 1146 1148 1149 1150 1151 1152 1153 1154 1155
1140 1141 1142 1143 1144 1145 1146 1147 1149 1150 1151 1152 1153 1154 1155 1156
1141 1142 1143 1144 1145 1146 1147 1148 1150 1151 1152 1153 1154 1155 1156 1157
1142 1143 1144 1145 1146 1147 1148 1149 1151 1152 1153 1154 1155 1156 1157 1158
1143 1144 1145 1146 1147 1148 1149 1150 1152 1153 1154 1155 1156 1157 1158 1159
1144 1145 1146 1147 1148 1149 1150 1151 1153 1154 1155 1156 1157 1158 1159 1160
1145 1146 1147 1148 1149 1150 1151 1152 1154 1155 1156 1157 1158 1159 1160 1161
1146 1147 1148 1149 1150 1151 1152 1153 1155 1156 1157 1158 1159 1160 1161 1162
1147 1148 1149 1150 1151 1152 1153 1154 1156 1157 1158 1159 1160 1161 1162 1163
1148 1149 1150 1151 1152 1153 1154 1155 1157 1158 1159 1160 1161 1162 1163 1164
1149 1150 1151 1152 1153 1154 1155 1156 1158 1159 1160 1161 1162 1163 1164 1165
1150 1151 1152 1153 1154 1155 1156 1157 1159 1160 1161 1162 1163 1164 1165 1166
1151 1152 1153 1154 1155 1156 1157 1158 1160 1161 1162 1163 1164 1165 1166 1167
1152 1153 1154 1155 1156 1157 1158 1159 1161 1162 1163 1164 1165 1166 1167 1168
1153 1154 1155 1156 1157 1158 1159 1160 1162 1163 1164 1165 1166 1167 1168 1169
1154 1155 1156 1157 1158 1159 1160 1161 1163 1164 1165 1166 1167 1168 1169 1170
1155 1156 1157 1158 1159 1160 1161 1162 1164 1165 1166 1167 1168 1169 1170 1171
1156 1157 1158 1159 1160 1161 1162 1163 1165 1166 1167 1168 1169 1170 1171 1172
1157 1158 1159 1160 1161 1162 1163 1164 1166 1167 1168 1169 1170 1171 1172 1173
1158 1159 1160 1161 1162 1163 1164 1165 1167 1168 1169 1170 1171 1172 1173 1174
1159 1160 1161 1162 1163 1164 1165 1166 1168 1169 1170 1171 1172 1173 1174 1175
1160 1161 1162 1163 1164 1165 1166 1167 1169 1170 1171 1172 1173 1174 1175 1176
1161 1162 1163 1164 1165 1166 1167 1168 1170 1171 1172 1173 1174 1175 1176 1177
1162 1163 1164 1165 1166 1167 1168 1169 1171 1172 1173 1174 1175 1176 1177 1178
1163 1164 1165 1166 1167 1168 1169 1170 1172 1173 1174 1175 1176 1177 1178 1179
1164 1165 1166 1167 1168 1169 1170 1171 1173 1174 1175 1176 1177 1178 1179 1180
1165 1166 1167 1168 1169 1170 1171 1172 1174 1175 1176 1177 1178 1179 1180 1181
1166 1167 1168 1169 1170 1171 1172 1173 1175 1176 1177 1178 1179 1180 1181 1182
1167 1168 1169 1170 1171 1172 1173 1174 1176 1177 1178 1179 1180 1181 1182 1183
1168 1169 1170 1171 1172 1173 1174 1175 1177 1178 1179 1180 1181 1182 1183 1184
1169 1170 1171 1172 1173 1174 1175 1176 1178 1179 1180 1181 1182 1183 1184 1185
1170 1171 1172 1173 1174 1175 1176 1177 1179 1180 1181 1182 1183 1184 1185 1186
1171 1172 1173 1174 1175 1176 1177 1178 1180 1181 1182 1183 1184 1185 1186 1187
1172 1173 1174 1175 1176 1177 1178 1179 1181 1182 1183 1184 1185 1186 1187 1188
1173 1174 1175 1176 1177 1178 1179 1180 1182 1183 1184 1185 1186 1187 1188 1189
1174 1175 1176 1177 1178 1179 1180 1181 1183 1184 1185 1186 1187 1188 1189 1190
1175 1176 1177 1178 1179 1180 1181 1182 1184 1185 1186 1187 1188 1189 1190 1191
1176 1177 1178 1179 1180 1181 1182 1183 1185 1186 1187 1188 1189 1190 1191 1192
1177 1178 1179 1180 1181 1182 1183 1184 1186 1187 1188 1189 1190 1191 1192 1193
1178 1179 1180 1181 1182 1183 1184 1185 1187 1188 1189 1190 1191 1192 1193 1194
1179 1180 1181 1182 1183 1184 1185 1186 1188 1189 1190 1191 1192 1193 1194 1195
1180 1181 1182 1183 1184 1185 1186 1187 1189 1190 1191 1192 1193 1194 1195 1196
1181 1182 1183 1184 1185 1186 1187 1188 1190 1191 1192 1193 1194 1195 1196 1197
1182 1183 1184 1185 1186 1187 1188 1189 1191 1192 1193 1194 1195 1196 1197 1198
1183 1184 1185 1186 1187 1188 1189 1190 1192 1193 1194 1195 1196 1197 1198 1199
1184 1185 1186 1187 1188 1189 1190 1191 1193 1194 1195 1196 1197 1198 1199 1200
1185 1186 1187 1188 1189 1190 1191 1192 1194 1195 1196 1197 1198 1199 1200 1201
1186 1187 1188 1189 1190 1191 1192 1193 1195 1196 1197 1198 1199 1200 1201 1202
1187 1188 1189 1190 1191 1192 1193 1194 1196 1197 1198 1199 1200 1201 1202 1203
1188 1189 1190 1191 1192 1193 1194 1195 1197 1198 1199 1200 1201 1202 1203 1204
1189 1190 1191 1192 1193 1194 1195 1196 1198 1199 1200 1201 1202 1203 1204 1205
1190 1191 1192 1193 1194 1195 1196 1197 1199 1200 1201 1202 1203 1204 1205 1206
1191 1192 1193 1194 1195 1196 1197 1198 1200 1201 1202 1203 1204 1205 1206 1207
1192 1193 1194 1195 1196 1197 1198 1199 1201 1202 1203 1204 1205 1206 1207 1208
1193 1194 1195 1196 1197 1198 1199 1200 1202 1203 1204 1205 1206 1207 1208 1209
1194 1195 1196 1197 1198 1199 1200 1201 1203 1204 1205 1206 1207 1208 1209 1210
1195 1196 1197 1198 1199 1200 1201 1202 1204 1205 1206 1207 1208 1209 1210 1211
1196 1197 1198 1199 1200 1201 1202 1203 1205 1206 1207 1208 1209 1210 1211 1212
1197 1198 1199 1200 1201 1202 1203 1204 1206 1207 1208 1209 1210 1211 1212 1213
1198 1199 1200 1201 1202 1203 1204 1205 1207 1208 1209 1210 1211 1212 1213 1214
1199 1200 1201 1202 1203 1204 1205 1206 1208 1209 1210 1211 1212 1213 1214 1215
1200 1201 1202 1203 1204 1205 1206 1207 1209 1210 1211 1212 1213 1214 1215 1216
1201 1202 1203 1204 1205 1206 1207 1208 1210 1211 1212 1213 1214 1215 1216 1217
1202 1203 1204 1205 1206 1207 1208 1209 1211 1212 1213 1214 1215 1216 1217 1218
1203 1204 1205 1206 1207 1208 1209 1210 1212 1213 1214 1215 1216 1217 1218 1219
1204 1205 1206 1207 1208 1209 1210 1211 1213 1214 1215 1216 1217 1218 1219 1220
1205 1206 1207 1208 1209 1210 1211 1212 1214 1215 1216 1217 1218 1219 1220 1221
1206 1207 1208 1209 1210 1211 1212 1213 1215 1216 1217 1218 1219 1220 1221 1222
1207 1208 1209 1210 1211 1212 1213 1214 1216 1217 1218 1219 1220 1221 1222 1223
1208 1209 1210 1211 1212 1213 1214 1215 1217 1218 1219 1220 1221 1222 1223 1224
1209 1210 1211 1212 1213 1214 1215 1216 1218 1219 1220 1221 1222 1223 1224 1225
1210 1211 1212 1213 1214 1215 1216 1217 1219 1220 1221 1222 1223 1224 1225 1226
1211 1212 1213 1214 1215 1216 1217 1218 1220 1221 1222 1223 1224 1225 1226 1227
1212 1213 1214 1215 1216 1217 1218 1219 1221 1222 1223 1224 1225 1226 1227 1228
1213 1214 1215 1216 1217 1218 1219 1220 1222 1223 1224 1225 1226 1227 1228 1229
1214 1215 1216 1217 1218 1219 1220 1221 1223 1224 1225 1226 1227 1228 1229 1230
1215 1216 1217 1218 1219 1220 1221 1222 1224 1225 1226 1227 1228 1229 1230 1231
1216 1217 1218 1219 1220 1221 1222 1223 1225 1226 1227 1228 1229 1230 1231 1232
1217 1218 1219 1220 1221 1222 1223 1224 1226 1227 1228 1229 1230 1231 1232 1233
1218 1219 1220 1221 1222 1223 1224 1225 1227 1228 1229 1230 1231 1232 1233 1234
1219 1220 1221 1222 1223 1224 1225 1226 1228 1229 1230 1231 1232 1233 1234 1235
1220 1221 1222 1223 1224 1225 1226 1227 1229 1230 1231 1232 1233 1234 1235 1236
1221 1222 1223 1224 1225 1226 1227 1228 1230 1231 1232 1233 1234 1235 1236 1237
1222 1223 1224 1225 1226 1227 1228 1229 1231 1232 1233 1234 1235 1236 1237 1238
1223 1224 1225 1226 1227 1228 1229 1230 1232 1233 1234 1235 1236 1237 1238 1239
1224 1225 1226 1227 1228 1229 1230 1231 1233 1234 1235 1236 1237 1238 1239 1240
1225 1226 1227 1228 1229 1230 1231 1232 1234 1235 1236 1237 1238 1239 1240 1241
1226 1227 1228 1229 1230 1231 1232 1233 1235 1236 1237 1238 1239 1240 1241 1242
1227 1228 1229 1230 1231 1232 1233 1234 1236 1237 1238 1239 1240 1241 1242 1243
1228 1229 1230 1231 1232 1233 1234 1235 1237 1238 1239 1240 1241 1242 1243 1244
1229 1230 1231 1232 1233 1234 1235 1236 1238 1239 1240 1241 1242 1243 1244 1245
1230 1231 1232 1233 1234 1235 1236 1237 1239 1240 1241 1242 1243 1244 1245 1246
1231 1232 1233 1234 1235 1236 1237 1238 1240 1241 1242 1243 1244 1245 1246 1247
1232 1233 1234 1235 1236 1237 1238 1239 1241 1242 1243 1244 1245 1246 1247 1248
1233 1234 1235 1236 1237 1238 1239 1240 1242 1243 1244 1245 1246 1247 1248 1249
1234 1235 1236 1237 1238 1239 1240 1241 1243 1244 1245 1246 1247 1248 1249 1250
1235 1236 1237 1238 1239 1240 1241 1242 1244 1245 1246 1247 1248 1249 1250 1251
1236 1237 1238 1239 1240 1241 1242 1243 1245 1246 1247 1248 1249 1250 1251 1252
1237 1238 1239 1240 1241 1242 1243 1244 1246 1247 1248 1249 1250 1251 1252 1253
1238 1239 1240 1241 1242 1243 1244 1245 1247 1248 1249 1250 1251 1252 1253 1254
1239 1240 1241 1242 1243 1244 1245 1246 1248 1249 1250 1251 1252 1253 1254 1255
1240 1241 1242 1243 1244 1245 1246 1247 1249 1250 1251 1252 1253 1254 1255 1256
1241 1242 1243 1244 1245 1246 1247 1248 1250 1251 1252 1253 1254 1255 1256 1257
1242 1243 1244 1245 1246 1247 1248 1249 1251 1252 1253 1254 1255 1256 1257 1258
1243 1244 1245 1246 1247 1248 1249 1250 1252 1253 1254 1255 1256 1257 1258 1259
1244 1245 1246 1247 1248 1249 1250 1251 1253 1254 1255 1256 1257 1258 1259 1260
1245 1246 1247 1248 1249 1250 1251 1252 1254 1255 1256 1257 1258 1259 1260 1261
1246 1247 1248 1249 1250 1251 1252 1253 1255 1256 1257 1258 1259 1260 1261 1262
1247 1248 1249 1250 1251 1252 1253 1254 1256 1257 1258 1259 1260 1261 1262 1263
1248 1249 1250 1251 1252 1253 1254 1255 1257 1258 1259 1260 1261 1262 1263 1264
1249 1250 1251 1252 1253 1254 1255 1256 1258 1259 1260 1261 1262 1263 1264 1265
1250 1251 1252 1253 1254 1255 1256 1257 1259 1260 1261 1262 1263 1264 1265 1266
1251 1252 1253 1254 1255 1256 1257 1258 1260 1261 1262 1263 1264 1265 1266 1267
1252 1253 1254 1255 1256 1257 1258 1259 1261 1262 1263 1264 1265 1266 1267 1268
1253 1254 1255 1256 1257 1258 1259 1260 1262 1263 1264 1265 1266 1267 1268 1269
1254 1255 1256 1257 1258 1259 1260 1261 1263 1264 1265 1266 1267 1268 1269 1270
1255 1256 1257 1258 1259 1260 1261 1262 1264 1265 1266 1267 1268 1269 1270 1271
1256 1257 1258 1259 1260 1261 1262 1263 1265 1266 1267 1268 1269 1270 1271 1272
1257 1258 1259 1260 1261 1262 1263 1264 1266 1267 1268 1269 1270 1271 1272 1273
1258 1259 1260 1261 1262 1263 1264 1265 1267 1268 1269 1270 1271 1272 1273 1274
1259 1260 1261 1262 1263 1264 1265 1266 1268 1269 1270 1271 1272 1273 1274 1275
1260 1261 1262 1263 1264 1265 1266 1267 1269 1270 1271 1272 1273 1274 1275 1276
1261 1262 1263 1264 1265 1266 1267 1268 1270 1271 1272 1273 1274 1275 1276 1277
1262 1263 1264 1265 1266 1267 1268 1269 1271 1272 1273 1274 1275 1276 1277 1278
1263 1264 1265 1266 1267 1268 1269 1270 1272 1273 1274 1275 1276 1277 1278 1279
1264 1265 1266 1267 1268 1269 1270 1271 1273 1274 1275 1276 1277 1278 1279 1280
1265 1266 1267 1268 1269 1270 1271 1272 1274 1275 1276 1277 1278 1279 1280 1281
1266 1267 1268 1269 1270 1271 1272 1273 1275 1276 1277 1278 1279 1280 1281 1282
1267 1268 1269 1270 1271 1272 1273 1274 1276 1277 1278 1279 1280 1281 1282 1283
1268 1269 1270 1271 1272 1273 1274 1275 1277 1278 1279 1280 1281 1282 1283 1284
1269 1270 1271 1272 1273 1274 1275 1276 1278 1279 1280 1281 1282 1283 1284 1285
1270 1271 1272 1273 1274 1275 1276 1277 1279 1280 1281 1282 1283 1284 1285 1286
1271 1272 1273 1274 1275 1276 1277 1278 1280 1281 1282 1283 1284 1285 1286 1287
1272 1273 1274 1275 1276 1277 1278 1279 1281 1282 1283 1284 1285 1286 1287 1288
1273 1274 1275 1276 1277 1278 1279 1280 1282 1283 1284 1285 1286 1287 1288 1289
1274 1275 1276 1277 1278 1279 1280 1281 1283 1284 1285 1286 1287 1288 1289 1290
1275 1276 1277 1278 1279 1280 1281 1282 1284 1285 1286 1287 1288 1289 1290 1291
1276 1277 1278 1279 1280 1281 1282 1283 1285 1286 1287 1288 1289 1290 1291 1292
1277 1278 1279 1280 1281 1282 1283 1284 1286 1287 1288 1289 1290 1291 1292 1293
1278 1279 1280 1281 1282 1283 1284 1285 1287 1288 1289 1290 1291 1292 1293 1294
1279 1280 1281 1282 1283 1284 1285 1286 1288 1289 1290 1291 1292 1293 1294 1295
1280 1281 1282 1283 1284 1285 1286 1287 1289 1290 1291 1292 1293 1294 1295 1296
1281 1282 1283 1284 1285 1286 1287 1288 1290 1291 1292 1293 1294 1295 1296 1297
1282 1283 1284 1285 1286 1287 1288 1289 1291 1292 1293 1294 1295 1296 1297 1298
1283 1284 1285 1286 1287 1288 1289 1290 1292 1293 1294 1295 1296 1297 1298 1299
1284 1285 1286 1287 1288 1289 1290 1291 1293 1294 1295 1296 1297 1298 1299 1300
1285 1286 1287 1288 1289 1290 1291 1292 1294 1295 1296 1297 1298 1299 1300 1301
1286 1287 1288 1289 1290 1291 1292 1293 1295 1296 1297 1298 1299 1300 1301 1302
1287 1288 1289 1290 1291 1292 1293 1294 1296 1297 1298 1299 1300 1301 1302 1303
1288 1289 1290 1291 1292 1293 1294 1295 1297 1298 1299 1300 1301 1302 1303 1304
1289 1290 1291 1292 1293 1294 1295 1296 1298 1299 1300 1301 1302 1303 1304 1305
1290 1291 1292 1293 1294 1295 1296 1297 1299 1300 1301 1302 1303 1304 1305 1306
1291 1292 1293 1294 1295 1296 1297 1298 1300 1301 1302 1303 1304 1305 1306 1307
1292 1293 1294 1295 1296 1297 1298 1299 1301 1302 1303 1304 1305 1306 1307 1308
1293 1294 1295 1296 1297 1298 1299 1300 1302 1303 1304 1305 1306 1307 1308 1309
1294 1295 1296 1297 1298 1299 1300 1301 1303 1304 1305 1306 1307 1308 1309 1310
1295 1296 1297 1298 1299 1300 1301 1302 1304 1305 1306 1307 1308 1309 1310 1311
1296 1297 1298 1299 1300 1301 1302 1303 1305 1306 1307 1308 1309 1310 1311 1312
1297 1298 1299 1300 1301 1302 1303 1304 1306 1307 1308 1309 1310 1311 1312 1313
1298 1299 1300 1301 1302 1303 1304 1305 1307 1308 1309 1310 1311 1312 1313 1314
1299 1300 1301 1302 1303 1304 1305 1306 1308 1309 1310 1311 1312 1313 1314 1315
1300 1301 1302 1303 1304 1305 1306 1307 1309 1310 1311 1312 1313 1314 1315 1316
1301 1302 1303 1304 1305 1306 1307 1308 1310 1311 1312 1313 1314 1315 1316 1317
1302 1303 1304 1305 1306 1307 1308 1309 1311 1312 1313 1314 1315 1316 1317 1318
1303 1304 1305 1306 1307 1308 1309 1310 1312 1313 1314 1315 1316 1317 1318 1319
1304 1305 1306 1307 1308 1309 1310 1311 1313 1314 1315 1316 1317 1318 1319 1320
1305 1306 1307 1308 1309 1310 1311 1312 1314 1315 1316 1317 1318 1319 1320 1321
1306 1307 1308 1309 1310 1311 1312 1313 1315 1316 1317 1318 1319 1320 1321 1322
1307 1308 1309 1310 1311 1312 1313 1314 1316 1317 1318 1319 1320 1321 1322 1323
1308 1309 1310 1311 1312 1313 1314 1315 1317 1318 1319 1320 1321 1322 1323 1324
1309 1310 1311 1312 1313 1314 1315 1316 1318 1319 1320 1321 1322 1323 1324 1325
1310 1311 1312 1313 1314 1315 1316 1317 1319 1320 1321 1322 1323 1324 1325 1326
1311 1312 1313 1314 1315 1316 1317 1318 1320 1321 1322 1323 1324 1325 1326 1327
1312 1313 1314 1315 1316 1317 1318 1319 1321 1322 1323 1324 1325 1326 1327 1328
1313 1314 1315 1316 1317 1318 1319 1320 1322 1323 1324 1325 1326 1327 1328 1329
1314 1315 1316 1317 1318 1319 1320 1321 1323 1324 1325 1326 1327 1328 1329 1330
1315 1316 1317 1318 1319 1320 1321 1322 1324 1325 1326 1327 1328 1329 1330 1331
1316 1317 1318 1319 1320 1321 1322 1323 1325 1326 1327 1328 1329 1330 1331 1332
1317 1318 1319 1320 1321 1322 1323 1324 1326 1327 1328 1329 1330 1331 1332 1333
1318 1319 1320 1321 1322 1323 1324 1325 1327 1328 1329 1330 1331 1332 1333 1334
1319 1320 1321 1322 1323 1324 1325 1326 1328 1329 1330 1331 1332 1333 1334 1335
1320 1321 1322 1323 1324 1325 1326 1327 1329 1330 1331 1332 1333 1334 1335 1336
1321 1322 1323 1324 1325 1326 1327 1328 1330 1331 1332 1333 1334 1335 1336 1337
1322 1323 1324 1325 1326 1327 1328 1329 1331 1332 1333 1334 1335 1336 1337 1338
1323 1324 1325 1326 1327 1328 1329 1330 1332 1333 1334 1335 1336 1337 1338 1339
1324 1325 1326 1327 1328 1329 1330 1331 1333 1334 1335 1336 1337 1338 1339 1340
1325 1326 1327 1328 1329 1330 1331 1332 1334 1335 1336 1337 1338 1339 1340 1341
1326 1327 1328 1329 1330 1331 1332 1333 1335 1336 1337 1338 1339 1340 1341 1342
1327 1328 1329 1330 1331 1332 1333 1334 1336 1337 1338 1339 1340 1341 1342 1343
1328 1329 1330 1331 1332 1333 1334 1335 1337 1338 1339 1340 1341 1342 1343 1344
1329 1330 1331 1332 1333 1334 1335 1336 1338 1339 1340 1341 1342 1343 1344 1345
1330 1331 1332 1333 1334 1335 1336 1337 1339 1340 1341 1342 1343 1344 1345 1346
1331 1332 1333 1334 1335 1336 1337 1338 1340 1341 1342 1343 1344 1345 1346 1347
1332 1333 1334 1335 1336 1337 1338 1339 1341 1342 1343 1344 1345 1346 1347 1348
1333 1334 1335 1336 1337 1338 1339 1340 1342 1343 1344 1345 1346 1347 1348 1349
1334 1335 1336 1337 1338 1339 1340 1341 1343 1344 1345 1346 1347 1348 1349 1350
1335 1336 1337 1338 1339 1340 1341 1342 1344 1345 1346 1347 1348 1349 1350 1351
1336 1337 1338 1339 1340 1341 1342 1343 1345 1346 1347 1348 1349 1350 1351 1352
1337 1338 1339 1340 1341 1342 1343 1344 1346 1347 1348 1349 1350 1351 1352 1353
1338 1339 1340 1341 1342 1343 1344 1345 1347 1348 1349 1350 1351 1352 1353 1354
1339 1340 1341 1342 1343 1344 1345 1346 1348 1349 1350 1351 1352 1353 1354 1355
1340 1341 1342 1343 1344 1345 1346 1347 1349 1350 1351 1352 1353 1354 1355 1356
1341 1342 1343 1344 1345 1346 1347 1348 1350 1351 1352 1353 1354 1355 1356 1357
1342 1343 1344 1345 1346 1347 1348 1349 1351 1352 1353 1354 1355 1356 1357 1358
1343 1344 1345 1346 1347 1348 1349 1350 1352 1353 1354 1355 1356 1357 1358 1359
1344 1345 1346 1347 1348 1349 1350 1351 1353 1354 1355 1356 1357 1358 1359 1360
1345 1346 1347 1348 1349 1350 1351 1352 1354 1355 1356 1357 1358 1359 1360 1361
1346 1347 1348 1349 1350 1351 1352 1353 1355 1356 1357 1358 1359 1360 1361 1362
1347 1348 1349 1350 1351 1352 1353 1354 1356 1357 1358 1359 1360 1361 1362 1363
1348 1349 1350 1351 1352 1353 1354 1355 1357 1358 1359 1360 1361 1362 1363 1364
1349 1350 1351 1352 1353 1354 1355 1356 1358 1359 1360 1361 1362 1363 1364 1365
1350 1351 1352 1353 1354 1355 1356 1357 1359 1360 1361 1362 1363 1364 1365 1366
1351 1352 1353 1354 1355 1356 1357 1358 1360 1361 1362 1363 1364 1365 1366 1367
1352 1353 1354 1355 1356 1357 1358 1359 1361 1362 1363 1364 1365 1366 1367 1368
1353 1354 1355 1356 1357 1358 1359 1360 1362 1363 1364 1365 1366 1367 1368 1369
1354 1355 1356 1357 1358 1359 1360 1361 1363 1364 1365 1366 1367 1368 1369 1370
1355 1356 1357 1358 1359 1360 1361 1362 1364 1365 1366 1367 1368 1369 1370 1371
1356 1357 1358 1359 1360 1361 1362 1363 1365 1366 1367 1368 1369 1370 1371 1372
1357 1358 1359 1360 1361 1362 1363 1364 1366 1367 1368 1369 1370 1371 1372 1373
1358 1359 1360 1361 1362 1363 1364 1365 1367 1368 1369 1370 1371 1372 1373 1374
1359 1360 1361 1362 1363 1364 1365 1366 1368 1369 1370 1371 1372 1373 1374 1375
1360 1361 1362 1363 1364 1365 1366 1367 1369 1370 1371 1372 1373 1374 1375 1376
1361 1362 1363 1364 1365 1366 1367 1368 1370 1371 1372 1373 1374 1375 1376 1377
1362 1363 1364 1365 1366 1367 1368 1369 1371 1372 1373 1374 1375 1376 1377 1378
1363 1364 1365 1366 1367 1368 1369 1370 1372 1373 1374 1375 1376 1377 1378 1379
1364 1365 1366 1367 1368 1369 1370 1371 1373 1374 1375 1376 1377 1378 1379 1380
1365 1366 1367 1368 1369 1370 1371 1372 1374 1375 1376 1377 1378 1379 1380 1381
1366 1367 1368 1369 1370 1371 1372 1373 1375 1376 1377 1378 1379 1380 1381 1382
1367 1368 1369 1370 1371 1372 1373 1374 1376 1377 1378 1379 1380 1381 1382 1383
1368 1369 1370 1371 1372 1373 1374 1375 1377 1378 1379 1380 1381 1382 1383 1384
1369 1370 1371 1372 1373 1374 1375 1376 1378 1379 1380 1381 1382 1383 1384 1385
1370 1371 1372 1373 1374 1375 1376 1377 1379 1380 1381 1382 1383 1384 1385 1386
1371 1372 1373 1374 1375 1376 1377 1378 1380 1381 1382 1383 1384 1385 1386 1387
1372 1373 1374 1375 1376 1377 1378 1379 1381 1382 1383 1384 1385 1386 1387 1388
1373 1374 1375 1376 1377 1378 1379 1380 1382 1383 1384 1385 1386 1387 1388 1389
1374 1375 1376 1377 1378 1379 1380 1381 1383 1384 1385 1386 1387 1388 1389 1390
1375 1376 1377 1378 1379 1380 1381 1382 1384 1385 1386 1387 1388 1389 1390 1391
1376 1377 1378 1379 1380 1381 1382 1383 1385 1386 1387 1388 1389 1390 1391 1392
1377 1378 1379 1380 1381 1382 1383 1384 1386 1387 1388 1389 1390 1391 1392 1393
1378 1379 1380 1381 1382 1383 1384 1385 1387 1388 1389 1390 1391 1392 1393 1394
1379 1380 1381 1382 1383 1384 1385 1386 1388 1389 1390 1391 1392 1393 1394 1395
1380 1381 1382 1383 1384 1385 1386 1387 1389 1390 1391 1392 1393 1394 1395 1396
1381 1382 1383 1384 1385 1386 1387 1388 1390 1391 1392 1393 1394 1395 1396 1397
1382 1383 1384 1385 1386 1387 1388 1389 1391 1392 1393 1394 1395 1396 1397 1398
1383 1384 1385 1386 1387 1388 1389 1390 1392 1393 1394 1395 1396 1397 1398 1399
1384 1385 1386 1387 1388 1389 1390 1391 1393 1394 1395 1396 1397 1398 1399 1400
1385 1386 1387 1388 1389 1390 1391 1392 1394 1395 1396 1397 1398 1399 1400 1401
1386 1387 1388 1389 1390 1391 1392 1393 1395 1396 1397 1398 1399 1400 1401 1402
1387 1388 1389 1390 1391 1392 1393 1394 1396 1397 1398 1399 1400 1401 1402 1403
1388 1389 1390 1391 1392 1393 1394 1395 1397 1398 1399 1400 1401 1402 1403 1404
1389 1390 1391 1392 1393 1394 1395 1396 1398 1399 1400 1401 1402 1403 1404 1405
1390 1391 1392 1393 1394 1395 1396 1397 1399 1400 1401 1402 1403 1404 1405 1406
1391 1392 1393 1394 1395 1396 1397 1398 1400 1401 1402 1403 1404 1405 1406 1407
1392 1393 1394 1395 1396 1397 1398 1399 1401 1402 1403 1404 1405 1406 1407 1408
1393 1394 1395 1396 1397 1398 1399 1400 1402 1403 1404 1405 1406 1407 1408 1409
1394 1395 1396 1397 1398 1399 1400 1401 1403 1404 1405 1406 1407 1408 1409 1410
1395 1396 1397 1398 1399 1400 1401 1402 1404 1405 1406 1407 1408 1409 1410 1411
1396 1397 1398 1399 1400 1401 1402 1403 1405 1406 1407 1408 1409 1410 1411 1412
1397 1398 1399 1400 1401 1402 1403 1404 1406 1407 1408 1409 1410 1411 1412 1413
1398 1399 1400 1401 1402 1403 1404 1405 1407 1408 1409 1410 1411 1412 1413 1414
1399 1400 1401 1402 1403 1404 1405 1406 1408 1409 1410 1411 1412 1413 1414 1415
1400 1401 1402 1403 1404 1405 1406 1407 1409 1410 1411 1412 1413 1414 1415 1416
1401 1402 1403 1404 1405 1406 1407 1408 1410 1411 1412 1413 1414 1415 1416 1417
1402 1403 1404 1405 1406 1407 1408 1409 1411 1412 1413 1414 1415 1416 1417 1418
1403 1404 1405 1406 1407 1408 1409 1410 1412 1413 1414 1415 1416 1417 1418 1419
1404 1405 1406 1407 1408 1409 1410 1411 1413 1414 1415 1416 1417 1418 1419 1420
1405 1406 1407 1408 1409 1410 1411 1412 1414 1415 1416 1417 1418 1419 1420 1421
1406 1407 1408 1409 1410 1411 1412 1413 1415 1416 1417 1418 1419 1420 1421 1422
1407 1408 1409 1410 1411 1412 1413 1414 1416 1417 1418 1419 1420 1421 1422 1423
1408 1409 1410 1411 1412 1413 1414 1415 1417 1418 1419 1420 1421 1422 1423 1424
1409 1410 1411 1412 1413 1414 1415 1416 1418 1419 1420 1421 1422 1423 1424 1425
1410 1411 1412 1413 1414 1415 1416 1417 1419 1420 1421 1422 1423 1424 1425 1426
1411 1412 1413 1414 1415 1416 1417 1418 1420 1421 1422 1423 1424 1425 1426 1427
1412 1413 1414 1415 1416 1417 1418 1419 1421 1422 1423 1424 1425 1426 1427 1428
1413 1414 1415 1416 1417 1418 1419 1420 1422 1423 1424 1425 1426 1427 1428 1429
1414 1415 1416 1417 1418 1419 1420 1421 1423 1424 1425 1426 1427 1428 1429 1430
1415 1416 1417 1418 1419 1420 1421 1422 1424 1425 1426 1427 1428 1429 1430 1431
1416 1417 1418 1419 1420 1421 1422 1423 1425 1426 1427 1428 1429 1430 1431 1432
1417 1418 1419 1420 1421 1422 1423 1424 1426 1427 1428 1429 1430 1431 1432 1433
1418 1419 1420 1421 1422 1423 1424 1425 1427 1428 1429 1430 1431 1432 1433 1434
1419 1420 1421 1422 1423 1424 1425 1426 1428 1429 1430 1431 1432 1433 1434 1435
1420 1421 1422 1423 1424 1425 1426 1427 1429 1430 1431 1432 1433 1434 1435 1436
1421 1422 1423 1424 1425 1426 1427 1428 1430 1431 1432 1433 1434 1435 1436 1437
1422 1423 1424 1425 1426 1427 1428 1429 1431 1432 1433 1434 1435 1436 1437 1438
1423 1424 1425 1426 1427 1428 1429 1430 1432 1433 1434 1435 1436 1437 1438 1439
1424 1425 1426 1427 1428 1429 1430 1431 1433 1434 1435 1436 1437 1438 1439 1440
1425 1426 1427 1428 1429 1430 1431 1432 1434 1435 1436 1437 1438 1439 1440 1441
1426 1427 1428 1429 1430 1431 1432 1433 1435 1436 1437 1438 1439 1440 1441 1442
1427 1428 1429 1430 1431 1432 1433 1434 1436 1437 1438 1439 1440 1441 1442 1443
1428 1429 1430 1431 1432 1433 1434 1435 1437 1438 1439 1440 1441 1442 1443 1444
1429 1430 1431 1432 1433 1434 1435 1436 1438 1439 1440 1441 1442 1443 1444 1445
1430 1431 1432 1433 1434 1435 1436 1437 1439 1440 1441 1442 1443 1444 1445 1446
1431 1432 1433 1434 1435 1436 1437 1438 1440 1441 1442 1443 1444 1445 1446 1447
1432 1433 1434 1435 1436 1437 1438 1439 1441 1442 1443 1444 1445 1446 1447 1448
1433 1434 1435 1436 1437 1438 1439 1440 1442 1443 1444 1445 1446 1447 1448 1449
1434 1435 1436 1437 1438 1439 1440 1441 1443 1444 1445 1446 1447 1448 1449 1450
1435 1436 1437 1438 1439 1440 1441 1442 1444 1445 1446 1447 1448 1449 1450 1451
1436 1437 1438 1439 1440 1441 1442 1443 1445 1446 1447 1448 1449 1450 1451 1452
1437 1438 1439 1440 1441 1442 1443 1444 1446 1447 1448 1449 1450 1451 1452 1453
1438 1439 1440 1441 1442 1443 1444 1445 1447 1448 1449 1450 1451 1452 1453 1454
1439 1440 1441 1442 1443 1444 1445 1446 1448 1449 1450 1451 1452 1453 1454 1455
1440 1441 1442 1443 1444 1445 1446 1447 1449 1450 1451 1452 1453 1454 1455 1456
1441 1442 1443 1444 1445 1446 1447 1448 1450 1451 1452 1453 1454 1455 1456 1457
1442 1443 1444 1445 1446 1447 1448 1449 1451 1452 1453 1454 1455 1456 1457 1458
1443 1444 1445 1446 1447 1448 1449 1450 1452 1453 1454 1455 1456 1457 1458 1459
1444 1445 1446 1447 1448 1449 1450 1451 1453 1454 1455 1456 1457 1458 1459 1460
1445 1446 1447 1448 1449 1450 1451 1452 1454 1455 1456 1457 1458 1459 1460 1461
1446 1447 1448 1449 1450 1451 1452 1453 1455 1456 1457 1458 1459 1460 1461 1462
1447 1448 1449 1450 1451 1452 1453 1454 1456 1457 1458 1459 1460 1461 1462 1463
1448 1449 1450 1451 1452 1453 1454 1455 1457 1458 1459 1460 1461 1462 1463 1464
1449 1450 1451 1452 1453 1454 1455 1456 1458 1459 1460 1461 1462 1463 1464 1465
1450 1451 1452 1453 1454 1455 1456 1457 1459 1460 1461 1462 1463 1464 1465 1466
1451 1452 1453 1454 1455 1456 1457 1458 1460 1461 1462 1463 1464 1465 1466 1467
1452 1453 1454 1455 1456 1457 1458 1459 1461 1462 1463 1464 1465 1466 1467 1468
1453 1454 1455 1456 1457 1458 1459 1460 1462 1463 1464 1465 1466 1467 1468 1469
1454 1455 1456 1457 1458 1459 1460 1461 1463 1464 1465 1466 1467 1468 1469 1470
1455 1456 1457 1458 1459 1460 1461 1462 1464 1465 1466 1467 1468 1469 1470 1471
1456 1457 1458 1459 1460 1461 1462 1463 1465 1466 1467 1468 1469 1470 1471 1472
1457 1458 1459 1460 1461 1462 1463 1464 1466 1467 1468 1469 1470 1471 1472 1473
1458 1459 1460 1461 1462 1463 1464 1465 1467 1468 1469 1470 1471 1472 1473 1474
1459 1460 1461 1462 1463 1464 1465 1466 1468 1469 1470 1471 1472 1473 1474 1475
1460 1461 1462 1463 1464 1465 1466 1467 1469 1470 1471 1472 1473 1474 1475 1476
1461 1462 1463 1464 1465 1466 1467 1468 1470 1471 1472 1473 1474 1475 1476 1477
1462 1463 1464 1465 1466 1467 1468 1469 1471 1472 1473 1474 1475 1476 1477 1478
1463 1464 1465 1466 1467 1468 1469 1470 1472 1473 1474 1475 1476 1477 1478 1479
1464 1465 1466 1467 1468 1469 1470 1471 1473 1474 1475 1476 1477 1478 1479 1480
1465 1466 1467 1468 1469 1470 1471 1472 1474 1475 1476 1477 1478 1479 1480 1481
1466 1467 1468 1469 1470 1471 1472 1473 1475 1476 1477 1478 1479 1480 1481 1482
1467 1468 1469 1470 1471 1472 1473 1474 1476 1477 1478 1479 1480 1481 1482 1483
1468 1469 1470 1471 1472 1473 1474 1475 1477 1478 1479 1480 1481 1482 1483 1484
1469 1470 1471 1472 1473 1474 1475 1476 1478 1479 1480 1481 1482 1483 1484 1485
1470 1471 1472 1473 1474 1475 1476 1477 1479 1480 1481 1482 1483 1484 1485 1486
1471 1472 1473 1474 1475 1476 1477 1478 1480 1481 1482 1483 1484 1485 1486 1487
1472 1473 1474 1475 1476 1477 1478 1479 1481 1482 1483 1484 1485 1486 1487 1488
1473 1474 1475 1476 1477 1478 1479 1480 1482 1483 1484 1485 1486 1487 1488 1489
1474 1475 1476 1477 1478 1479 1480 1481 1483 1484 1485 1486 1487 1488 1489 1490
1475 1476 1477 1478 1479 1480 1481 1482 1484 1485 1486 1487 1488 1489 1490 1491
1476 1477 1478 1479 1480 1481 1482 1483 1485 1486 1487 1488 1489 1490 1491 1492
1477 1478 1479 1480 1481 1482 1483 1484 1486 1487 1488 1489 1490 1491 1492 1493
1478 1479 1480 1481 1482 1483 1484 1485 1487 1488 1489 1490 1491 1492 1493 1494
1479 1480 1481 1482 1483 1484 1485 1486 1488 1489 1490 1491 1492 1493 1494 1495
1480 1481 1482 1483 1484 1485 1486 1487 1489 1490 1491 1492 1493 1494 1495 1496
1481 1482 1483 1484 1485 1486 1487 1488 1490 1491 1492 1493 1494 1495 1496 1497
1482 1483 1484 1485 1486 1487 1488 1489 1491 1492 1493 1494 1495 1496 1497 1498
1483 1484 1485 1486 1487 1488 1489 1490 1492 1493 1494 1495 1496 1497 1498 1499
1484 1485 1486 1487 1488 1489 1490 1491 1493 1494 1495 1496 1497 1498 1499 1500
1485 1486 1487 1488 1489 1490 1491 1492 1494 1495 1496 1497 1498 1499 1500 1501
1486 1487 1488 1489 1490 1491 1492 1493 1495 1496 1497 1498 1499 1500 1501 1502
1487 1488 1489 1490 1491 1492 1493 1494 1496 1497 1498 1499 1500 1501 1502 1503
1488 1489 1490 1491 1492 1493 1494 1495 1497 1498 1499 1500 1501 1502 1503 1504
1489 1490 1491 1492 1493 1494 1495 1496 1498 1499 1500 1501 1502 1503 1504 1505
1490 1491 1492 1493 1494 1495 1496 1497 1499 1500 1501 1502 1503 1504 1505 1506
1491 1492 1493 1494 1495 1496 1497 1498 1500 1501 1502 1503 1504 1505 1506 1507
1492 1493 1494 1495 1496 1497 1498 1499 1501 1502 1503 1504 1505 1506 1507 1508
1493 1494 1495 1496 1497 1498 1499 1500 1502 1503 1504 1505 1506 1507 1508 1509
1494 1495 1496 1497 1498 1499 1500 1501 1503 1504 1505 1506 1507 1508 1509 1510
1495 1496 1497 1498 1499 1500 1501 1502 1504 1505 1506 1507 1508 1509 1510 1511
1496 1497 1498 1499 1500 1501 1502 1503 1505 1506 1507 1508 1509 1510 1511 1512
1497 1498 1499 1500 1501 1502 1503 1504 1506 1507 1508 1509 1510 1511 1512 1513
1498 1499 1500 1501 1502 1503 1504 1505 1507 1508 1509 1510 1511 1512 1513 1514
1499 1500 1501 1502 1503 1504 1505 1506 1508 1509 1510 1511 1512 1513 1514 1515
1500 1501 1502 1503 1504 1505 1506 1507 1509 1510 1511 1512 1513 1514 1515 1516
1501 1502 1503 1504 1505 1506 1507 1508 1510 1511 1512 1513 1514 1515 1516 1517
1502 1503 1504 1505 1506 1507 1508 1509 1511 1512 1513 1514 1515 1516 1517 1518
1503 1504 1505 1506 1507 1508 1509 1510 1512 1513 1514 1515 1516 1517 1518 1519
1504 1505 1506 1507 1508 1509 1510 1511 1513 1514 1515 1516 1517 1518 1519 1520
1505 1506 1507 1508 1509 1510 1511 1512 1514 1515 1516 1517 1518 1519 1520 1521
1506 1507 1508 1509 1510 1511 1512 1513 1515 1516 1517 1518 1519 1520 1521 1522
1507 1508 1509 1510 1511 1512 1513 1514 1516 1517 1518 1519 1520 1521 1522 1523
1508 1509 1510 1511 1512 1513 1514 1515 1517 1518 1519 1520 1521 1522 1523 1524
1509 1510 1511 1512 1513 1514 1515 1516 1518 1519 1520 1521 1522 1523 1524 1525
1510 1511 1512 1513 1514 1515 1516 1517 1519 1520 1521 1522 1523 1524 1525 1526
1511 1512 1513 1514 1515 1516 1517 1518 1520 1521 1522 1523 1524 1525 1526 1527
1512 1513 1514 1515 1516 1517 1518 1519 1521 1522 1523 1524 1525 1526 1527 1528
1513 1514 1515 1516 1517 1518 1519 1520 1522 1523 1524 1525 1526 1527 1528 1529
1514 1515 1516 1517 1518 1519 1520 1521 1523 1524 1525 1526 1527 1528 1529 1530
1515 1516 1517 1518 1519 1520 1521 1522 1524 1525 1526 1527 1528 1529 1530 1531
1516 1517 1518 1519 1520 1521 1522 1523 1525 1526 1527 1528 1529 1530 1531 1532
1517 1518 1519 1520 1521 1522 1523 1524 1526 1527 1528 1529 1530 1531 1532 1533
1518 1519 1520 1521 1522 1523 1524 1525 1527 1528 1529 1530 1531 1532 1533 1534
1519 1520 1521 1522 1523 1524 1525 1526 1528 1529 1530 1531 1532 1533 1534 1535
1520 1521 1522 1523 1524 1525 1526 1527 1529 1530 1531 1532 1533 1534 1535 1536
1521 1522 1523 1524 1525 1526 1527 1528 1530 1531 1532 1533 1534 1535 1536 1537
1522 1523 1524 1525 1526 1527 1528 1529 1531 1532 1533 1534 1535 1536 1537 1538
1523 1524 1525 1526 1527 1528 1529 1530 1532 1533 1534 1535 1536 1537 1538 1539
1524 1525 1526 1527 1528 1529 1530 1531 1533 1534 1535 1536 1537 1538 1539 1540
1525 1526 1527 1528 1529 1530 1531 1532 1534 1535 1536 1537 1538 1539 1540 1541
1526 1527 1528 1529 1530 1531 1532 1533 1535 1536 1537 1538 1539 1540 1541 1542
1527 1528 1529 1530 1531 1532 1533 1534 1536 1537 1538 1539 1540 1541 1542 1543
1528 1529 1530 1531 1532 1533 1534 1535 1537 1538 1539 1540 1541 1542 1543 1544
1529 1530 1531 1532 1533 1534 1535 1536 1538 1539 1540 1541 1542 1543 1544 1545
1530 1531 1532 1533 1534 1535 1536 1537 1539 1540 1541 1542 1543 1544 1545 1546
1531 1532 1533 1534 1535 1536 1537 1538 1540 1541 1542 1543 1544 1545 1546 1547
1532 1533 1534 1535 1536 1537 1538 1539 1541 1542 1543 1544 1545 1546 1547 1548
1533 1534 1535 1536 1537 1538 1539 1540 1542 1543 1544 1545 1546 1547 1548 1549
1534 1535 1536 1537 1538 1539 1540 1541 1543 1544 1545 1546 1547 1548 1549 1550
1535 1536 1537 1538 1539 1540 1541 1542 1544 1545 1546 1547 1548 1549 1550 1551
1536 1537 1538 1539 1540 1541 1542 1543 1545 1546 1547 1548 1549 1550 1551 1552
1537 1538 1539 1540 1541 1542 1543 1544 1546 1547 1548 1549 1550 1551 1552 1553
1538 1539 1540 1541 1542 1543 1544 1545 1547 1548 1549 1550 1551 1552 1553 1554
1539 1540 1541 1542 1543 1544 1545 1546 1548 1549 1550 1551 1552 1553 1554 1555
1540 1541 1542 1543 1544 1545 1546 1547 1549 1550 1551 1552 1553 1554 1555 1556
1541 1542 1543 1544 1545 1546 1547 1548 1550 1551 1552 1553 1554 1555 1556 1557
1542 1543 1544 1545 1546 1547 1548 1549 1551 1552 1553 1554 1555 1556 1557 1558
1543 1544 1545 1546 1547 1548 1549 1550 1552 1553 1554 1555 1556 1557 1558 1559
1544 1545 1546 1547 1548 1549 1550 1551 1553 1554 1555 1556 1557 1558 1559 1560
1545 1546 1547 1548 1549 1550 1551 1552 1554 1555 1556 1557 1558 1559 1560 1561
1546 1547 1548 1549 1550 1551 1552 1553 1555 1556 1557 1558 1559 1560 1561 1562
1547 1548 1549 1550 1551 1552 1553 1554 1556 1557 1558 1559 1560 1561 1562 1563
1548 1549 1550 1551 1552 1553 1554 1555 1557 1558 1559 1560 1561 1562 1563 1564
1549 1550 1551 1552 1553 1554 1555 1556 1558 1559 1560 1561 1562 1563 1564 1565
1550 1551 1552 1553 1554 1555 1556 1557 1559 1560 1561 1562 1563 1564 1565 1566
1551 1552 1553 1554 1555 1556 1557 1558 1560 1561 1562 1563 1564 1565 1566 1567
1552 1553 1554 1555 1556 1557 1558 1559 1561 1562 1563 1564 1565 1566 1567 1568
1553 1554 1555 1556 1557 1558 1559 1560 1562 1563 1564 1565 1566 1567 1568 1569
1554 1555 1556 1557 1558 1559 1560 1561 1563 1564 1565 1566 1567 1568 1569 1570
1555 1556 1557 1558 1559 1560 1561 1562 1564 1565 1566 1567 1568 1569 1570 1571
1556 1557 1558 1559 1560 1561 1562 1563 1565 1566 1567 1568 1569 1570 1571 1572
1557 1558 1559 1560 1561 1562 1563 1564 1566 1567 1568 1569 1570 1571 1572 1573
1558 1559 1560 1561 1562 1563 1564 1565 1567 1568 1569 1570 1571 1572 1573 1574
1559 1560 1561 1562 1563 1564 1565 1566 1568 1569 1570 1571 1572 1573 1574 1575
1560 1561 1562 1563 1564 1565 1566 1567 1569 1570 1571 1572 1573 1574 1575 1576
1561 1562 1563 1564 1565 1566 1567 1568 1570 1571 1572 1573 1574 1575 1576 1577
1562 1563 1564 1565 1566 1567 1568 1569 1571 1572 1573 1574 1575 1576 1577 1578
1563 1564 1565 1566 1567 1568 1569 1570 1572 1573 1574 1575 1576 1577 1578 1579
1564 1565 1566 1567 1568 1569 1570 1571 1573 1574 1575 1576 1577 1578 1579 1580
1565 1566 1567 1568 1569 1570 1571 1572 1574 1575 1576 1577 1578 1579 1580 1581
1566 1567 1568 1569 1570 1571 1572 1573 1575 1576 1577 1578 1579 1580 1581 1582
1567 1568 1569 1570 1571 1572 1573 1574 1576 1577 1578 1579 1580 1581 1582 1583
1568 1569 1570 1571 1572 1573 1574 1575 1577 1578 1579 1580 1581 1582 1583 1584
1569 1570 1571 1572 1573 1574 1575 1576 1578 1579 1580 1581 1582 1583 1584 1585
1570 1571 1572 1573 1574 1575 1576 1577 1579 1580 1581 1582 1583 1584 1585 1586
1571 1572 1573 1574 1575 1576 1577 1578 1580 1581 1582 1583 1584 1585 1586 1587
1572 1573 1574 1575 1576 1577 1578 1579 1581 1582 1583 1584 1585 1586 1587 1588
1573 1574 1575 1576 1577 1578 1579 1580 1582 1583 1584 1585 1586 1587 1588 1589
1574 1575 1576 1577 1578 1579 1580 1581 1583 1584 1585 1586 1587 1588 1589 1590
1575 1576 1577 1578 1579 1580 1581 1582 1584 1585 1586 1587 1588 1589 1590 1591
1576 1577 1578 1579 1580 1581 1582 1583 1585 1586 1587 1588 1589 1590 1591 1592
1577 1578 1579 1580 1581 1582 1583 1584 1586 1587 1588 1589 1590 1591 1592 1593
1578 1579 1580 1581 1582 1583 1584 1585 1587 1588 1589 1590 1591 1592 1593 1594
1579 1580 1581 1582 1583 1584 1585 1586 1588 1589 1590 1591 1592 1593 1594 1595
1580 1581 1582 1583 1584 1585 1586 1587 1589 1590 1591 1592 1593 1594 1595 1596
1581 1582 1583 1584 1585 1586 1587 1588 1590 1591 1592 1593 1594 1595 1596 1597
1582 1583 1584 1585 1586 1587 1588 1589 1591 1592 1593 1594 1595 1596 1597 1598
1583 1584 1585 1586 1587 1588 1589 1590 1592 1593 1594 1595 1596 1597 1598 1599
1584 1585 1586 1587 1588 1589 1590 1591 1593 1594 1595 1596 1597 1598 1599 1600
1585 1586 1587 1588 1589 1590 1591 1592 1594 1595 1596 1597 1598 1599 1600 1601
1586 1587 1588 1589 1590 1591 1592 1593 1595 1596 1597 1598 1599 1600 1601 1602
1587 1588 1589 1590 1591 1592 1593 1594 1596 1597 1598 1599 1600 1601 1602 1603
1588 1589 1590 1591 1592 1593 1594 1595 1597 1598 1599 1600 1601 1602 1603 1604
1589 1590 1591 1592 1593 1594 1595 1596 1598 1599 1600 1601 1602 1603 1604 1605
1590 1591 1592 1593 1594 1595 1596 1597 1599 1600 1601 1602 1603 1604 1605 1606
1591 1592 1593 1594 1595 1596 1597 1598 1600 1601 1602 1603 1604 1605 1606 1607
1592 1593 1594 1595 1596 1597 1598 1599 1601 1602 1603 1604 1605 1606 1607 1608
1593 1594 1595 1596 1597 1598 1599 1600 1602 1603 1604 1605 1606 1607 1608 1609
1594 1595 1596 1597 1598 1599 1600 1601 1603 1604 1605 1606 1607 1608 1609 1610
1595 1596 1597 1598 1599 1600 1601 1602 1604 1605 1606 1607 1608 1609 1610 1611
1596 1597 1598 1599 1600 1601 1602 1603 1605 1606 1607 1608 1609 1610 1611 1612
1597 1598 1599 1600 1601 1602 1603 1604 1606 1607 1608 1609 1610 1611 1612 1613
1598 1599 1600 1601 1602 1603 1604 1605 1607 1608 1609 1610 1611 1612 1613 1614
1599 1600 1601 1602 1603 1604 1605 1606 1608 1609 1610 1611 1612 1613 1614 1615
1600 1601 1602 1603 1604 1605 1606 1607 1609 1610 1611 1612 1613 1614 1615 1616
1601 1602 1603 1604 1605 1606 1607 1608 1610 1611 1612 1613 1614 1615 1616 1617
1602 1603 1604 1605 1606 1607 1608 1609 1611 1612 1613 1614 1615 1616 1617 1618
1603 1604 1605 1606 1607 1608 1609 1610 1612 1613 1614 1615 1616 1617 1618 1619
1604 1605 1606 1607 1608 1609 1610 1611 1613 1614 1615 1616 1617 1618 1619 1620
1605 1606 1607 1608 1609 1610 1611 1612 1614 1615 1616 1617 1618 1619 1620 1621
1606 1607 1608 1609 1610 1611 1612 1613 1615 1616 1617 1618 1619 1620 1621 1622
1607 1608 1609 1610 1611 1612 1613 1614 1616 1617 1618 1619 1620 1621 1622 1623
1608 1609 1610 1611 1612 1613 1614 1615 1617 1618 1619 1620 1621 1622 1623 1624
1609 1610 1611 1612 1613 1614 1615 1616 1618 1619 1620 1621 1622 1623 1624 1625
1610 1611 1612 1613 1614 1615 1616 1617 1619 1620 1621 1622 1623 1624 1625 1626
1611 1612 1613 1614 1615 1616 1617 1618 1620 1621 1622 1623 1624 1625 1626 1627
1612 1613 1614 1615 1616 1617 1618 1619 1621 1622 1623 1624 1625 1626 1627 1628
1613 1614 1615 1616 1617 1618 1619 1620 1622 1623 1624 1625 1626 1627 1628 1629
1614 1615 1616 1617 1618 1619 1620 1621 1623 1624 1625 1626 1627 1628 1629 1630
1615 1616 1617 1618 1619 1620 1621 1622 1624 1625 1626 1627 1628 1629 1630 1631
1616 1617 1618 1619 1620 1621 1622 1623 1625 1626 1627 1628 1629 1630 1631 1632
1617 1618 1619 1620 1621 1622 1623 1624 1626 1627 1628 1629 1630 1631 1632 1633
1618 1619 1620 1621 1622 1623 1624 1625 1627 1628 1629 1630 1631 1632 1633 1634
1619 1620 1621 1622 1623 1624 1625 1626 1628 1629 1630 1631 1632 1633 1634 1635
1620 1621 1622 1623 1624 1625 1626 1627 1629 1630 1631 1632 1633 1634 1635 1636
1621 1622 1623 1624 1625 1626 1627 1628 1630 1631 1632 1633 1634 1635 1636 1637
1622 1623 1624 1625 1626 1627 1628 1629 1631 1632 1633 1634 1635 1636 1637 1638
1623 1624 1625 1626 1627 1628 1629 1630 1632 1633 1634 1635 1636 1637 1638 1639
1624 1625 1626 1627 1628 1629 1630 1631 1633 1634 1635 1636 1637 1638 1639 1640
1625 1626 1627 1628 1629 1630 1631 1632 1634 1635 1636 1637 1638 1639 1640 1641
1626 1627 1628 1629 1630 1631 1632 1633 1635 1636 1637 1638 1639 1640 1641 1642
1627 1628 1629 1630 1631 1632 1633 1634 1636 1637 1638 1639 1640 1641 1642 1643
1628 1629 1630 1631 1632 1633 1634 1635 1637 1638 1639 1640 1641 1642 1643 1644
1629 1630 1631 1632 1633 1634 1635 1636 1638 1639 1640 1641 1642 1643 1644 1645
1630 1631 1632 1633 1634 1635 1636 1637 1639 1640 1641 1642 1643 1644 1645 1646
1631 1632 1633 1634 1635 1636 1637 1638 1640 1641 1642 1643 1644 1645 1646 1647
1632 1633 1634 1635 1636 1637 1638 1639 1641 1642 1643 1644 1645 1646 1647 1648
1633 1634 1635 1636 1637 1638 1639 1640 1642 1643 1644 1645 1646 1647 1648 1649
1634 1635 1636 1637 1638 1639 1640 1641 1643 1644 1645 1646 1647 1648 1649 1650
1635 1636 1637 1638 1639 1640 1641 1642 1644 1645 1646 1647 1648 1649 1650 1651
1636 1637 1638 1639 1640 1641 1642 1643 1645 1646 1647 1648 1649 1650 1651 1652
1637 1638 1639 1640 1641 1642 1643 1644 1646 1647 1648 1649 1650 1651 1652 1653
1638 1639 1640 1641 1642 1643 1644 1645 1647 1648 1649 1650 1651 1652 1653 1654
1639 1640 1641 1642 1643 1644 1645 1646 1648 1649 1650 1651 1652 1653 1654 1655
1640 1641 1642 1643 1644 1645 1646 1647 1649 1650 1651 1652 1653 1654 1655 1656
1641 1642 1643 1644 1645 1646 1647 1648 1650 1651 1652 1653 1654 1655 1656 1657
1642 1643 1644 1645 1646 1647 1648 1649 1651 1652 1653 1654 1655 1656 1657 1658
1643 1644 1645 1646 1647 1648 1649 1650 1652 1653 1654 1655 1656 1657 1658 1659
1644 1645 1646 1647 1648 1649 1650 1651 1653 1654 1655 1656 1657 1658 1659 1660
1645 1646 1647 1648 1649 1650 1651 1652 1654 1655 1656 1657 1658 1659 1660 1661
1646 1647 1648 1649 1650 1651 1652 1653 1655 1656 1657 1658 1659 1660 1661 1662
1647 1648 1649 1650 1651 1652 1653 1654 1656 1657 1658 1659 1660 1661 1662 1663
1648 1649 1650 1651 1652 1653 1654 1655 1657 1658 1659 1660 1661 1662 1663 1664
1649 1650 1651 1652 1653 1654 1655 1656 1658 1659 1660 1661 1662 1663 1664 1665
1650 1651 1652 1653 1654 1655 1656 1657 1659 1660 1661 1662 1663 1664 1665 1666
1651 1652 1653 1654 1655 1656 1657 1658 1660 1661 1662 1663 1664 1665 1666 1667
1652 1653 1654 1655 1656 1657 1658 1659 1661 1662 1663 1664 1665 1666 1667 1668
1653 1654 1655 1656 1657 1658 1659 1660 1662 1663 1664 1665 1666 1667 1668 1669
1654 1655 1656 1657 1658 1659 1660 1661 1663 1664 1665 1666 1667 1668 1669 1670
1655 1656 1657 1658 1659 1660 1661 1662 1664 1665 1666 1667 1668 1669 1670 1671
1656 1657 1658 1659 1660 1661 1662 1663 1665 1666 1667 1668 1669 1670 1671 1672
1657 1658 1659 1660 1661 1662 1663 1664 1666 1667 1668 1669 1670 1671 1672 1673
1658 1659 1660 1661 1662 1663 1664 1665 1667 1668 1669 1670 1671 1672 1673 1674
1659 1660 1661 1662 1663 1664 1665 1666 1668 1669 1670 1671 1672 1673 1674 1675
1660 1661 1662 1663 1664 1665 1666 1667 1669 1670 1671 1672 1673 1674 1675 1676
1661 1662 1663 1664 1665 1666 1667 1668 1670 1671 1672 1673 1674 1675 1676 1677
1662 1663 1664 1665 1666 1667 1668 1669 1671 1672 1673 1674 1675 1676 1677 1678
1663 1664 1665 1666 1667 1668 1669 1670 1672 1673 1674 1675 1676 1677 1678 1679
1664 1665 1666 1667 1668 1669 1670 1671 1673 1674 1675 1676 1677 1678 1679 1680
1665 1666 1667 1668 1669 1670 1671 1672 1674 1675 1676 1677 1678 1679 1680 1681
1666 1667 1668 1669 1670 1671 1672 1673 1675 1676 1677 1678 1679 1680 1681 1682
1667 1668 1669 1670 1671 1672 1673 1674 1676 1677 1678 1679 1680 1681 1682 1683
1668 1669 1670 1671 1672 1673 1674 1675 1677 1678 1679 1680 1681 1682 1683 1684
1669 1670 1671 1672 1673 1674 1675 1676 1678 1679 1680 1681 1682 1683 1684 1685
1670 1671 1672 1673 1674 1675 1676 1677 1679 1680 1681 1682 1683 1684 1685 1686
1671 1672 1673 1674 1675 1676 1677 1678 1680 1681 1682 1683 1684 1685 1686 1687
1672 1673 1674 1675 1676 1677 1678 1679 1681 1682 1683 1684 1685 1686 1687 1688
1673 1674 1675 1676 1677 1678 1679 1680 1682 1683 1684 1685 1686 1687 1688 1689
1674 1675 1676 1677 1678 1679 1680 1681 1683 1684 1685 1686 1687 1688 1689 1690
1675 1676 1677 1678 1679 1680 1681 1682 1684 1685 1686 1687 1688 1689 1690 1691
1676 1677 1678 1679 1680 1681 1682 1683 1685 1686 1687 1688 1689 1690 1691 1692
1677 1678 1679 1680 1681 1682 1683 1684 1686 1687 1688 1689 1690 1691 1692 1693
1678 1679 1680 1681 1682 1683 1684 1685 1687 1688 1689 1690 1691 1692 1693 1694
1679 1680 1681 1682 1683 1684 1685 1686 1688 1689 1690 1691 1692 1693 1694 1695
1680 1681 1682 1683 1684 1685 1686 1687 1689 1690 1691 1692 1693 1694 1695 1696
1681 1682 1683 1684 1685 1686 1687 1688 1690 1691 1692 1693 1694 1695 1696 1697
1682 1683 1684 1685 1686 1687 1688 1689 1691 1692 1693 1694 1695 1696 1697 1698
1683 1684 1685 1686 1687 1688 1689 1690 1692 1693 1694 1695 1696 1697 1698 1699
1684 1685 1686 1687 1688 1689 1690 1691 1693 1694 1695 1696 1697 1698 1699 1700
1685 1686 1687 1688 1689 1690 1691 1692 1694 1695 1696 1697 1698 1699 1700 1701
1686 1687 1688 1689 1690 1691 1692 1693 1695 1696 1697 1698 1699 1700 1701 1702
1687 1688 1689 1690 1691 1692 1693 1694 1696 1697 1698 1699 1700 1701 1702 1703
1688 1689 1690 1691 1692 1693 1694 1695 1697 1698 1699 1700 1701 1702 1703 1704
1689 1690 1691 1692 1693 1694 1695 1696 1698 1699 1700 1701 1702 1703 1704 1705
1690 1691 1692 1693 1694 1695 1696 1697 1699 1700 1701 1702 1703 1704 1705 1706
1691 1692 1693 1694 1695 1696 1697 1698 1700 1701 1702 1703 1704 1705 1706 1707
1692 1693 1694 1695 1696 1697 1698 1699 1701 1702 1703 1704 1705 1706 1707 1708
1693 1694 1695 1696 1697 1698 1699 1700 1702 1703 1704 1705 1706 1707 1708 1709
1694 1695 1696 1697 1698 1699 1700 1701 1703 1704 1705 1706 1707 1708 1709 1710
1695 1696 1697 1698 1699 1700 1701 1702 1704 1705 1706 1707 1708 1709 1710 1711
1696 1697 1698 1699 1700 1701 1702 1703 1705 1706 1707 1708 1709 1710 1711 1712
1697 1698 1699 1700 1701 1702 1703 1704 1706 1707 1708 1709 1710 1711 1712 1713
1698 1699 1700 1701 1702 1703 1704 1705 1707 1708 1709 1710 1711 1712 1713 1714
1699 1700 1701 1702 1703 1704 1705 1706 1708 1709 1710 1711 1712 1713 1714 1715
1700 1701 1702 1703 1704 1705 1706 1707 1709 1710 1711 1712 1713 1714 1715 1716
1701 1702 1703 1704 1705 1706 1707 1708 1710 1711 1712 1713 1714 1715 1716 1717
1702 1703 1704 1705 1706 1707 1708 1709 1711 1712 1713 1714 1715 1716 1717 1718
1703 1704 1705 1706 1707 1708 1709 1710 1712 1713 1714 1715 1716 1717 1718 1719
1704 1705 1706 1707 1708 1709 1710 1711 1713 1714 1715 1716 1717 1718 1719 1720
1705 1706 1707 1708 1709 1710 1711 1712 1714 1715 1716 1717 1718 1719 1720 1721
1706 1707 1708 1709 1710 1711 1712 1713 1715 1716 1717 1718 1719 1720 1721 1722
1707 1708 1709 1710 1711 1712 1713 1714 1716 1717 1718 1719 1720 1721 1722 1723
1708 1709 1710 1711 1712 1713 1714 1715 1717 1718 1719 1720 1721 1722 1723 1724
1709 1710 1711 1712 1713 1714 1715 1716 1718 1719 1720 1721 1722 1723 1724 1725
1710 1711 1712 1713 1714 1715 1716 1717 1719 1720 1721 1722 1723 1724 1725 1726
1711 1712 1713 1714 1715 1716 1717 1718 1720 1721 1722 1723 1724 1725 1726 1727
1712 1713 1714 1715 1716 1717 1718 1719 1721 1722 1723 1724 1725 1726 1727 1728
1713 1714 1715 1716 1717 1718 1719 1720 1722 1723 1724 1725 1726 1727 1728 1729
1714 1715 1716 1717 1718 1719 1720 1721 1723 1724 1725 1726 1727 1728 1729 1730
1715 1716 1717 1718 1719 1720 1721 1722 1724 1725 1726 1727 1728 1729 1730 1731
1716 1717 1718 1719 1720 1721 1722 1723 1725 1726 1727 1728 1729 1730 1731 1732
1717 1718 1719 1720 1721 1722 1723 1724 1726 1727 1728 1729 1730 1731 1732 1733
1718 1719 1720 1721 1722 1723 1724 1725 1727 1728 1729 1730 1731 1732 1733 1734
1719 1720 1721 1722 1723 1724 1725 1726 1728 1729 1730 1731 1732 1733 1734 1735
1720 1721 1722 1723 1724 1725 1726 1727 1729 1730 1731 1732 1733 1734 1735 1736
1721 1722 1723 1724 1725 1726 1727 1728 1730 1731 1732 1733 1734 1735 1736 1737
1722 1723 1724 1725 1726 1727 1728 1729 1731 1732 1733 1734 1735 1736 1737 1738
1723 1724 1725 1726 1727 1728 1729 1730 1732 1733 1734 1735 1736 1737 1738 1739
1724 1725 1726 1727 1728 1729 1730 1731 1733 1734 1735 1736 1737 1738 1739 1740
1725 1726 1727 1728 1729 1730 1731 1732 1734 1735 1736 1737 1738 1739 1740 1741
1726 1727 1728 1729 1730 1731 1732 1733 1735 1736 1737 1738 1739 1740 1741 1742
1727 1728 1729 1730 1731 1732 1733 1734 1736 1737 1738 1739 1740 1741 1742 1743
1728 1729 1730 1731 1732 1733 1734 1735 1737 1738 1739 1740 1741 1742 1743 1744
1729 1730 1731 1732 1733 1734 1735 1736 1738 1739 1740 1741 1742 1743 1744 1745
1730 1731 1732 1733 1734 1735 1736 1737 1739 1740 1741 1742 1743 1744 1745 1746
1731 1732 1733 1734 1735 1736 1737 1738 1740 1741 1742 1743 1744 1745 1746 1747
1732 1733 1734 1735 1736 1737 1738 1739 1741 1742 1743 1744 1745 1746 1747 1748
1733 1734 1735 1736 1737 1738 1739 1740 1742 1743 1744 1745 1746 1747 1748 1749
1734 1735 1736 1737 1738 1739 1740 1741 1743 1744 1745 1746 1747 1748 1749 1750
1735 1736 1737 1738 1739 1740 1741 1742 1744 1745 1746 1747 1748 1749 1750 1751
1736 1737 1738 1739 1740 1741 1742 1743 1745 1746 1747 1748 1749 1750 1751 1752
1737 1738 1739 1740 1741 1742 1743 1744 1746 1747 1748 1749 1750 1751 1752 1753
1738 1739 1740 1741 1742 1743 1744 1745 1747 1748 1749 1750 1751 1752 1753 1754
1739 1740 1741 1742 1743 1744 1745 1746 1748 1749 1750 1751 1752 1753 1754 1755
1740 1741 1742 1743 1744 1745 1746 1747 1749 1750 1751 1752 1753 1754 1755 1756
1741 1742 1743 1744 1745 1746 1747 1748 1750 1751 1752 1753 1754 1755 1756 1757
1742 1743 1744 1745 1746 1747 1748 1749 1751 1752 1753 1754 1755 1756 1757 1758
1743 1744 1745 1746 1747 1748 1749 1750 1752 1753 1754 1755 1756 1757 1758 1759
1744 1745 1746 1747 1748 1749 1750 1751 1753 1754 1755 1756 1757 1758 1759 1760
1745 1746 1747 1748 1749 1750 1751 1752 1754 1755 1756 1757 1758 1759 1760 1761
1746 1747 1748 1749 1750 1751 1752 1753 1755 1756 1757 1758 1759 1760 1761 1762
1747 1748 1749 1750 1751 1752 1753 1754 1756 1757 1758 1759 1760 1761 1762 1763
1748 1749 1750 1751 1752 1753 1754 1755 1757 1758 1759 1760 1761 1762 1763 1764
1749 1750 1751 1752 1753 1754 1755 1756 1758 1759 1760 1761 1762 1763 1764 1765
1750 1751 1752 1753 1754 1755 1756 1757 1759 1760 1761 1762 1763 1764 1765 1766
1751 1752 1753 1754 1755 1756 1757 1758 1760 1761 1762 1763 1764 1765 1766 1767
1752 1753 1754 1755 1756 1757 1758 1759 1761 1762 1763 1764 1765 1766 1767 1768
1753 1754 1755 1756 1757 1758 1759 1760 1762 1763 1764 1765 1766 1767 1768 1769
1754 1755 1756 1757 1758 1759 1760 1761 1763 1764 1765 1766 1767 1768 1769 1770
1755 1756 1757 1758 1759 1760 1761 1762 1764 1765 1766 1767 1768 1769 1770 1771
1756 1757 1758 1759 1760 1761 1762 1763 1765 1766 1767 1768 1769 1770 1771 1772
1757 1758 1759 1760 1761 1762 1763 1764 1766 1767 1768 1769 1770 1771 1772 1773
1758 1759 1760 1761 1762 1763 1764 1765 1767 1768 1769 1770 1771 1772 1773 1774
1759 1760 1761 1762 1763 1764 1765 1766 1768 1769 1770 1771 1772 1773 1774 1775
1760 1761 1762 1763 1764 1765 1766 1767 1769 1770 1771 1772 1773 1774 1775 1776
1761 1762 1763 1764 1765 1766 1767 1768 1770 1771 1772 1773 1774 1775 1776 1777
1762 1763 1764 1765 1766 1767 1768 1769 1771 1772 1773 1774 1775 1776 1777 1778
1763 1764 1765 1766 1767 1768 1769 1770 1772 1773 1774 1775 1776 1777 1778 1779
1764 1765 1766 1767 1768 1769 1770 1771 1773 1774 1775 1776 1777 1778 1779 1780
1765 1766 1767 1768 1769 1770 1771 1772 1774 1775 1776 1777 1778 1779 1780 1781
1766 1767 1768 1769 1770 1771 1772 1773 1775 1776 1777 1778 1779 1780 1781 1782
1767 1768 1769 1770 1771 1772 1773 1774 1776 1777 1778 1779 1780 1781 1782 1783
1768 1769 1770 1771 1772 1773 1774 1775 1777 1778 1779 1780 1781 1782 1783 1784
1769 1770 1771 1772 1773 1774 1775 1776 1778 1779 1780 1781 1782 1783 1784 1785
1770 1771 1772 1773 1774 1775 1776 1777 1779 1780 1781 1782 1783 1784 1785 1786
1771 1772 1773 1774 1775 1776 1777 1778 1780 1781 1782 1783 1784 1785 1786 1787
1772 1773 1774 1775 1776 1777 1778 1779 1781 1782 1783 1784 1785 1786 1787 1788
1773 1774 1775 1776 1777 1778 1779 1780 1782 1783 1784 1785 1786 1787 1788 1789
1774 1775 1776 1777 1778 1779 1780 1781 1783 1784 1785 1786 1787 1788 1789 1790
1775 1776 1777 1778 1779 1780 1781 1782 1784 1785 1786 1787 1788 1789 1790 1791
1776 1777 1778 1779 1780 1781 1782 1783 1785 1786 1787 1788 1789 1790 1791 1792
1777 1778 1779 1780 1781 1782 1783 1784 1786 1787 1788 1789 1790 1791 1792 1793
1778 1779 1780 1781 1782 1783 1784 1785 1787 1788 1789 1790 1791 1792 1793 1794
1779 1780 1781 1782 1783 1784 1785 1786 1788 1789 1790 1791 1792 1793 1794 1795
1780 1781 1782 1783 1784 1785 1786 1787 1789 1790 1791 1792 1793 1794 1795 1796
1781 1782 1783 1784 1785 1786 1787 1788 1790 1791 1792 1793 1794 1795 1796 1797
1782 1783 1784 1785 1786 1787 1788 1789 1791 1792 1793 1794 1795 1796 1797 1798
1783 1784 1785 1786 1787 1788 1789 1790 1792 1793 1794 1795 1796 1797 1798 1799
1784 1785 1786 1787 1788 1789 1790 1791 1793 1794 1795 1796 1797 1798 1799 1800
1785 1786 1787 1788 1789 1790 1791 1792 1794 1795 1796 1797 1798 1799 1800 1801
1786 1787 1788 1789 1790 1791 1792 1793 1795 1796 1797 1798 1799 1800 1801 1802
1787 1788 1789 1790 1791 1792 1793 1794 1796 1797 1798 1799 1800 1801 1802 1803
1788 1789 1790 1791 1792 1793 1794 1795 1797 1798 1799 1800 1801 1802 1803 1804
1789 1790 1791 1792 1793 1794 1795 1796 1798 1799 1800 1801 1802 1803 1804 1805
1790 1791 1792 1793 1794 1795 1796 1797 1799 1800 1801 1802 1803 1804 1805 1806
1791 1792 1793 1794 1795 1796 1797 1798 1800 1801 1802 1803 1804 1805 1806 1807
1792 1793 1794 1795 1796 1797 1798 1799 1801 1802 1803 1804 1805 1806 1807 1808
1793 1794 1795 1796 1797 1798 1799 1800 1802 1803 1804 1805 1806 1807 1808 1809
1794 1795 1796 1797 1798 1799 1800 1801 1803 1804 1805 1806 1807 1808 1809 1810
1795 1796 1797 1798 1799 1800 1801 1802 1804 1805 1806 1807 1808 1809 1810 1811
1796 1797 1798 1799 1800 1801 1802 1803 1805 1806 1807 1808 1809 1810 1811 1812
1797 1798 1799 1800 1801 1802 1803 1804 1806 1807 1808 1809 1810 1811 1812 1813
1798 1799 1800 1801 1802 1803 1804 1805 1807 1808 1809 1810 1811 1812 1813 1814
1799 1800 1801 1802 1803 1804 1805 1806 1808 1809 1810 1811 1812 1813 1814 1815
1800 1801 1802 1803 1804 1805 1806 1807 1809 1810 1811 1812 1813 1814 1815 1816
1801 1802 1803 1804 1805 1806 1807 1808 1810 1811 1812 1813 1814 1815 1816 1817
1802 1803 1804 1805 1806 1807 1808 1809 1811 1812 1813 1814 1815 1816 1817 1818
1803 1804 1805 1806 1807 1808 1809 1810 1812 1813 1814 1815 1816 1817 1818 1819
1804 1805 1806 1807 1808 1809 1810 1811 1813 1814 1815 1816 1817 1818 1819 1820
1805 1806 1807 1808 1809 1810 1811 1812 1814 1815 1816 1817 1818 1819 1820 1821
1806 1807 1808 1809 1810 1811 1812 1813 1815 1816 1817 1818 1819 1820 1821 1822
1807 1808 1809 1810 1811 1812 1813 1814 1816 1817 1818 1819 1820 1821 1822 1823
1808 1809 1810 1811 1812 1813 1814 1815 1817 1818 1819 1820 1821 1822 1823 1824
1809 1810 1811 1812 1813 1814 1815 1816 1818 1819 1820 1821 1822 1823 1824 1825
1810 1811 1812 1813 1814 1815 1816 1817 1819 1820 1821 1822 1823 1824 1825 1826
1811 1812 1813 1814 1815 1816 1817 1818 1820 1821 1822 1823 1824 1825 1826 1827
1812 1813 1814 1815 1816 1817 1818 1819 1821 1822 1823 1824 1825 1826 1827 1828
1813 1814 1815 1816 1817 1818 1819 1820 1822 1823 1824 1825 1826 1827 1828 1829
1814 1815 1816 1817 1818 1819 1820 1821 1823 1824 1825 1826 1827 1828 1829 1830
1815 1816 1817 1818 1819 1820 1821 1822 1824 1825 1826 1827 1828 1829 1830 1831
1816 1817 1818 1819 1820 1821 1822 1823 1825 1826 1827 1828 1829 1830 1831 1832
1817 1818 1819 1820 1821 1822 1823 1824 1826 1827 1828 1829 1830 1831 1832 1833
1818 1819 1820 1821 1822 1823 1824 1825 1827 1828 1829 1830 1831 1832 1833 1834
1819 1820 1821 1822 1823 1824 1825 1826 1828 1829 1830 1831 1832 1833 1834 1835
1820 1821 1822 1823 1824 1825 1826 1827 1829 1830 1831 1832 1833 1834 1835 1836
1821 1822 1823 1824 1825 1826 1827 1828 1830 1831 1832 1833 1834 1835 1836 1837
1822 1823 1824 1825 1826 1827 1828 1829 1831 1832 1833 1834 1835 1836 1837 1838
1823 1824 1825 1826 1827 1828 1829 1830 1832 1833 1834 1835 1836 1837 1838 1839
1824 1825 1826 1827 1828 1829 1830 1831 1833 1834 1835 1836 1837 1838 1839 1840
1825 1826 1827 1828 1829 1830 1831 1832 1834 1835 1836 1837 1838 1839 1840 1841
1826 1827 1828 1829 1830 1831 1832 1833 1835 1836 1837 1838 1839 1840 1841 1842
1827 1828 1829 1830 1831 1832 1833 1834 1836 1837 1838 1839 1840 1841 1842 1843
1828 1829 1830 1831 1832 1833 1834 1835 1837 1838 1839 1840 1841 1842 1843 1844
1829 1830 1831 1832 1833 1834 1835 1836 1838 1839 1840 1841 1842 1843 1844 1845
1830 1831 1832 1833 1834 1835 1836 1837 1839 1840 1841 1842 1843 1844 1845 1846
1831 1832 1833 1834 1835 1836 1837 1838 1840 1841 1842 1843 1844 1845 1846 1847
1832 1833 1834 1835 1836 1837 1838 1839 1841 1842 1843 1844 1845 1846 1847 1848
1833 1834 1835 1836 1837 1838 1839 1840 1842 1843 1844 1845 1846 1847 1848 1849
1834 1835 1836 1837 1838 1839 1840 1841 1843 1844 1845 1846 1847 1848 1849 1850
1835 1836 1837 1838 1839 1840 1841 1842 1844 1845 1846 1847 1848 1849 1850 1851
1836 1837 1838 1839 1840 1841 1842 1843 1845 1846 1847 1848 1849 1850 1851 1852
1837 1838 1839 1840 1841 1842 1843 1844 1846 1847 1848 1849 1850 1851 1852 1853
1838 1839 1840 1841 1842 1843 1844 1845 1847 1848 1849 1850 1851 1852 1853 1854
1839 1840 1841 1842 1843 1844 1845 1846 1848 1849 1850 1851 1852 1853 1854 1855
1840 1841 1842 1843 1844 1845 1846 1847 1849 1850 1851 1852 1853 1854 1855 1856
1841 1842 1843 1844 1845 1846 1847 1848 1850 1851 1852 1853 1854 1855 1856 1857
1842 1843 1844 1845 1846 1847 1848 1849 1851 1852 1853 1854 1855 1856 1857 1858
1843 1844 1845 1846 1847 1848 1849 1850 1852 1853 1854 1855 1856 1857 1858 1859
1844 1845 1846 1847 1848 1849 1850 1851 1853 1854 1855 1856 1857 1858 1859 1860
1845 1846 1847 1848 1849 1850 1851 1852 1854 1855 1856 1857 1858 1859 1860 1861
1846 1847 1848 1849 1850 1851 1852 1853 1855 1856 1857 1858 1859 1860 1861 1862
1847 1848 1849 1850 1851 1852 1853 1854 1856 1857 1858 1859 1860 1861 1862 1863
1848 1849 1850 1851 1852 1853 1854 1855 1857 1858 1859 1860 1861 1862 1863 1864
1849 1850 1851 1852 1853 1854 1855 1856 1858 1859 1860 1861 1862 1863 1864 1865
1850 1851 1852 1853 1854 1855 1856 1857 1859 1860 1861 1862 1863 1864 1865 1866
1851 1852 1853 1854 1855 1856 1857 1858 1860 1861 1862 1863 1864 1865 1866 1867
1852 1853 1854 1855 1856 1857 1858 1859 1861 1862 1863 1864 1865 1866 1867 1868
1853 1854 1855 1856 1857 1858 1859 1860 1862 1863 1864 1865 1866 1867 1868 1869
1854 1855 1856 1857 1858 1859 1860 1861 1863 1864 1865 1866 1867 1868 1869 1870
1855 1856 1857 1858 1859 1860 1861 1862 1864 1865 1866 1867 1868 1869 1870 1871
1856 1857 1858 1859 1860 1861 1862 1863 1865 1866 1867 1868 1869 1870 1871 1872
1857 1858 1859 1860 1861 1862 1863 1864 1866 1867 1868 1869 1870 1871 1872 1873
1858 1859 1860 1861 1862 1863 1864 1865 1867 1868 1869 1870 1871 1872 1873 1874
1859 1860 1861 1862 1863 1864 1865 1866 1868 1869 1870 1871 1872 1873 1874 1875
1860 1861 1862 1863 1864 1865 1866 1867 1869 1870 1871 1872 1873 1874 1875 1876
1861 1862 1863 1864 1865 1866 1867 1868 1870 1871 1872 1873 1874 1875 1876 1877
1862 1863 1864 1865 1866 1867 1868 1869 1871 1872 1873 1874 1875 1876 1877 1878
1863 1864 1865 1866 1867 1868 1869 1870 1872 1873 1874 1875 1876 1877 1878 1879
1864 1865 1866 1867 1868 1869 1870 1871 1873 1874 1875 1876 1877 1878 1879 1880
1865 1866 1867 1868 1869 1870 1871 1872 1874 1875 1876 1877 1878 1879 1880 1881
1866 1867 1868 1869 1870 1871 1872 1873 1875 1876 1877 1878 1879 1880 1881 1882
1867 1868 1869 1870 1871 1872 1873 1874 1876 1877 1878 1879 1880 1881 1882 1883
1868 1869 1870 1871 1872 1873 1874 1875 1877 1878 1879 1880 1881 1882 1883 1884
1869 1870 1871 1872 1873 1874 1875 1876 1878 1879 1880 1881 1882 1883 1884 1885
1870 1871 1872 1873 1874 1875 1876 1877 1879 1880 1881 1882 1883 1884 1885 1886
1871 1872 1873 1874 1875 1876 1877 1878 1880 1881 1882 1883 1884 1885 1886 1887
1872 1873 1874 1875 1876 1877 1878 1879 1881 1882 1883 1884 1885 1886 1887 1888
1873 1874 1875 1876 1877 1878 1879 1880 1882 1883 1884 1885 1886 1887 1888 1889
1874 1875 1876 1877 1878 1879 1880 1881 1883 1884 1885 1886 1887 1888 1889 1890
1875 1876 1877 1878 1879 1880 1881 1882 1884 1885 1886 1887 1888 1889 1890 1891
1876 1877 1878 1879 1880 1881 1882 1883 1885 1886 1887 1888 1889 1890 1891 1892
1877 1878 1879 1880 1881 1882 1883 1884 1886 1887 1888 1889 1890 1891 1892 1893
1878 1879 1880 1881 1882 1883 1884 1885 1887 1888 1889 1890 1891 1892 1893 1894
1879 1880 1881 1882 1883 1884 1885 1886 1888 1889 1890 1891 1892 1893 1894 1895
1880 1881 1882 1883 1884 1885 1886 1887 1889 1890 1891 1892 1893 1894 1895 1896
1881 1882 1883 1884 1885 1886 1887 1888 1890 1891 1892 1893 1894 1895 1896 1897
1882 1883 1884 1885 1886 1887 1888 1889 1891 1892 1893 1894 1895 1896 1897 1898
1883 1884 1885 1886 1887 1888 1889 1890 1892 1893 1894 1895 1896 1897 1898 1899
1884 1885 1886 1887 1888 1889 1890 1891 1893 1894 1895 1896 1897 1898 1899 1900
1885 1886 1887 1888 1889 1890 1891 1892 1894 1895 1896 1897 1898 1899 1900 1901
1886 1887 1888 1889 1890 1891 1892 1893 1895 1896 1897 1898 1899 1900 1901 1902
1887 1888 1889 1890 1891 1892 1893 1894 1896 1897 1898 1899 1900 1901 1902 1903
1888 1889 1890 1891 1892 1893 1894 1895 1897 1898 1899 1900 1901 1902 1903 1904
1889 1890 1891 1892 1893 1894 1895 1896 1898 1899 1900 1901 1902 1903 1904 1905
1890 1891 1892 1893 1894 1895 1896 1897 1899 1900 1901 1902 1903 1904 1905 1906
1891 1892 1893 1894 1895 1896 1897 1898 1900 1901 1902 1903 1904 1905 1906 1907
1892 1893 1894 1895 1896 1897 1898 1899 1901 1902 1903 1904 1905 1906 1907 1908
1893 1894 1895 1896 1897 1898 1899 1900 1902 1903 1904 1905 1906 1907 1908 1909
1894 1895 1896 1897 1898 1899 1900 1901 1903 1904 1905 1906 1907 1908 1909 1910
1895 1896 1897 1898 1899 1900 1901 1902 1904 1905 1906 1907 1908 1909 1910 1911
1896 1897 1898 1899 1900 1901 1902 1903 1905 1906 1907 1908 1909 1910 1911 1912
1897 1898 1899 1900 1901 1902 1903 1904 1906 1907 1908 1909 1910 1911 1912 1913
1898 1899 1900 1901 1902 1903 1904 1905 1907 1908 1909 1910 1911 1912 1913 1914
1899 1900 1901 1902 1903 1904 1905 1906 1908 1909 1910 1911 1912 1913 1914 1915
1900 1901 1902 1903 1904 1905 1906 1907 1909 1910 1911 1912 1913 1914 1915 1916
1901 1902 1903 1904 1905 1906 1907 1908 1910 1911 1912 1913 1914 1915 1916 1917
1902 1903 1904 1905 1906 1907 1908 1909 1911 1912 1913 1914 1915 1916 1917 1918
1903 1904 1905 1906 1907 1908 1909 1910 1912 1913 1914 1915 1916 1917 1918 1919
1904 1905 1906 1907 1908 1909 1910 1911 1913 1914 1915 1916 1917 1918 1919 1920
1905 1906 1907 1908 1909 1910 1911 1912 1914 1915 1916 1917 1918 1919 1920 1921
1906 1907 1908 1909 1910 1911 1912 1913 1915 1916 1917 1918 1919 1920 1921 1922
1907 1908 1909 1910 1911 1912 1913 1914 1916 1917 1918 1919 1920 1921 1922 1923
1908 1909 1910 1911 1912 1913 1914 1915 1917 1918 1919 1920 1921 1922 1923 1924
1909 1910 1911 1912 1913 1914 1915 1916 1918 1919 1920 1921 1922 1923 1924 1925
1910 1911 1912 1913 1914 1915 1916 1917 1919 1920 1921 1922 1923 1924 1925 1926
1911 1912 1913 1914 1915 1916 1917 1918 1920 1921 1922 1923 1924 1925 1926 1927
1912 1913 1914 1915 1916 1917 1918 1919 1921 1922 1923 1924 1925 1926 1927 1928
1913 1914 1915 1916 1917 1918 1919 1920 1922 1923 1924 1925 1926 1927 1928 1929
1914 1915 1916 1917 1918 1919 1920 1921 1923 1924 1925 1926 1927 1928 1929 1930
1915 1916 1917 1918 1919 1920 1921 1922 1924 1925 1926 1927 1928 1929 1930 1931
1916 1917 1918 1919 1920 1921 1922 1923 1925 1926 1927 1928 1929 1930 1931 1932
1917 1918 1919 1920 1921 1922 1923 1924 1926 1927 1928 1929 1930 1931 1932 1933
1918 1919 1920 1921 1922 1923 1924 1925 1927 1928 1929 1930 1931 1932 1933 1934
1919 1920 1921 1922 1923 1924 1925 1926 1928 1929 1930 1931 1932 1933 1934 1935
1920 1921 1922 1923 1924 1925 1926 1927 1929 1930 1931 1932 1933 1934 1935 1936
1921 1922 1923 1924 1925 1926 1927 1928 1930 1931 1932 1933 1934 1935 1936 1937
1922 1923 1924 1925 1926 1927 1928 1929 1931 1932 1933 1934 1935 1936 1937 1938
1923 1924 1925 1926 1927 1928 1929 1930 1932 1933 1934 1935 1936 1937 1938 1939
1924 1925 1926 1927 1928 1929 1930 1931 1933 1934 1935 1936 1937 1938 1939 1940
1925 1926 1927 1928 1929 1930 1931 1932 1934 1935 1936 1937 1938 1939 1940 1941
1926 1927 1928 1929 1930 1931 1932 1933 1935 1936 1937 1938 1939 1940 1941 1942
1927 1928 1929 1930 1931 1932 1933 1934 1936 1937 1938 1939 1940 1941 1942 1943
1928 1929 1930 1931 1932 1933 1934 1935 1937 1938 1939 1940 1941 1942 1943 1944
1929 1930 1931 1932 1933 1934 1935 1936 1938 1939 1940 1941 1942 1943 1944 1945
1930 1931 1932 1933 1934 1935 1936 1937 1939 1940 1941 1942 1943 1944 1945 1946
1931 1932 1933 1934 1935 1936 1937 1938 1940 1941 1942 1943 1944 1945 1946 1947
1932 1933 1934 1935 1936 1937 1938 1939 1941 1942 1943 1944 1945 1946 1947 1948
1933 1934 1935 1936 1937 1938 1939 1940 1942 1943 1944 1945 1946 1947 1948 1949
1934 1935 1936 1937 1938 1939 1940 1941 1943 1944 1945 1946 1947 1948 1949 1950
1935 1936 1937 1938 1939 1940 1941 1942 1944 1945 1946 1947 1948 1949 1950 1951
1936 1937 1938 1939 1940 1941 1942 1943 1945 1946 1947 1948 1949 1950 1951 1952
1937 1938 1939 1940 1941 1942 1943 1944 1946 1947 1948 1949 1950 1951 1952 1953
1938 1939 1940 1941 1942 1943 1944 1945 1947 1948 1949 1950 1951 1952 1953 1954
1939 1940 1941 1942 1943 1944 1945 1946 1948 1949 1950 1951 1952 1953 1954 1955
1940 1941 1942 1943 1944 1945 1946 1947 1949 1950 1951 1952 1953 1954 1955 1956
1941 1942 1943 1944 1945 1946 1947 1948 1950 1951 1952 1953 1954 1955 1956 1957
1942 1943 1944 1945 1946 1947 1948 1949 1951 1952 1953 1954 1955 1956 1957 1958
1943 1944 1945 1946 1947 1948 1949 1950 1952 1953 1954 1955 1956 1957 1958 1959
1944 1945 1946 1947 1948 1949 1950 1951 1953 1954 1955 1956 1957 1958 1959 1960
1945 1946 1947 1948 1949 1950 1951 1952 1954 1955 1956 1957 1958 1959 1960 1961
1946 1947 1948 1949 1950 1951 1952 1953 1955 1956 1957 1958 1959 1960 1961 1962
1947 1948 1949 1950 1951 1952 1953 1954 1956 1957 1958 1959 1960 1961 1962 1963
1948 1949 1950 1951 1952 1953 1954 1955 1957 1958 1959 1960 1961 1962 1963 1964
1949 1950 1951 1952 1953 1954 1955 1956 1958 1959 1960 1961 1962 1963 1964 1965
1950 1951 1952 1953 1954 1955 1956 1957 1959 1960 1961 1962 1963 1964 1965 1966
1951 1952 1953 1954 1955 1956 1957 1958 1960 1961 1962 1963 1964 1965 1966 1967
1952 1953 1954 1955 1956 1957 1958 1959 1961 1962 1963 1964 1965 1966 1967 1968
1953 1954 1955 1956 1957 1958 1959 1960 1962 1963 1964 1965 1966 1967 1968 1969
1954 1955 1956 1957 1958 1959 1960 1961 1963 1964 1965 1966 1967 1968 1969 1970
1955 1956 1957 1958 1959 1960 1961 1962 1964 1965 1966 1967 1968 1969 1970 1971
1956 1957 1958 1959 1960 1961 1962 1963 1965 1966 1967 1968 1969 1970 1971 1972
1957 1958 1959 1960 1961 1962 1963 1964 1966 1967 1968 1969 1970 1971 1972 1973
1958 1959 1960 1961 1962 1963 1964 1965 1967 1968 1969 1970 1971 1972 1973 1974
1959 1960 1961 1962 1963 1964 1965 1966 1968 1969 1970 1971 1972 1973 1974 1975
1960 1961 1962 1963 1964 1965 1966 1967 1969 1970 1971 1972 1973 1974 1975 1976
1961 1962 1963 1964 1965 1966 1967 1968 1970 1971 1972 1973 1974 1975 1976 1977
1962 1963 1964 1965 1966 1967 1968 1969 1971 1972 1973 1974 1975 1976 1977 1978
1963 1964 1965 1966 1967 1968 1969 1970 1972 1973 1974 1975 1976 1977 1978 1979
1964 1965 1966 1967 1968 1969 1970 1971 1973 1974 1975 1976 1977 1978 1979 1980
1965 1966 1967 1968 1969 1970 1971 1972 1974 1975 1976 1977 1978 1979 1980 1981
1966 1967 1968 1969 1970 1971 1972 1973 1975 1976 1977 1978 1979 1980 1981 1982
1967 1968 1969 1970 1971 1972 1973 1974 1976 1977 1978 1979 1980 1981 1982 1983
1968 1969 1970 1971 1972 1973 1974 1975 1977 1978 1979 1980 1981 1982 1983 1984
1969 1970 1971 1972 1973 1974 1975 1976 1978 1979 1980 1981 1982 1983 1984 1985
1970 1971 1972 1973 1974 1975 1976 1977 1979 1980 1981 1982 1983 1984 1985 1986
1971 1972 1973 1974 1975 1976 1977 1978 1980 1981 1982 1983 1984 1985 1986 1987
1972 1973 1974 1975 1976 1977 1978 1979 1981 1982 1983 1984 1985 1986 1987 1988
1973 1974 1975 1976 1977 1978 1979 1980 1982 1983 1984 1985 1986 1987 1988 1989
1974 1975 1976 1977 1978 1979 1980 1981 1983 1984 1985 1986 1987 1988 1989 1990
1975 1976 1977 1978 1979 1980 1981 1982 1984 1985 1986 1987 1988 1989 1990 1991
1976 1977 1978 1979 1980 1981 1982 1983 1985 1986 1987 1988 1989 1990 1991 1992
1977 1978 1979 1980 1981 1982 1983 1984 1986 1987 1988 1989 1990 1991 1992 1993
1978 1979 1980 1981 1982 1983 1984 1985 1987 1988 1989 1990 1991 1992 1993 1994
1979 1980 1981 1982 1983 1984 1985 1986 1988 1989 1990 1991 1992 1993 1994 1995
1980 1981 1982 1983 1984 1985 1986 1987 1989 1990 1991 1992 1993 1994 1995 1996
1981 1982 1983 1984 1985 1986 1987 1988 1990 1991 1992 1993 1994 1995 1996 1997
1982 1983 1984 1985 1986 1987 1988 1989 1991 1992 1993 1994 1995 1996 1997 1998
1983 1984 1985 1986 1987 1988 1989 1990 1992 1993 1994 1995 1996 1997 1998 1999
1984 1985 1986 1987 1988 1989 1990 1991 1993 1994 1995 1996 1997 1998 1999 2000
1985 1986 1987 1988 1989 1990 1991 1992 1994 1995 1996 1997 1998 1999 2000 2001
1986 1987 1988 1989 1990 1991 1992 1993 1995 1996 1997 1998 1999 2000 2001 2002
1987 1988 1989 1990 1991 1992 1993 1994 1996 1997 1998 1999 2000 2001 2002 2003
1988 1989 1990 1991 1992 1993 1994 1995 1997 1998 1999 2000 2001 2002 2003 2004
1989 1990 1991 1992 1993 1994 1995 1996 1998 1999 2000 2001 2002 2003 2004 2005
1990 1991 1992 1993 1994 1995 1996 1997 1999 2000 2001 2002 2003 2004 2005 2006
1991 1992 1993 1994 1995 1996 1997 1998 2000 2001 2002 2003 2004 2005 2006 2007
1992 1993 1994 1995 1996 1997 1998 1999 2001 2002 2003 2004 2005 2006 2007 2008
1993 1994 1995 1996 1997 1998 1999 2000 2002 2003 2004 2005 2006 2007 2008 2009
1994 1995 1996 1997 1998 1999 2000 2001 2003 2004 2005 2006 2007 2008 2009 2010
1995 1996 1997 1998 1999 2000 2001 2002 2004 2005 2006 2007 2008 2009 2010 2011
1996 1997 1998 1999 2000 2001 2002 2003 2005 2006 2007 2008 2009 2010 2011 2012
1997 1998 1999 2000 2001 2002 2003 2004 2006 2007 2008 2009 2010 2011 2012 2013
1998 1999 2000 2001 2002 2003 2004 2005 2007 2008 2009 2010 2011 2012 2013 2014
1999 2000 2001 2002 2003 2004 2005 2006 2008 2009 2010 2011 2012 2013 2014 2015
2000 2001 2002 2003 2004 2005 2006 2007 2009 2010 2011 2012 2013 2014 2015 2016
2001 2002 2003 2004 2005 2006 2007 2008 2010 2011 2012 2013 2014 2015 2016 2017
2002 2003 2004 2005 2006 2007 2008 2009 2011 2012 2013 2014 2015 2016 2017 2018
2003 2004 2005 2006 2007 2008 2009 2010 2012 2013 2014 2015 2016 2017 2018 2019
2004 2005 2006 2007 2008 2009 2010 2011 2013 2014 2015 2016 2017 2018 2019 2020
2005 2006 2007 2008 2009 2010 2011 2012 2014 2015 2016 2017 2018 2019 2020 2021
2006 2007 2008 2009 2010 2011 2012 2013 2015 2016 2017 2018 2019 2020 2021 2022
2007 2008 2009 2010 2011 2012 2013 2014 2016 2017 2018 2019 2020 2021 2022 2023
2008 2009 2010 2011 2012 2013 2014 2015 2017 2018 2019 2020 2021 2022 2023 2024
2009 2010 2011 2012 2013 2014 2015 2016 2018 2019 2020 2021 2022 2023 2024 2025
2010 2011 2012 2013 2014 2015 2016 2017 2019 2020 2021 2022 2023 2024 2025 2026
2011 2012 2013 2014 2015 2016 2017 2018 2020 2021 2022 2023 2024 2025 2026 2027
2012 2013 2014 2015 2016 2017 2018 2019 2021 2022 2023 2024 2025 2026 2027 2028
2013 2014 2015 2016 2017 2018 2019 2020 2022 2023 2024 2025 2026 2027 2028 2029
2014 2015 2016 2017 2018 2019 2020 2021 2023 2024 2025 2026 2027 2028 2029 2030
2015 2016 2017 2018 2019 2020 2021 2022 2024 2025 2026 2027 2028 2029 2030 2031
2016 2017 2018 2019 2020 2021 2022 2023 2025 2026 2027 2028 2029 2030 2031 2032
2017 2018 2019 2020 2021 2022 2023 2024 2026 2027 2028 2029 2030 2031 2032 2033
2018 2019 2020 2021 2022 2023 2024 2025 2027 2028 2029 2030 2031 2032 2033 2034
2019 2020 2021 2022 2023 2024 2025 2026 2028 2029 2030 2031 2032 2033 2034 2035
2020 2021 2022 2023 2024 2025 2026 2027 2029 2030 2031 2032 2033 2034 2035 2036
2021 2022 2023 2024 2025 2026 2027 2028 2030 2031 2032 2033 2034 2035 2036 2037
2022 2023 2024 2025 2026 2027 2028 2029 2031 2032 2033 2034 2035 2036 2037 2038
2023 2024 2025 2026 2027 2028 2029 2030 2032 2033 2034 2035 2036 2037 2038 2039
2024 2025 2026 2027 2028 2029 2030 2031 2033 2034 2035 2036 2037 2038 2039 2040
2025 2026 2027 2028 2029 2030 2031 2032 2034 2035 2036 2037 2038 2039 2040 2041
2026 2027 2028 2029 2030 2031 2032 2033 2035 2036 2037 2038 2039 2040 2041 2042
2027 2028 2029 2030 2031 2032 2033 2034 2036 2037 2038 2039 2040 2041 2042 2043
2028 2029 2030 2031 2032 2033 2034 2035 2037 2038 2039 2040 2041 2042 2043 2044
2029 2030 2031 2032 2033 2034 2035 2036 2038 2039 2040 2041 2042 2043 2044 2045
2030 2031 2032 2033 2034 2035 2036 2037 2039 2040 2041 2042 2043 2044 2045 2046
2031 2032 2033 2034 2035 2036 2037 2038 2040 2041 2042 2043 2044 2045 2046 2047
2032 2033 2034 2035 2036 2037 2038 2039 2041 2042 2043 2044 2045 2046 2047 2048
2033 2034 2035 2036 2037 2038 2039 2040 2042 2043 2044 2045 2046 2047 2048 2049
2034 2035 2036 2037 2038 2039 2040 2041 2043 2044 2045 2046 2047 2048 2049 2050
2035 2036 2037 2038 2039 2040 2041 2042 2044 2045 2046 2047 2048 2049 2050 2051
2036 2037 2038 2039 2040 2041 2042 2043 2045 2046 2047 2048 2049 2050 2051 2052
2037 2038 2039 2040 2041 2042 2043 2044 2046 2047 2048 2049 2050 2051 2052 2053
2038 2039 2040 2041 2042 2043 2044 2045 2047 2048 2049 2050 2051 2052 2053 2054
2039 2040 2041 2042 2043 2044 2045 2046 2048 2049 2050 2051 2052 2053 2054 2055
2040 2041 2042 2043 2044 2045 2046 2047 2049 2050 2051 2052 2053 2054 2055 2056
2041 2042 2043 2044 2045 2046 2047 2048 2050 2051 2052 2053 2054 2055 2056 2057
2042 2043 2044 2045 2046 2047 2048 2049 2051 2052 2053 2054 2055 2056 2057 2058
2043 2044 2045 2046 2047 2048 2049 2050 2052 2053 2054 2055 2056 2057 2058 2059
2044 2045 2046 2047 2048 2049 2050 2051 2053 2054 2055 2056 2057 2058 2059 2060
2045 2046 2047 2048 2049 2050 2051 2052 2054 2055 2056 2057 2058 2059 2060 2061
2046 2047 2048 2049 2050 2051 2052 2053 2055 2056 2057 2058 2059 2060 2061 2062
2047 2048 2049 2050 2051 2052 2053 2054 2056 2057 2058 2059 2060 2061 2062 2063
2048 2049 2050 2051 2052 2053 2054 2055 2057 2058 2059 2060 2061 2062 2063 2064
2049 2050 2051 2052 2053 2054 2055 2056 2058 2059 2060 2061 2062 2063 2064 2065
2050 2051 2052 2053 2054 2055 2056 2057 2059 2060 2061 2062 2063 2064 2065 2066
2051 2052 2053 2054 2055 2056 2057 2058 2060 2061 2062 2063 2064 2065 2066 2067
2052 2053 2054 2055 2056 2057 2058 2059 2061 2062 2063 2064 2065 2066 2067 2068
2053 2054 2055 2056 2057 2058 2059 2060 2062 2063 2064 2065 2066 2067 2068 2069
2054 2055 2056 2057 2058 2059 2060 2061 2063 2064 2065 2066 2067 2068 2069 2070
2055 2056 2057 2058 2059 2060 2061 2062 2064 2065 2066 2067 2068 2069 2070 2071
2056 2057 2058 2059 2060 2061 2062 2063 2065 2066 2067 2068 2069 2070 2071 2072
2057 2058 2059 2060 2061 2062 2063 2064 2066 2067 2068 2069 2070 2071 2072 2073
2058 2059 2060 2061 2062 2063 2064 2065 2067 2068 2069 2070 2071 2072 2073 2074
2059 2060 2061 2062 2063 2064 2065 2066 2068 2069 2070 2071 2072 2073 2074 2075
2060 2061 2062 2063 2064 2065 2066 2067 2069 2070 2071 2072 2073 2074 2075 2076
2061 2062 2063 2064 2065 2066 2067 2068 2070 2071 2072 2073 2074 2075 2076 2077
2062 2063 2064 2065 2066 2067 2068 2069 2071 2072 2073 2074 2075 2076 2077 2078
2063 2064 2065 2066 2067 2068 2069 2070 2072 2073 2074 2075 2076 2077 2078 2079
2064 2065 2066 2067 2068 2069 2070 2071 2073 2074 2075 2076 2077 2078 2079 2080
2065 2066 2067 2068 2069 2070 2071 2072 2074 2075 2076 2077 2078 2079 2080 2081
2066 2067 2068 2069 2070 2071 2072 2073 2075 2076 2077 2078 2079 2080 2081 2082
2067 2068 2069 2070 2071 2072 2073 2074 2076 2077 2078 2079 2080 2081 2082 2083
2068 2069 2070 2071 2072 2073 2074 2075 2077 2078 2079 2080 2081 2082 2083 2084
2069 2070 2071 2072 2073 2074 2075 2076 2078 2079 2080 2081 2082 2083 2084 2085
2070 2071 2072 2073 2074 2075 2076 2077 2079 2080 2081 2082 2083 2084 2085 2086
2071 2072 2073 2074 2075 2076 2077 2078 2080 2081 2082 2083 2084 2085 2086 2087
2072 2073 2074 2075 2076 2077 2078 2079 2081 2082 2083 2084 2085 2086 2087 2088
2073 2074 2075 2076 2077 2078 2079 2080 2082 2083 2084 2085 2086 2087 2088 2089
2074 2075 2076 2077 2078 2079 2080 2081 2083 2084 2085 2086 2087 2088 2089 2090
2075 2076 2077 2078 2079 2080 2081 2082 2084 2085 2086 2087 2088 2089 2090 2091
2076 2077 2078 2079 2080 2081 2082 2083 2085 2086 2087 2088 2089 2090 2091 2092
2077 2078 2079 2080 2081 2082 2083 2084 2086 2087 2088 2089 2090 2091 2092 2093
2078 2079 2080 2081 2082 2083 2084 2085 2087 2088 2089 2090 2091 2092 2093 2094
2079 2080 2081 2082 2083 2084 2085 2086 2088 2089 2090 2091 2092 2093 2094 2095
2080 2081 2082 2083 2084 2085 2086 2087 2089 2090 2091 2092 2093 2094 2095 2096
2081 2082 2083 2084 2085 2086 2087 2088 2090 2091 2092 2093 2094 2095 2096 2097
2082 2083 2084 2085 2086 2087 2088 2089 2091 2092 2093 2094 2095 2096 2097 2098
2083 2084 2085 2086 2087 2088 2089 2090 2092 2093 2094 2095 2096 2097 2098 2099
2084 2085 2086 2087 2088 2089 2090 2091 2093 2094 2095 2096 2097 2098 2099 2100
2085 2086 2087 2088 2089 2090 2091 2092 2094 2095 2096 2097 2098 2099 2100 2101
2086 2087 2088 2089 2090 2091 2092 2093 2095 2096 2097 2098 2099 2100 2101 2102
2087 2088 2089 2090 2091 2092 2093 2094 2096 2097 2098 2099 2100 2101 2102 2103
2088 2089 2090 2091 2092 2093 2094 2095 2097 2098 2099 2100 2101 2102 2103 2104
2089 2090 2091 2092 2093 2094 2095 2096 2098 2099 2100 2101 2102 2103 2104 2105
2090 2091 2092 2093 2094 2095 2096 2097 2099 2100 2101 2102 2103 2104 2105 2106
2091 2092 2093 2094 2095 2096 2097 2098 2100 2101 2102 2103 2104 2105 2106 2107
2092 2093 2094 2095 2096 2097 2098 2099 2101 2102 2103 2104 2105 2106 2107 2108
2093 2094 2095 2096 2097 2098 2099 2100 2102 2103 2104 2105 2106 2107 2108 2109
2094 2095 2096 2097 2098 2099 2100 2101 2103 2104 2105 2106 2107 2108 2109 2110
2095 2096 2097 2098 2099 2100 2101 2102 2104 2105 2106 2107 2108 2109 2110 2111
2096 2097 2098 2099 2100 2101 2102 2103 2105 2106 2107 2108 2109 2110 2111 2112
2097 2098 2099 2100 2101 2102 2103 2104 2106 2107 2108 2109 2110 2111 2112 2113
2098 2099 2100 2101 2102 2103 2104 2105 2107 2108 2109 2110 2111 2112 2113 2114
2099 2100 2101 2102 2103 2104 2105 2106 2108 2109 2110 2111 2112 2113 2114 2115
2100 2101 2102 2103 2104 2105 2106 2107 2109 2110 2111 2112 2113 2114 2115 2116
2101 2102 2103 2104 2105 2106 2107 2108 2110 2111 2112 2113 2114 2115 2116 2117
2102 2103 2104 2105 2106 2107 2108 2109 2111 2112 2113 2114 2115 2116 2117 2118
2103 2104 2105 2106 2107 2108 2109 2110 2112 2113 2114 2115 2116 2117 2118 2119
2104 2105 2106 2107 2108 2109 2110 2111 2113 2114 2115 2116 2117 2118 2119 2120
2105 2106 2107 2108 2109 2110 2111 2112 2114 2115 2116 2117 2118 2119 2120 2121
2106 2107 2108 2109 2110 2111 2112 2113 2115 2116 2117 2118 2119 2120 2121 2122
2107 2108 2109 2110 2111 2112 2113 2114 2116 2117 2118 2119 2120 2121 2122 2123
2108 2109 2110 2111 2112 2113 2114 2115 2117 2118 2119 2120 2121 2122 2123 2124
2109 2110 2111 2112 2113 2114 2115 2116 2118 2119 2120 2121 2122 2123 2124 2125
2110 2111 2112 2113 2114 2115 2116 2117 2119 2120 2121 2122 2123 2124 2125 2126
2111 2112 2113 2114 2115 2116 2117 2118 2120 2121 2122 2123 2124 2125 2126 2127
2112 2113 2114 2115 2116 2117 2118 2119 2121 2122 2123 2124 2125 2126 2127 2128
2113 2114 2115 2116 2117 2118 2119 2120 2122 2123 2124 2125 2126 2127 2128 2129
2114 2115 2116 2117 2118 2119 2120 2121 2123 2124 2125 2126 2127 2128 2129 2130
2115 2116 2117 2118 2119 2120 2121 2122 2124 2125 2126 2127 2128 2129 2130 2131
2116 2117 2118 2119 2120 2121 2122 2123 2125 2126 2127 2128 2129 2130 2131 2132
2117 2118 2119 2120 2121 2122 2123 2124 2126 2127 2128 2129 2130 2131 2132 2133
2118 2119 2120 2121 2122 2123 2124 2125 2127 2128 2129 2130 2131 2132 2133 2134
2119 2120 2121 2122 2123 2124 2125 2126 2128 2129 2130 2131 2132 2133 2134 2135
2120 2121 2122 2123 2124 2125 2126 2127 2129 2130 2131 2132 2133 2134 2135 2136
2121 2122 2123 2124 2125 2126 2127 2128 2130 2131 2132 2133 2134 2135 2136 2137
2122 2123 2124 2125 2126 2127 2128 2129 2131 2132 2133 2134 2135 2136 2137 2138
2123 2124 2125 2126 2127 2128 2129 2130 2132 2133 2134 2135 2136 2137 2138 2139
2124 2125 2126 2127 2128 2129 2130 2131 2133 2134 2135 2136 2137 2138 2139 2140
2125 2126 2127 2128 2129 2130 2131 2132 2134 2135 2136 2137 2138 2139 2140 2141
2126 2127 2128 2129 2130 2131 2132 2133 2135 2136 2137 2138 2139 2140 2141 2142
2127 2128 2129 2130 2131 2132 2133 2134 2136 2137 2138 2139 2140 2141 2142 2143
2128 2129 2130 2131 2132 2133 2134 2135 2137 2138 2139 2140 2141 2142 2143 2144
2129 2130 2131 2132 2133 2134 2135 2136 2138 2139 2140 2141 2142 2143 2144 2145
2130 2131 2132 2133 2134 2135 2136 2137 2139 2140 2141 2142 2143 2144 2145 2146
2131 2132 2133 2134 2135 2136 2137 2138 2140 2141 2142 2143 2144 2145 2146 2147
2132 2133 2134 2135 2136 2137 2138 2139 2141 2142 2143 2144 2145 2146 2147 2148
2133 2134 2135 2136 2137 2138 2139 2140 2142 2143 2144 2145 2146 2147 2148 2149
2134 2135 2136 2137 2138 2139 2140 2141 2143 2144 2145 2146 2147 2148 2149 2150
2135 2136 2137 2138 2139 2140 2141 2142 2144 2145 2146 2147 2148 2149 2150 2151
2136 2137 2138 2139 2140 2141 2142 2143 2145 2146 2147 2148 2149 2150 2151 2152
2137 2138 2139 2140 2141 2142 2143 2144 2146 2147 2148 2149 2150 2151 2152 2153
2138 2139 2140 2141 2142 2143 2144 2145 2147 2148 2149 2150 2151 2152 2153 2154
2139 2140 2141 2142 2143 2144 2145 2146 2148 2149 2150 2151 2152 2153 2154 2155
2140 2141 2142 2143 2144 2145 2146 2147 2149 2150 2151 2152 2153 2154 2155 2156
2141 2142 2143 2144 2145 2146 2147 2148 2150 2151 2152 2153 2154 2155 2156 2157
2142 2143 2144 2145 2146 2147 2148 2149 2151 2152 2153 2154 2155 2156 2157 2158
2143 2144 2145 2146 2147 2148 2149 2150 2152 2153 2154 2155 2156 2157 2158 2159
2144 2145 2146 2147 2148 2149 2150 2151 2153 2154 2155 2156 2157 2158 2159 2160
2145 2146 2147 2148 2149 2150 2151 2152 2154 2155 2156 2157 2158 2159 2160 2161
2146 2147 2148 2149 2150 2151 2152 2153 2155 2156 2157 2158 2159 2160 2161 2162
2147 2148 2149 2150 2151 2152 2153 2154 2156 2157 2158 2159 2160 2161 2162 2163
2148 2149 2150 2151 2152 2153 2154 2155 2157 2158 2159 2160 2161 2162 2163 2164
2149 2150 2151 2152 2153 2154 2155 2156 2158 2159 2160 2161 2162 2163 2164 2165
2150 2151 2152 2153 2154 2155 2156 2157 2159 2160 2161 2162 2163 2164 2165 2166
2151 2152 2153 2154 2155 2156 2157 2158 2160 2161 2162 2163 2164 2165 2166 2167
2152 2153 2154 2155 2156 2157 2158 2159 2161 2162 2163 2164 2165 2166 2167 2168
2153 2154 2155 2156 2157 2158 2159 2160 2162 2163 2164 2165 2166 2167 2168 2169
2154 2155 2156 2157 2158 2159 2160 2161 2163 2164 2165 2166 2167 2168 2169 2170
2155 2156 2157 2158 2159 2160 2161 2162 2164 2165 2166 2167 2168 2169 2170 2171
2156 2157 2158 2159 2160 2161 2162 2163 2165 2166 2167 2168 2169 2170 2171 2172
2157 2158 2159 2160 2161 2162 2163 2164 2166 2167 2168 2169 2170 2171 2172 2173
2158 2159 2160 2161 2162 2163 2164 2165 2167 2168 2169 2170 2171 2172 2173 2174
2159 2160 2161 2162 2163 2164 2165 2166 2168 2169 2170 2171 2172 2173 2174 2175
2160 2161 2162 2163 2164 2165 2166 2167 2169 2170 2171 2172 2173 2174 2175 2176
2161 2162 2163 2164 2165 2166 2167 2168 2170 2171 2172 2173 2174 2175 2176 2177
2162 2163 2164 2165 2166 2167 2168 2169 2171 2172 2173 2174 2175 2176 2177 2178
2163 2164 2165 2166 2167 2168 2169 2170 2172 2173 2174 2175 2176 2177 2178 2179
2164 2165 2166 2167 2168 2169 2170 2171 2173 2174 2175 2176 2177 2178 2179 2180
2165 2166 2167 2168 2169 2170 2171 2172 2174 2175 2176 2177 2178 2179 2180 2181
2166 2167 2168 2169 2170 2171 2172 2173 2175 2176 2177 2178 2179 2180 2181 2182
2167 2168 2169 2170 2171 2172 2173 2174 2176 2177 2178 2179 2180 2181 2182 2183
2168 2169 2170 2171 2172 2173 2174 2175 2177 2178 2179 2180 2181 2182 2183 2184
2169 2170 2171 2172 2173 2174 2175 2176 2178 2179 2180 2181 2182 2183 2184 2185
2170 2171 2172 2173 2174 2175 2176 2177 2179 2180 2181 2182 2183 2184 2185 2186
2171 2172 2173 2174 2175 2176 2177 2178 2180 2181 2182 2183 2184 2185 2186 2187
2172 2173 2174 2175 2176 2177 2178 2179 2181 2182 2183 2184 2185 2186 2187 2188
2173 2174 2175 2176 2177 2178 2179 2180 2182 2183 2184 2185 2186 2187 2188 2189
2174 2175 2176 2177 2178 2179 2180 2181 2183 2184 2185 2186 2187 2188 2189 2190
2175 2176 2177 2178 2179 2180 2181 2182 2184 2185 2186 2187 2188 2189 2190 2191
2176 2177 2178 2179 2180 2181 2182 2183 2185 2186 2187 2188 2189 2190 2191 2192
2177 2178 2179 2180 2181 2182 2183 2184 2186 2187 2188 2189 2190 2191 2192 2193
2178 2179 2180 2181 2182 2183 2184 2185 2187 2188 2189 2190 2191 2192 2193 2194
2179 2180 2181 2182 2183 2184 2185 2186 2188 2189 2190 2191 2192 2193 2194 2195
2180 2181 2182 2183 2184 2185 2186 2187 2189 2190 2191 2192 2193 2194 2195 2196
2181 2182 2183 2184 2185 2186 2187 2188 2190 2191 2192 2193 2194 2195 2196 2197
2182 2183 2184 2185 2186 2187 2188 2189 2191 2192 2193 2194 2195 2196 2197 2198
2183 2184 2185 2186 2187 2188 2189 2190 2192 2193 2194 2195 2196 2197 2198 2199
2184 2185 2186 2187 2188 2189 2190 2191 2193 2194 2195 2196 2197 2198 2199 2200
2185 2186 2187 2188 2189 2190 2191 2192 2194 2195 2196 2197 2198 2199 2200 2201
2186 2187 2188 2189 2190 2191 2192 2193 2195 2196 2197 2198 2199 2200 2201 2202
2187 2188 2189 2190 2191 2192 2193 2194 2196 2197 2198 2199 2200 2201 2202 2203
2188 2189 2190 2191 2192 2193 2194 2195 2197 2198 2199 2200 2201 2202 2203 2204
2189 2190 2191 2192 2193 2194 2195 2196 2198 2199 2200 2201 2202 2203 2204 2205
2190 2191 2192 2193 2194 2195 2196 2197 2199 2200 2201 2202 2203 2204 2205 2206
2191 2192 2193 2194 2195 2196 2197 2198 2200 2201 2202 2203 2204 2205 2206 2207
2192 2193 2194 2195 2196 2197 2198 2199 2201 2202 2203 2204 2205 2206 2207 2208
2193 2194 2195 2196 2197 2198 2199 2200 2202 2203 2204 2205 2206 2207 2208 2209
2194 2195 2196 2197 2198 2199 2200 2201 2203 2204 2205 2206 2207 2208 2209 2210
2195 2196 2197 2198 2199 2200 2201 2202 2204 2205 2206 2207 2208 2209 2210 2211
2196 2197 2198 2199 2200 2201 2202 2203 2205 2206 2207 2208 2209 2210 2211 2212
2197 2198 2199 2200 2201 2202 2203 2204 2206 2207 2208 2209 2210 2211 2212 2213
2198 2199 2200 2201 2202 2203 2204 2205 2207 2208 2209 2210 2211 2212 2213 2214
2199 2200 2201 2202 2203 2204 2205 2206 2208 2209 2210 2211 2212 2213 2214 2215
2200 2201 2202 2203 2204 2205 2206 2207 2209 2210 2211 2212 2213 2214 2215 2216
2201 2202 2203 2204 2205 2206 2207 2208 2210 2211 2212 2213 2214 2215 2216 2217
2202 2203 2204 2205 2206 2207 2208 2209 2211 2212 2213 2214 2215 2216 2217 2218
2203 2204 2205 2206 2207 2208 2209 2210 2212 2213 2214 2215 2216 2217 2218 2219
2204 2205 2206 2207 2208 2209 2210 2211 2213 2214 2215 2216 2217 2218 2219 2220
2205 2206 2207 2208 2209 2210 2211 2212 2214 2215 2216 2217 2218 2219 2220 2221
2206 2207 2208 2209 2210 2211 2212 2213 2215 2216 2217 2218 2219 2220 2221 2222
2207 2208 2209 2210 2211 2212 2213 2214 2216 2217 2218 2219 2220 2221 2222 2223
2208 2209 2210 2211 2212 2213 2214 2215 2217 2218 2219 2220 2221 2222 2223 2224
2209 2210 2211 2212 2213 2214 2215 2216 2218 2219 2220 2221 2222 2223 2224 2225
2210 2211 2212 2213 2214 2215 2216 2217 2219 2220 2221 2222 2223 2224 2225 2226
2211 2212 2213 2214 2215 2216 2217 2218 2220 2221 2222 2223 2224 2225 2226 2227
2212 2213 2214 2215 2216 2217 2218 2219 2221 2222 2223 2224 2225 2226 2227 2228
2213 2214 2215 2216 2217 2218 2219 2220 2222 2223 2224 2225 2226 2227 2228 2229
2214 2215 2216 2217 2218 2219 2220 2221 2223 2224 2225 2226 2227 2228 2229 2230
2215 2216 2217 2218 2219 2220 2221 2222 2224 2225 2226 2227 2228 2229 2230 2231
2216 2217 2218 2219 2220 2221 2222 2223 2225 2226 2227 2228 2229 2230 2231 2232
2217 2218 2219 2220 2221 2222 2223 2224 2226 2227 2228 2229 2230 2231 2232 2233
2218 2219 2220 2221 2222 2223 2224 2225 2227 2228 2229 2230 2231 2232 2233 2234
2219 2220 2221 2222 2223 2224 2225 2226 2228 2229 2230 2231 2232 2233 2234 2235
2220 2221 2222 2223 2224 2225 2226 2227 2229 2230 2231 2232 2233 2234 2235 2236
2221 2222 2223 2224 2225 2226 2227 2228 2230 2231 2232 2233 2234 2235 2236 2237
2222 2223 2224 2225 2226 2227 2228 2229 2231 2232 2233 2234 2235 2236 2237 2238
2223 2224 2225 2226 2227 2228 2229 2230 2232 2233 2234 2235 2236 2237 2238 2239
2224 2225 2226 2227 2228 2229 2230 2231 2233 2234 2235 2236 2237 2238 2239 2240
2225 2226 2227 2228 2229 2230 2231 2232 2234 2235 2236 2237 2238 2239 2240 2241
2226 2227 2228 2229 2230 2231 2232 2233 2235 2236 2237 2238 2239 2240 2241 2242
2227 2228 2229 2230 2231 2232 2233 2234 2236 2237 2238 2239 2240 2241 2242 2243
2228 2229 2230 2231 2232 2233 2234 2235 2237 2238 2239 2240 2241 2242 2243 2244
2229 2230 2231 2232 2233 2234 2235 2236 2238 2239 2240 2241 2242 2243 2244 2245
2230 2231 2232 2233 2234 2235 2236 2237 2239 2240 2241 2242 2243 2244 2245 2246
2231 2232 2233 2234 2235 2236 2237 2238 2240 2241 2242 2243 2244 2245 2246 2247
2232 2233 2234 2235 2236 2237 2238 2239 2241 2242 2243 2244 2245 2246 2247 2248
2233 2234 2235 2236 2237 2238 2239 2240 2242 2243 2244 2245 2246 2247 2248 2249
2234 2235 2236 2237 2238 2239 2240 2241 2243 2244 2245 2246 2247 2248 2249 2250
2235 2236 2237 2238 2239 2240 2241 2242 2244 2245 2246 2247 2248 2249 2250 2251
2236 2237 2238 2239 2240 2241 2242 2243 2245 2246 2247 2248 2249 2250 2251 2252
2237 2238 2239 2240 2241 2242 2243 2244 2246 2247 2248 2249 2250 2251 2252 2253
2238 2239 2240 2241 2242 2243 2244 2245 2247 2248 2249 2250 2251 2252 2253 2254
2239 2240 2241 2242 2243 2244 2245 2246 2248 2249 2250 2251 2252 2253 2254 2255
2240 2241 2242 2243 2244 2245 2246 2247 2249 2250 2251 2252 2253 2254 2255 2256
2241 2242 2243 2244 2245 2246 2247 2248 2250 2251 2252 2253 2254 2255 2256 2257
2242 2243 2244 2245 2246 2247 2248 2249 2251 2252 2253 2254 2255 2256 2257 2258
2243 2244 2245 2246 2247 2248 2249 2250 2252 2253 2254 2255 2256 2257 2258 2259
2244 2245 2246 2247 2248 2249 2250 2251 2253 2254 2255 2256 2257 2258 2259 2260
2245 2246 2247 2248 2249 2250 2251 2252 2254 2255 2256 2257 2258 2259 2260 2261
2246 2247 2248 2249 2250 2251 2252 2253 2255 2256 2257 2258 2259 2260 2261 2262
2247 2248 2249 2250 2251 2252 2253 2254 2256 2257 2258 2259 2260 2261 2262 2263
2248 2249 2250 2251 2252 2253 2254 2255 2257 2258 2259 2260 2261 2262 2263 2264
2249 2250 2251 2252 2253 2254 2255 2256 2258 2259 2260 2261 2262 2263 2264 2265
2250 2251 2252 2253 2254 2255 2256 2257 2259 2260 2261 2262 2263 2264 2265 2266
2251 2252 2253 2254 2255 2256 2257 2258 2260 2261 2262 2263 2264 2265 2266 2267
2252 2253 2254 2255 2256 2257 2258 2259 2261 2262 2263 2264 2265 2266 2267 2268
2253 2254 2255 2256 2257 2258 2259 2260 2262 2263 2264 2265 2266 2267 2268 2269
2254 2255 2256 2257 2258 2259 2260 2261 2263 2264 2265 2266 2267 2268 2269 2270
2255 2256 2257 2258 2259 2260 2261 2262 2264 2265 2266 2267 2268 2269 2270 2271
2256 2257 2258 2259 2260 2261 2262 2263 2265 2266 2267 2268 2269 2270 2271 2272
2257 2258 2259 2260 2261 2262 2263 2264 2266 2267 2268 2269 2270 2271 2272 2273
2258 2259 2260 2261 2262 2263 2264 2265 2267 2268 2269 2270 2271 2272 2273 2274
2259 2260 2261 2262 2263 2264 2265 2266 2268 2269 2270 2271 2272 2273 2274 2275
2260 2261 2262 2263 2264 2265 2266 2267 2269 2270 2271 2272 2273 2274 2275 2276
2261 2262 2263 2264 2265 2266 2267 2268 2270 2271 2272 2273 2274 2275 2276 2277
2262 2263 2264 2265 2266 2267 2268 2269 2271 2272 2273 2274 2275 2276 2277 2278
2263 2264 2265 2266 2267 2268 2269 2270 2272 2273 2274 2275 2276 2277 2278 2279
2264 2265 2266 2267 2268 2269 2270 2271 2273 2274 2275 2276 2277 2278 2279 2280
2265 2266 2267 2268 2269 2270 2271 2272 2274 2275 2276 2277 2278 2279 2280 2281
2266 2267 2268 2269 2270 2271 2272 2273 2275 2276 2277 2278 2279 2280 2281 2282
2267 2268 2269 2270 2271 2272 2273 2274 2276 2277 2278 2279 2280 2281 2282 2283
2268 2269 2270 2271 2272 2273 2274 2275 2277 2278 2279 2280 2281 2282 2283 2284
2269 2270 2271 2272 2273 2274 2275 2276 2278 2279 2280 2281 2282 2283 2284 2285
2270 2271 2272 2273 2274 2275 2276 2277 2279 2280 2281 2282 2283 2284 2285 2286
2271 2272 2273 2274 2275 2276 2277 2278 2280 2281 2282 2283 2284 2285 2286 2287
2272 2273 2274 2275 2276 2277 2278 2279 2281 2282 2283 2284 2285 2286 2287 2288
2273 2274 2275 2276 2277 2278 2279 2280 2282 2283 2284 2285 2286 2287 2288 2289
2274 2275 2276 2277 2278 2279 2280 2281 2283 2284 2285 2286 2287 2288 2289 2290
2275 2276 2277 2278 2279 2280 2281 2282 2284 2285 2286 2287 2288 2289 2290 2291
2276 2277 2278 2279 2280 2281 2282 2283 2285 2286 2287 2288 2289 2290 2291 2292
2277 2278 2279 2280 2281 2282 2283 2284 2286 2287 2288 2289 2290 2291 2292 2293
2278 2279 2280 2281 2282 2283 2284 2285 2287 2288 2289 2290 2291 2292 2293 2294
2279 2280 2281 2282 2283 2284 2285 2286 2288 2289 2290 2291 2292 2293 2294 2295
2280 2281 2282 2283 2284 2285 2286 2287 2289 2290 2291 2292 2293 2294 2295 2296
2281 2282 2283 2284 2285 2286 2287 2288 2290 2291 2292 2293 2294 2295 2296 2297
2282 2283 2284 2285 2286 2287 2288 2289 2291 2292 2293 2294 2295 2296 2297 2298
2283 2284 2285 2286 2287 2288 2289 2290 2292 2293 2294 2295 2296 2297 2298 2299
2284 2285 2286 2287 2288 2289 2290 2291 2293 2294 2295 2296 2297 2298 2299 2300
2285 2286 2287 2288 2289 2290 2291 2292 2294 2295 2296 2297 2298 2299 2300 2301
2286 2287 2288 2289 2290 2291 2292 2293 2295 2296 2297 2298 2299 2300 2301 2302
2287 2288 2289 2290 2291 2292 2293 2294 2296 2297 2298 2299 2300 2301 2302 2303
2288 2289 2290 2291 2292 2293 2294 2295 2297 2298 2299 2300 2301 2302 2303 2304
2289 2290 2291 2292 2293 2294 2295 2296 2298 2299 2300 2301 2302 2303 2304 2305
2290 2291 2292 2293 2294 2295 2296 2297 2299 2300 2301 2302 2303 2304 2305 2306
2291 2292 2293 2294 2295 2296 2297 2298 2300 2301 2302 2303 2304 2305 2306 2307
2292 2293 2294 2295 2296 2297 2298 2299 2301 2302 2303 2304 2305 2306 2307 2308
2293 2294 2295 2296 2297 2298 2299 2300 2302 2303 2304 2305 2306 2307 2308 2309
2294 2295 2296 2297 2298 2299 2300 2301 2303 2304 2305 2306 2307 2308 2309 2310
2295 2296 2297 2298 2299 2300 2301 2302 2304 2305 2306 2307 2308 2309 2310 2311
2296 2297 2298 2299 2300 2301 2302 2303 2305 2306 2307 2308 2309 2310 2311 2312
2297 2298 2299 2300 2301 2302 2303 2304 2306 2307 2308 2309 2310 2311 2312 2313
2298 2299 2300 2301 2302 2303 2304 2305 2307 2308 2309 2310 2311 2312 2313 2314
2299 2300 2301 2302 2303 2304 2305 2306 2308 2309 2310 2311 2312 2313 2314 2315
2300 2301 2302 2303 2304 2305 2306 2307 2309 2310 2311 2312 2313 2314 2315 2316
2301 2302 2303 2304 2305 2306 2307 2308 2310 2311 2312 2313 2314 2315 2316 2317
2302 2303 2304 2305 2306 2307 2308 2309 2311 2312 2313 2314 2315 2316 2317 2318
2303 2304 2305 2306 2307 2308 2309 2310 2312 2313 2314 2315 2316 2317 2318 2319
2304 2305 2306 2307 2308 2309 2310 2311 2313 2314 2315 2316 2317 2318 2319 2320
2305 2306 2307 2308 2309 2310 2311 2312 2314 2315 2316 2317 2318 2319 2320 2321
2306 2307 2308 2309 2310 2311 2312 2313 2315 2316 2317 2318 2319 2320 2321 2322
2307 2308 2309 2310 2311 2312 2313 2314 2316 2317 2318 2319 2320 2321 2322 2323
2308 2309 2310 2311 2312 2313 2314 2315 2317 2318 2319 2320 2321 2322 2323 2324
2309 2310 2311 2312 2313 2314 2315 2316 2318 2319 2320 2321 2322 2323 2324 2325
2310 2311 2312 2313 2314 2315 2316 2317 2319 2320 2321 2322 2323 2324 2325 2326
2311 2312 2313 2314 2315 2316 2317 2318 2320 2321 2322 2323 2324 2325 2326 2327
2312 2313 2314 2315 2316 2317 2318 2319 2321 2322 2323 2324 2325 2326 2327 2328
2313 2314 2315 2316 2317 2318 2319 2320 2322 2323 2324 2325 2326 2327 2328 2329
2314 2315 2316 2317 2318 2319 2320 2321 2323 2324 2325 2326 2327 2328 2329 2330
2315 2316 2317 2318 2319 2320 2321 2322 2324 2325 2326 2327 2328 2329 2330 2331
2316 2317 2318 2319 2320 2321 2322 2323 2325 2326 2327 2328 2329 2330 2331 2332
2317 2318 2319 2320 2321 2322 2323 2324 2326 2327 2328 2329 2330 2331 2332 2333
2318 2319 2320 2321 2322 2323 2324 2325 2327 2328 2329 2330 2331 2332 2333 2334
2319 2320 2321 2322 2323 2324 2325 2326 2328 2329 2330 2331 2332 2333 2334 2335
2320 2321 2322 2323 2324 2325 2326 2327 2329 2330 2331 2332 2333 2334 2335 2336
2321 2322 2323 2324 2325 2326 2327 2328 2330 2331 2332 2333 2334 2335 2336 2337
2322 2323 2324 2325 2326 2327 2328 2329 2331 2332 2333 2334 2335 2336 2337 2338
2323 2324 2325 2326 2327 2328 2329 2330 2332 2333 2334 2335 2336 2337 2338 2339
2324 2325 2326 2327 2328 2329 2330 2331 2333 2334 2335 2336 2337 2338 2339 2340
2325 2326 2327 2328 2329 2330 2331 2332 2334 2335 2336 2337 2338 2339 2340 2341
2326 2327 2328 2329 2330 2331 2332 2333 2335 2336 2337 2338 2339 2340 2341 2342
2327 2328 2329 2330 2331 2332 2333 2334 2336 2337 2338 2339 2340 2341 2342 2343
2328 2329 2330 2331 2332 2333 2334 2335 2337 2338 2339 2340 2341 2342 2343 2344
2329 2330 2331 2332 2333 2334 2335 2336 2338 2339 2340 2341 2342 2343 2344 2345
2330 2331 2332 2333 2334 2335 2336 2337 2339 2340 2341 2342 2343 2344 2345 2346
2331 2332 2333 2334 2335 2336 2337 2338 2340 2341 2342 2343 2344 2345 2346 2347
2332 2333 2334 2335 2336 2337 2338 2339 2341 2342 2343 2344 2345 2346 2347 2348
2333 2334 2335 2336 2337 2338 2339 2340 2342 2343 2344 2345 2346 2347 2348 2349
2334 2335 2336 2337 2338 2339 2340 2341 2343 2344 2345 2346 2347 2348 2349 2350
2335 2336 2337 2338 2339 2340 2341 2342 2344 2345 2346 2347 2348 2349 2350 2351
2336 2337 2338 2339 2340 2341 2342 2343 2345 2346 2347 2348 2349 2350 2351 2352
2337 2338 2339 2340 2341 2342 2343 2344 2346 2347 2348 2349 2350 2351 2352 2353
2338 2339 2340 2341 2342 2343 2344 2345 2347 2348 2349 2350 2351 2352 2353 2354
2339 2340 2341 2342 2343 2344 2345 2346 2348 2349 2350 2351 2352 2353 2354 2355
2340 2341 2342 2343 2344 2345 2346 2347 2349 2350 2351 2352 2353 2354 2355 2356
2341 2342 2343 2344 2345 2346 2347 2348 2350 2351 2352 2353 2354 2355 2356 2357
2342 2343 2344 2345 2346 2347 2348 2349 2351 2352 2353 2354 2355 2356 2357 2358
2343 2344 2345 2346 2347 2348 2349 2350 2352 2353 2354 2355 2356 2357 2358 2359
2344 2345 2346 2347 2348 2349 2350 2351 2353 2354 2355 2356 2357 2358 2359 2360
2345 2346 2347 2348 2349 2350 2351 2352 2354 2355 2356 2357 2358 2359 2360 2361
2346 2347 2348 2349 2350 2351 2352 2353 2355 2356 2357 2358 2359 2360 2361 2362
2347 2348 2349 2350 2351 2352 2353 2354 2356 2357 2358 2359 2360 2361 2362 2363
2348 2349 2350 2351 2352 2353 2354 2355 2357 2358 2359 2360 2361 2362 2363 2364
2349 2350 2351 2352 2353 2354 2355 2356 2358 2359 2360 2361 2362 2363 2364 2365
2350 2351 2352 2353 2354 2355 2356 2357 2359 2360 2361 2362 2363 2364 2365 2366
2351 2352 2353 2354 2355 2356 2357 2358 2360 2361 2362 2363 2364 2365 2366 2367
2352 2353 2354 2355 2356 2357 2358 2359 2361 2362 2363 2364 2365 2366 2367 2368
2353 2354 2355 2356 2357 2358 2359 2360 2362 2363 2364 2365 2366 2367 2368 2369
2354 2355 2356 2357 2358 2359 2360 2361 2363 2364 2365 2366 2367 2368 2369 2370
2355 2356 2357 2358 2359 2360 2361 2362 2364 2365 2366 2367 2368 2369 2370 2371
2356 2357 2358 2359 2360 2361 2362 2363 2365 2366 2367 2368 2369 2370 2371 2372
2357 2358 2359 2360 2361 2362 2363 2364 2366 2367 2368 2369 2370 2371 2372 2373
2358 2359 2360 2361 2362 2363 2364 2365 2367 2368 2369 2370 2371 2372 2373 2374
2359 2360 2361 2362 2363 2364 2365 2366 2368 2369 2370 2371 2372 2373 2374 2375
2360 2361 2362 2363 2364 2365 2366 2367 2369 2370 2371 2372 2373 2374 2375 2376
2361 2362 2363 2364 2365 2366 2367 2368 2370 2371 2372 2373 2374 2375 2376 2377
2362 2363 2364 2365 2366 2367 2368 2369 2371 2372 2373 2374 2375 2376 2377 2378
2363 2364 2365 2366 2367 2368 2369 2370 2372 2373 2374 2375 2376 2377 2378 2379
2364 2365 2366 2367 2368 2369 2370 2371 2373 2374 2375 2376 2377 2378 2379 2380
2365 2366 2367 2368 2369 2370 2371 2372 2374 2375 2376 2377 2378 2379 2380 2381
2366 2367 2368 2369 2370 2371 2372 2373 2375 2376 2377 2378 2379 2380 2381 2382
2367 2368 2369 2370 2371 2372 2373 2374 2376 2377 2378 2379 2380 2381 2382 2383
2368 2369 2370 2371 2372 2373 2374 2375 2377 2378 2379 2380 2381 2382 2383 2384
2369 2370 2371 2372 2373 2374 2375 2376 2378 2379 2380 2381 2382 2383 2384 2385
2370 2371 2372 2373 2374 2375 2376 2377 2379 2380 2381 2382 2383 2384 2385 2386
2371 2372 2373 2374 2375 2376 2377 2378 2380 2381 2382 2383 2384 2385 2386 2387
2372 2373 2374 2375 2376 2377 2378 2379 2381 2382 2383 2384 2385 2386 2387 2388
2373 2374 2375 2376 2377 2378 2379 2380 2382 2383 2384 2385 2386 2387 2388 2389
2374 2375 2376 2377 2378 2379 2380 2381 2383 2384 2385 2386 2387 2388 2389 2390
2375 2376 2377 2378 2379 2380 2381 2382 2384 2385 2386 2387 2388 2389 2390 2391
2376 2377 2378 2379 2380 2381 2382 2383 2385 2386 2387 2388 2389 2390 2391 2392
2377 2378 2379 2380 2381 2382 2383 2384 2386 2387 2388 2389 2390 2391 2392 2393
2378 2379 2380 2381 2382 2383 2384 2385 2387 2388 2389 2390 2391 2392 2393 2394
2379 2380 2381 2382 2383 2384 2385 2386 2388 2389 2390 2391 2392 2393 2394 2395
2380 2381 2382 2383 2384 2385 2386 2387 2389 2390 2391 2392 2393 2394 2395 2396
2381 2382 2383 2384 2385 2386 2387 2388 2390 2391 2392 2393 2394 2395 2396 2397
2382 2383 2384 2385 2386 2387 2388 2389 2391 2392 2393 2394 2395 2396 2397 2398
2383 2384 2385 2386 2387 2388 2389 2390 2392 2393 2394 2395 2396 2397 2398 2399
2384 2385 2386 2387 2388 2389 2390 2391 2393 2394 2395 2396 2397 2398 2399 2400
2385 2386 2387 2388 2389 2390 2391 2392 2394 2395 2396 2397 2398 2399 2400 2401
2386 2387 2388 2389 2390 2391 2392 2393 2395 2396 2397 2398 2399 2400 2401 2402
2387 2388 2389 2390 2391 2392 2393 2394 2396 2397 2398 2399 2400 2401 2402 2403
2388 2389 2390 2391 2392 2393 2394 2395 2397 2398 2399 2400 2401 2402 2403 2404
2389 2390 2391 2392 2393 2394 2395 2396 2398 2399 2400 2401 2402 2403 2404 2405
2390 2391 2392 2393 2394 2395 2396 2397 2399 2400 2401 2402 2403 2404 2405 2406
2391 2392 2393 2394 2395 2396 2397 2398 2400 2401 2402 2403 2404 2405 2406 2407
2392 2393 2394 2395 2396 2397 2398 2399 2401 2402 2403 2404 2405 2406 2407 2408
2393 2394 2395 2396 2397 2398 2399 2400 2402 2403 2404 2405 2406 2407 2408 2409
2394 2395 2396 2397 2398 2399 2400 2401 2403 2404 2405 2406 2407 2408 2409 2410
2395 2396 2397 2398 2399 2400 2401 2402 2404 2405 2406 2407 2408 2409 2410 2411
2396 2397 2398 2399 2400 2401 2402 2403 2405 2406 2407 2408 2409 2410 2411 2412
2397 2398 2399 2400 2401 2402 2403 2404 2406 2407 2408 2409 2410 2411 2412 2413
2398 2399 2400 2401 2402 2403 2404 2405 2407 2408 2409 2410 2411 2412 2413 2414
2399 2400 2401 2402 2403 2404 2405 2406 2408 2409 2410 2411 2412 2413 2414 2415
2400 2401 2402 2403 2404 2405 2406 2407 2409 2410 2411 2412 2413 2414 2415 2416
2401 2402 2403 2404 2405 2406 2407 2408 2410 2411 2412 2413 2414 2415 2416 2417
2402 2403 2404 2405 2406 2407 2408 2409 2411 2412 2413 2414 2415 2416 2417 2418
2403 2404 2405 2406 2407 2408 2409 2410 2412 2413 2414 2415 2416 2417 2418 2419
2404 2405 2406 2407 2408 2409 2410 2411 2413 2414 2415 2416 2417 2418 2419 2420
2405 2406 2407 2408 2409 2410 2411 2412 2414 2415 2416 2417 2418 2419 2420 2421
2406 2407 2408 2409 2410 2411 2412 2413 2415 2416 2417 2418 2419 2420 2421 2422
2407 2408 2409 2410 2411 2412 2413 2414 2416 2417 2418 2419 2420 2421 2422 2423
2408 2409 2410 2411 2412 2413 2414 2415 2417 2418 2419 2420 2421 2422 2423 2424
2409 2410 2411 2412 2413 2414 2415 2416 2418 2419 2420 2421 2422 2423 2424 2425
2410 2411 2412 2413 2414 2415 2416 2417 2419 2420 2421 2422 2423 2424 2425 2426
2411 2412 2413 2414 2415 2416 2417 2418 2420 2421 2422 2423 2424 2425 2426 2427
2412 2413 2414 2415 2416 2417 2418 2419 2421 2422 2423 2424 2425 2426 2427 2428
2413 2414 2415 2416 2417 2418 2419 2420 2422 2423 2424 2425 2426 2427 2428 2429
2414 2415 2416 2417 2418 2419 2420 2421 2423 2424 2425 2426 2427 2428 2429 2430
2415 2416 2417 2418 2419 2420 2421 2422 2424 2425 2426 2427 2428 2429 2430 2431
2416 2417 2418 2419 2420 2421 2422 2423 2425 2426 2427 2428 2429 2430 2431 2432
2417 2418 2419 2420 2421 2422 2423 2424 2426 2427 2428 2429 2430 2431 2432 2433
2418 2419 2420 2421 2422 2423 2424 2425 2427 2428 2429 2430 2431 2432 2433 2434
2419 2420 2421 2422 2423 2424 2425 2426 2428 2429 2430 2431 2432 2433 2434 2435
2420 2421 2422 2423 2424 2425 2426 2427 2429 2430 2431 2432 2433 2434 2435 2436
2421 2422 2423 2424 2425 2426 2427 2428 2430 2431 2432 2433 2434 2435 2436 2437
2422 2423 2424 2425 2426 2427 2428 2429 2431 2432 2433 2434 2435 2436 2437 2438
2423 2424 2425 2426 2427 2428 2429 2430 2432 2433 2434 2435 2436 2437 2438 2439
2424 2425 2426 2427 2428 2429 2430 2431 2433 2434 2435 2436 2437 2438 2439 2440
2425 2426 2427 2428 2429 2430 2431 2432 2434 2435 2436 2437 2438 2439 2440 2441
2426 2427 2428 2429 2430 2431 2432 2433 2435 2436 2437 2438 2439 2440 2441 2442
2427 2428 2429 2430 2431 2432 2433 2434 2436 2437 2438 2439 2440 2441 2442 2443
2428 2429 2430 2431 2432 2433 2434 2435 2437 2438 2439 2440 2441 2442 2443 2444
2429 2430 2431 2432 2433 2434 2435 2436 2438 2439 2440 2441 2442 2443 2444 2445
2430 2431 2432 2433 2434 2435 2436 2437 2439 2440 2441 2442 2443 2444 2445 2446
2431 2432 2433 2434 2435 2436 2437 2438 2440 2441 2442 2443 2444 2445 2446 2447
2432 2433 2434 2435 2436 2437 2438 2439 2441 2442 2443 2444 2445 2446 2447 2448
2433 2434 2435 2436 2437 2438 2439 2440 2442 2443 2444 2445 2446 2447 2448 2449
2434 2435 2436 2437 2438 2439 2440 2441 2443 2444 2445 2446 2447 2448 2449 2450
2435 2436 2437 2438 2439 2440 2441 2442 2444 2445 2446 2447 2448 2449 2450 2451
2436 2437 2438 2439 2440 2441 2442 2443 2445 2446 2447 2448 2449 2450 2451 2452
2437 2438 2439 2440 2441 2442 2443 2444 2446 2447 2448 2449 2450 2451 2452 2453
2438 2439 2440 2441 2442 2443 2444 2445 2447 2448 2449 2450 2451 2452 2453 2454
2439 2440 2441 2442 2443 2444 2445 2446 2448 2449 2450 2451 2452 2453 2454 2455
2440 2441 2442 2443 2444 2445 2446 2447 2449 2450 2451 2452 2453 2454 2455 2456
2441 2442 2443 2444 2445 2446 2447 2448 2450 2451 2452 2453 2454 2455 2456 2457
2442 2443 2444 2445 2446 2447 2448 2449 2451 2452 2453 2454 2455 2456 2457 2458
2443 2444 2445 2446 2447 2448 2449 2450 2452 2453 2454 2455 2456 2457 2458 2459
2444 2445 2446 2447 2448 2449 2450 2451 2453 2454 2455 2456 2457 2458 2459 2460
2445 2446 2447 2448 2449 2450 2451 2452 2454 2455 2456 2457 2458 2459 2460 2461
2446 2447 2448 2449 2450 2451 2452 2453 2455 2456 2457 2458 2459 2460 2461 2462
2447 2448 2449 2450 2451 2452 2453 2454 2456 2457 2458 2459 2460 2461 2462 2463
2448 2449 2450 2451 2452 2453 2454 2455 2457 2458 2459 2460 2461 2462 2463 2464
2449 2450 2451 2452 2453 2454 2455 2456 2458 2459 2460 2461 2462 2463 2464 2465
2450 2451 2452 2453 2454 2455 2456 2457 2459 2460 2461 2462 2463 2464 2465 2466
2451 2452 2453 2454 2455 2456 2457 2458 2460 2461 2462 2463 2464 2465 2466 2467
2452 2453 2454 2455 2456 2457 2458 2459 2461 2462 2463 2464 2465 2466 2467 2468
2453 2454 2455 2456 2457 2458 2459 2460 2462 2463 2464 2465 2466 2467 2468 2469
2454 2455 2456 2457 2458 2459 2460 2461 2463 2464 2465 2466 2467 2468 2469 2470
2455 2456 2457 2458 2459 2460 2461 2462 2464 2465 2466 2467 2468 2469 2470 2471
2456 2457 2458 2459 2460 2461 2462 2463 2465 2466 2467 2468 2469 2470 2471 2472
2457 2458 2459 2460 2461 2462 2463 2464 2466 2467 2468 2469 2470 2471 2472 2473
2458 2459 2460 2461 2462 2463 2464 2465 2467 2468 2469 2470 2471 2472 2473 2474
2459 2460 2461 2462 2463 2464 2465 2466 2468 2469 2470 2471 2472 2473 2474 2475
2460 2461 2462 2463 2464 2465 2466 2467 2469 2470 2471 2472 2473 2474 2475 2476
2461 2462 2463 2464 2465 2466 2467 2468 2470 2471 2472 2473 2474 2475 2476 2477
2462 2463 2464 2465 2466 2467 2468 2469 2471 2472 2473 2474 2475 2476 2477 2478
2463 2464 2465 2466 2467 2468 2469 2470 2472 2473 2474 2475 2476 2477 2478 2479
2464 2465 2466 2467 2468 2469 2470 2471 2473 2474 2475 2476 2477 2478 2479 2480
2465 2466 2467 2468 2469 2470 2471 2472 2474 2475 2476 2477 2478 2479 2480 2481
2466 2467 2468 2469 2470 2471 2472 2473 2475 2476 2477 2478 2479 2480 2481 2482
2467 2468 2469 2470 2471 2472 2473 2474 2476 2477 2478 2479 2480 2481 2482 2483
2468 2469 2470 2471 2472 2473 2474 2475 2477 2478 2479 2480 2481 2482 2483 2484
2469 2470 2471 2472 2473 2474 2475 2476 2478 2479 2480 2481 2482 2483 2484 2485
2470 2471 2472 2473 2474 2475 2476 2477 2479 2480 2481 2482 2483 2484 2485 2486
2471 2472 2473 2474 2475 2476 2477 2478 2480 2481 2482 2483 2484 2485 2486 2487
2472 2473 2474 2475 2476 2477 2478 2479 2481 2482 2483 2484 2485 2486 2487 2488
2473 2474 2475 2476 2477 2478 2479 2480 2482 2483 2484 2485 2486 2487 2488 2489
2474 2475 2476 2477 2478 2479 2480 2481 2483 2484 2485 2486 2487 2488 2489 2490
2475 2476 2477 2478 2479 2480 2481 2482 2484 2485 2486 2487 2488 2489 2490 2491
2476 2477 2478 2479 2480 2481 2482 2483 2485 2486 2487 2488 2489 2490 2491 2492
2477 2478 2479 2480 2481 2482 2483 2484 2486 2487 2488 2489 2490 2491 2492 2493
2478 2479 2480 2481 2482 2483 2484 2485 2487 2488 2489 2490 2491 2492 2493 2494
2479 2480 2481 2482 2483 2484 2485 2486 2488 2489 2490 2491 2492 2493 2494 2495
2480 2481 2482 2483 2484 2485 2486 2487 2489 2490 2491 2492 2493 2494 2495 2496
2481 2482 2483 2484 2485 2486 2487 2488 2490 2491 2492 2493 2494 2495 2496 2497
2482 2483 2484 2485 2486 2487 2488 2489 2491 2492 2493 2494 2495 2496 2497 2498
2483 2484 2485 2486 2487 2488 2489 2490 2492 2493 2494 2495 2496 2497 2498 2499
2484 2485 2486 2487 2488 2489 2490 2491 2493 2494 2495 2496 2497 2498 2499 2500
2485 2486 2487 2488 2489 2490 2491 2492 2494 2495 2496 2497 2498 2499 2500 2501
2486 2487 2488 2489 2490 2491 2492 2493 2495 2496 2497 2498 2499 2500 2501 2502
2487 2488 2489 2490 2491 2492 2493 2494 2496 2497 2498 2499 2500 2501 2502 2503
2488 2489 2490 2491 2492 2493 2494 2495 2497 2498 2499 2500 2501 2502 2503 2504
2489 2490 2491 2492 2493 2494 2495 2496 2498 2499 2500 2501 2502 2503 2504 2505
2490 2491 2492 2493 2494 2495 2496 2497 2499 2500 2501 2502 2503 2504 2505 2506
2491 2492 2493 2494 2495 2496 2497 2498 2500 2501 2502 2503 2504 2505 2506 2507
2492 2493 2494 2495 2496 2497 2498 2499 2501 2502 2503 2504 2505 2506 2507 2508
2493 2494 2495 2496 2497 2498 2499 2500 2502 2503 2504 2505 2506 2507 2508 2509
2494 2495 2496 2497 2498 2499 2500 2501 2503 2504 2505 2506 2507 2508 2509 2510
2495 2496 2497 2498 2499 2500 2501 2502 2504 2505 2506 2507 2508 2509 2510 2511
2496 2497 2498 2499 2500 2501 2502 2503 2505 2506 2507 2508 2509 2510 2511 2512
2497 2498 2499 2500 2501 2502 2503 2504 2506 2507 2508 2509 2510 2511 2512 2513
2498 2499 2500 2501 2502 2503 2504 2505 2507 2508 2509 2510 2511 2512 2513 2514
2499 2500 2501 2502 2503 2504 2505 2506 2508 2509 2510 2511 2512 2513 2514 2515
2500 2501 2502 2503 2504 2505 2506 2507 2509 2510 2511 2512 2513 2514 2515 2516
2501 2502 2503 2504 2505 2506 2507 2508 2510 2511 2512 2513 2514 2515 2516 2517
2502 2503 2504 2505 2506 2507 2508 2509 2511 2512 2513 2514 2515 2516 2517 2518
2503 2504 2505 2506 2507 2508 2509 2510 2512 2513 2514 2515 2516 2517 2518 2519
2504 2505 2506 2507 2508 2509 2510 2511 2513 2514 2515 2516 2517 2518 2519 2520
2505 2506 2507 2508 2509 2510 2511 2512 2514 2515 2516 2517 2518 2519 2520 2521
2506 2507 2508 2509 2510 2511 2512 2513 2515 2516 2517 2518 2519 2520 2521 2522
2507 2508 2509 2510 2511 2512 2513 2514 2516 2517 2518 2519 2520 2521 2522 2523
2508 2509 2510 2511 2512 2513 2514 2515 2517 2518 2519 2520 2521 2522 2523 2524
2509 2510 2511 2512 2513 2514 2515 2516 2518 2519 2520 2521 2522 2523 2524 2525
2510 2511 2512 2513 2514 2515 2516 2517 2519 2520 2521 2522 2523 2524 2525 2526
2511 2512 2513 2514 2515 2516 2517 2518 2520 2521 2522 2523 2524 2525 2526 2527
2512 2513 2514 2515 2516 2517 2518 2519 2521 2522 2523 2524 2525 2526 2527 2528
2513 2514 2515 2516 2517 2518 2519 2520 2522 2523 2524 2525 2526 2527 2528 2529
2514 2515 2516 2517 2518 2519 2520 2521 2523 2524 2525 2526 2527 2528 2529 2530
2515 2516 2517 2518 2519 2520 2521 2522 2524 2525 2526 2527 2528 2529 2530 2531
2516 2517 2518 2519 2520 2521 2522 2523 2525 2526 2527 2528 2529 2530 2531 2532
2517 2518 2519 2520 2521 2522 2523 2524 2526 2527 2528 2529 2530 2531 2532 2533
2518 2519 2520 2521 2522 2523 2524 2525 2527 2528 2529 2530 2531 2532 2533 2534
2519 2520 2521 2522 2523 2524 2525 2526 2528 2529 2530 2531 2532 2533 2534 2535
2520 2521 2522 2523 2524 2525 2526 2527 2529 2530 2531 2532 2533 2534 2535 2536
2521 2522 2523 2524 2525 2526 2527 2528 2530 2531 2532 2533 2534 2535 2536 2537
2522 2523 2524 2525 2526 2527 2528 2529 2531 2532 2533 2534 2535 2536 2537 2538
2523 2524 2525 2526 2527 2528 2529 2530 2532 2533 2534 2535 2536 2537 2538 2539
2524 2525 2526 2527 2528 2529 2530 2531 2533 2534 2535 2536 2537 2538 2539 2540
2525 2526 2527 2528 2529 2530 2531 2532 2534 2535 2536 2537 2538 2539 2540 2541
2526 2527 2528 2529 2530 2531 2532 2533 2535 2536 2537 2538 2539 2540 2541 2542
2527 2528 2529 2530 2531 2532 2533 2534 2536 2537 2538 2539 2540 2541 2542 2543
2528 2529 2530 2531 2532 2533 2534 2535 2537 2538 2539 2540 2541 2542 2543 2544
2529 2530 2531 2532 2533 2534 2535 2536 2538 2539 2540 2541 2542 2543 2544 2545
2530 2531 2532 2533 2534 2535 2536 2537 2539 2540 2541 2542 2543 2544 2545 2546
2531 2532 2533 2534 2535 2536 2537 2538 2540 2541 2542 2543 2544 2545 2546 2547
2532 2533 2534 2535 2536 2537 2538 2539 2541 2542 2543 2544 2545 2546 2547 2548
2533 2534 2535 2536 2537 2538 2539 2540 2542 2543 2544 2545 2546 2547 2548 2549
2534 2535 2536 2537 2538 2539 2540 2541 2543 2544 2545 2546 2547 2548 2549 2550
2535 2536 2537 2538 2539 2540 2541 2542 2544 2545 2546 2547 2548 2549 2550 2551
2536 2537 2538 2539 2540 2541 2542 2543 2545 2546 2547 2548 2549 2550 2551 2552
2537 2538 2539 2540 2541 2542 2543 2544 2546 2547 2548 2549 2550 2551 2552 2553
2538 2539 2540 2541 2542 2543 2544 2545 2547 2548 2549 2550 2551 2552 2553 2554
2539 2540 2541 2542 2543 2544 2545 2546 2548 2549 2550 2551 2552 2553 2554 2555
2540 2541 2542 2543 2544 2545 2546 2547 2549 2550 2551 2552 2553 2554 2555 2556
2541 2542 2543 2544 2545 2546 2547 2548 2550 2551 2552 2553 2554 2555 2556 2557
2542 2543 2544 2545 2546 2547 2548 2549 2551 2552 2553 2554 2555 2556 2557 2558
2543 2544 2545 2546 2547 2548 2549 2550 2552 2553 2554 2555 2556 2557 2558 2559
2544 2545 2546 2547 2548 2549 2550 2551 2553 2554 2555 2556 2557 2558 2559 2560
2545 2546 2547 2548 2549 2550 2551 2552 2554 2555 2556 2557 2558 2559 2560 2561
2546 2547 2548 2549 2550 2551 2552 2553 2555 2556 2557 2558 2559 2560 2561 2562
2547 2548 2549 2550 2551 2552 2553 2554 2556 2557 2558 2559 2560 2561 2562 2563
2548 2549 2550 2551 2552 2553 2554 2555 2557 2558 2559 2560 2561 2562 2563 2564
2549 2550 2551 2552 2553 2554 2555 2556 2558 2559 2560 2561 2562 2563 2564 2565
2550 2551 2552 2553 2554 2555 2556 2557 2559 2560 2561 2562 2563 2564 2565 2566
2551 2552 2553 2554 2555 2556 2557 2558 2560 2561 2562 2563 2564 2565 2566 2567
2552 2553 2554 2555 2556 2557 2558 2559 2561 2562 2563 2564 2565 2566 2567 2568
2553 2554 2555 2556 2557 2558 2559 2560 2562 2563 2564 2565 2566 2567 2568 2569
2554 2555 2556 2557 2558 2559 2560 2561 2563 2564 2565 2566 2567 2568 2569 2570
2555 2556 2557 2558 2559 2560 2561 2562 2564 2565 2566 2567 2568 2569 2570 2571
2556 2557 2558 2559 2560 2561 2562 2563 2565 2566 2567 2568 2569 2570 2571 2572
2557 2558 2559 2560 2561 2562 2563 2564 2566 2567 2568 2569 2570 2571 2572 2573
2558 2559 2560 2561 2562 2563 2564 2565 2567 2568 2569 2570 2571 2572 2573 2574
2559 2560 2561 2562 2563 2564 2565 2566 2568 2569 2570 2571 2572 2573 2574 2575
2560 2561 2562 2563 2564 2565 2566 2567 2569 2570 2571 2572 2573 2574 2575 2576
2561 2562 2563 2564 2565 2566 2567 2568 2570 2571 2572 2573 2574 2575 2576 2577
2562 2563 2564 2565 2566 2567 2568 2569 2571 2572 2573 2574 2575 2576 2577 2578
2563 2564 2565 2566 2567 2568 2569 2570 2572 2573 2574 2575 2576 2577 2578 2579
2564 2565 2566 2567 2568 2569 2570 2571 2573 2574 2575 2576 2577 2578 2579 2580
2565 2566 2567 2568 2569 2570 2571 2572 2574 2575 2576 2577 2578 2579 2580 2581
2566 2567 2568 2569 2570 2571 2572 2573 2575 2576 2577 2578 2579 2580 2581 2582
2567 2568 2569 2570 2571 2572 2573 2574 2576 2577 2578 2579 2580 2581 2582 2583
2568 2569 2570 2571 2572 2573 2574 2575 2577 2578 2579 2580 2581 2582 2583 2584
2569 2570 2571 2572 2573 2574 2575 2576 2578 2579 2580 2581 2582 2583 2584 2585
2570 2571 2572 2573 2574 2575 2576 2577 2579 2580 2581 2582 2583 2584 2585 2586
2571 2572 2573 2574 2575 2576 2577 2578 2580 2581 2582 2583 2584 2585 2586 2587
2572 2573 2574 2575 2576 2577 2578 2579 2581 2582 2583 2584 2585 2586 2587 2588
2573 2574 2575 2576 2577 2578 2579 2580 2582 2583 2584 2585 2586 2587 2588 2589
2574 2575 2576 2577 2578 2579 2580 2581 2583 2584 2585 2586 2587 2588 2589 2590
2575 2576 2577 2578 2579 2580 2581 2582 2584 2585 2586 2587 2588 2589 2590 2591
2576 2577 2578 2579 2580 2581 2582 2583 2585 2586 2587 2588 2589 2590 2591 2592
2577 2578 2579 2580 2581 2582 2583 2584 2586 2587 2588 2589 2590 2591 2592 2593
2578 2579 2580 2581 2582 2583 2584 2585 2587 2588 2589 2590 2591 2592 2593 2594
2579 2580 2581 2582 2583 2584 2585 2586 2588 2589 2590 2591 2592 2593 2594 2595
2580 2581 2582 2583 2584 2585 2586 2587 2589 2590 2591 2592 2593 2594 2595 2596
2581 2582 2583 2584 2585 2586 2587 2588 2590 2591 2592 2593 2594 2595 2596 2597
2582 2583 2584 2585 2586 2587 2588 2589 2591 2592 2593 2594 2595 2596 2597 2598
2583 2584 2585 2586 2587 2588 2589 2590 2592 2593 2594 2595 2596 2597 2598 2599
2584 2585 2586 2587 2588 2589 2590 2591 2593 2594 2595 2596 2597 2598 2599 2600
2585 2586 2587 2588 2589 2590 2591 2592 2594 2595 2596 2597 2598 2599 2600 2601
2586 2587 2588 2589 2590 2591 2592 2593 2595 2596 2597 2598 2599 2600 2601 2602
2587 2588 2589 2590 2591 2592 2593 2594 2596 2597 2598 2599 2600 2601 2602 2603
2588 2589 2590 2591 2592 2593 2594 2595 2597 2598 2599 2600 2601 2602 2603 2604
2589 2590 2591 2592 2593 2594 2595 2596 2598 2599 2600 2601 2602 2603 2604 2605
2590 2591 2592 2593 2594 2595 2596 2597 2599 2600 2601 2602 2603 2604 2605 2606
2591 2592 2593 2594 2595 2596 2597 2598 2600 2601 2602 2603 2604 2605 2606 2607
2592 2593 2594 2595 2596 2597 2598 2599 2601 2602 2603 2604 2605 2606 2607 2608
2593 2594 2595 2596 2597 2598 2599 2600 2602 2603 2604 2605 2606 2607 2608 2609
2594 2595 2596 2597 2598 2599 2600 2601 2603 2604 2605 2606 2607 2608 2609 2610
2595 2596 2597 2598 2599 2600 2601 2602 2604 2605 2606 2607 2608 2609 2610 2611
2596 2597 2598 2599 2600 2601 2602 2603 2605 2606 2607 2608 2609 2610 2611 2612
2597 2598 2599 2600 2601 2602 2603 2604 2606 2607 2608 2609 2610 2611 2612 2613
2598 2599 2600 2601 2602 2603 2604 2605 2607 2608 2609 2610 2611 2612 2613 2614
2599 2600 2601 2602 2603 2604 2605 2606 2608 2609 2610 2611 2612 2613 2614 2615
2600 2601 2602 2603 2604 2605 2606 2607 2609 2610 2611 2612 2613 2614 2615 2616
2601 2602 2603 2604 2605 2606 2607 2608 2610 2611 2612 2613 2614 2615 2616 2617
2602 2603 2604 2605 2606 2607 2608 2609 2611 2612 2613 2614 2615 2616 2617 2618
2603 2604 2605 2606 2607 2608 2609 2610 2612 2613 2614 2615 2616 2617 2618 2619
2604 2605 2606 2607 2608 2609 2610 2611 2613 2614 2615 2616 2617 2618 2619 2620
2605 2606 2607 2608 2609 2610 2611 2612 2614 2615 2616 2617 2618 2619 2620 2621
2606 2607 2608 2609 2610 2611 2612 2613 2615 2616 2617 2618 2619 2620 2621 2622
2607 2608 2609 2610 2611 2612 2613 2614 2616 2617 2618 2619 2620 2621 2622 2623
2608 2609 2610 2611 2612 2613 2614 2615 2617 2618 2619 2620 2621 2622 2623 2624
2609 2610 2611 2612 2613 2614 2615 2616 2618 2619 2620 2621 2622 2623 2624 2625
2610 2611 2612 2613 2614 2615 2616 2617 2619 2620 2621 2622 2623 2624 2625 2626
2611 2612 2613 2614 2615 2616 2617 2618 2620 2621 2622 2623 2624 2625 2626 2627
2612 2613 2614 2615 2616 2617 2618 2619 2621 2622 2623 2624 2625 2626 2627 2628
2613 2614 2615 2616 2617 2618 2619 2620 2622 2623 2624 2625 2626 2627 2628 2629
2614 2615 2616 2617 2618 2619 2620 2621 2623 2624 2625 2626 2627 2628 2629 2630
2615 2616 2617 2618 2619 2620 2621 2622 2624 2625 2626 2627 2628 2629 2630 2631
2616 2617 2618 2619 2620 2621 2622 2623 2625 2626 2627 2628 2629 2630 2631 2632
2617 2618 2619 2620 2621 2622 2623 2624 2626 2627 2628 2629 2630 2631 2632 2633
2618 2619 2620 2621 2622 2623 2624 2625 2627 2628 2629 2630 2631 2632 2633 2634
2619 2620 2621 2622 2623 2624 2625 2626 2628 2629 2630 2631 2632 2633 2634 2635
2620 2621 2622 2623 2624 2625 2626 2627 2629 2630 2631 2632 2633 2634 2635 2636
2621 2622 2623 2624 2625 2626 2627 2628 2630 2631 2632 2633 2634 2635 2636 2637
2622 2623 2624 2625 2626 2627 2628 2629 2631 2632 2633 2634 2635 2636 2637 2638
2623 2624 2625 2626 2627 2628 2629 2630 2632 2633 2634 2635 2636 2637 2638 2639
2624 2625 2626 2627 2628 2629 2630 2631 2633 2634 2635 2636 2637 2638 2639 2640
2625 2626 2627 2628 2629 2630 2631 2632 2634 2635 2636 2637 2638 2639 2640 2641
2626 2627 2628 2629 2630 2631 2632 2633 2635 2636 2637 2638 2639 2640 2641 2642
2627 2628 2629 2630 2631 2632 2633 2634 2636 2637 2638 2639 2640 2641 2642 2643
2628 2629 2630 2631 2632 2633 2634 2635 2637 2638 2639 2640 2641 2642 2643 2644
2629 2630 2631 2632 2633 2634 2635 2636 2638 2639 2640 2641 2642 2643 2644 2645
2630 2631 2632 2633 2634 2635 2636 2637 2639 2640 2641 2642 2643 2644 2645 2646
2631 2632 2633 2634 2635 2636 2637 2638 2640 2641 2642 2643 2644 2645 2646 2647
2632 2633 2634 2635 2636 2637 2638 2639 2641 2642 2643 2644 2645 2646 2647 2648
2633 2634 2635 2636 2637 2638 2639 2640 2642 2643 2644 2645 2646 2647 2648 2649
2634 2635 2636 2637 2638 2639 2640 2641 2643 2644 2645 2646 2647 2648 2649 2650
2635 2636 2637 2638 2639 2640 2641 2642 2644 2645 2646 2647 2648 2649 2650 2651
2636 2637 2638 2639 2640 2641 2642 2643 2645 2646 2647 2648 2649 2650 2651 2652
2637 2638 2639 2640 2641 2642 2643 2644 2646 2647 2648 2649 2650 2651 2652 2653
2638 2639 2640 2641 2642 2643 2644 2645 2647 2648 2649 2650 2651 2652 2653 2654
2639 2640 2641 2642 2643 2644 2645 2646 2648 2649 2650 2651 2652 2653 2654 2655
2640 2641 2642 2643 2644 2645 2646 2647 2649 2650 2651 2652 2653 2654 2655 2656
2641 2642 2643 2644 2645 2646 2647 2648 2650 2651 2652 2653 2654 2655 2656 2657
2642 2643 2644 2645 2646 2647 2648 2649 2651 2652 2653 2654 2655 2656 2657 2658
2643 2644 2645 2646 2647 2648 2649 2650 2652 2653 2654 2655 2656 2657 2658 2659
2644 2645 2646 2647 2648 2649 2650 2651 2653 2654 2655 2656 2657 2658 2659 2660
2645 2646 2647 2648 2649 2650 2651 2652 2654 2655 2656 2657 2658 2659 2660 2661
2646 2647 2648 2649 2650 2651 2652 2653 2655 2656 2657 2658 2659 2660 2661 2662
2647 2648 2649 2650 2651 2652 2653 2654 2656 2657 2658 2659 2660 2661 2662 2663
2648 2649 2650 2651 2652 2653 2654 2655 2657 2658 2659 2660 2661 2662 2663 2664
2649 2650 2651 2652 2653 2654 2655 2656 2658 2659 2660 2661 2662 2663 2664 2665
2650 2651 2652 2653 2654 2655 2656 2657 2659 2660 2661 2662 2663 2664 2665 2666
2651 2652 2653 2654 2655 2656 2657 2658 2660 2661 2662 2663 2664 2665 2666 2667
2652 2653 2654 2655 2656 2657 2658 2659 2661 2662 2663 2664 2665 2666 2667 2668
2653 2654 2655 2656 2657 2658 2659 2660 2662 2663 2664 2665 2666 2667 2668 2669
2654 2655 2656 2657 2658 2659 2660 2661 2663 2664 2665 2666 2667 2668 2669 2670
2655 2656 2657 2658 2659 2660 2661 2662 2664 2665 2666 2667 2668 2669 2670 2671
2656 2657 2658 2659 2660 2661 2662 2663 2665 2666 2667 2668 2669 2670 2671 2672
2657 2658 2659 2660 2661 2662 2663 2664 2666 2667 2668 2669 2670 2671 2672 2673
2658 2659 2660 2661 2662 2663 2664 2665 2667 2668 2669 2670 2671 2672 2673 2674
2659 2660 2661 2662 2663 2664 2665 2666 2668 2669 2670 2671 2672 2673 2674 2675
2660 2661 2662 2663 2664 2665 2666 2667 2669 2670 2671 2672 2673 2674 2675 2676
2661 2662 2663 2664 2665 2666 2667 2668 2670 2671 2672 2673 2674 2675 2676 2677
2662 2663 2664 2665 2666 2667 2668 2669 2671 2672 2673 2674 2675 2676 2677 2678
2663 2664 2665 2666 2667 2668 2669 2670 2672 2673 2674 2675 2676 2677 2678 2679
2664 2665 2666 2667 2668 2669 2670 2671 2673 2674 2675 2676 2677 2678 2679 2680
2665 2666 2667 2668 2669 2670 2671 2672 2674 2675 2676 2677 2678 2679 2680 2681
2666 2667 2668 2669 2670 2671 2672 2673 2675 2676 2677 2678 2679 2680 2681 2682
2667 2668 2669 2670 2671 2672 2673 2674 2676 2677 2678 2679 2680 2681 2682 2683
2668 2669 2670 2671 2672 2673 2674 2675 2677 2678 2679 2680 2681 2682 2683 2684
2669 2670 2671 2672 2673 2674 2675 2676 2678 2679 2680 2681 2682 2683 2684 2685
2670 2671 2672 2673 2674 2675 2676 2677 2679 2680 2681 2682 2683 2684 2685 2686
2671 2672 2673 2674 2675 2676 2677 2678 2680 2681 2682 2683 2684 2685 2686 2687
2672 2673 2674 2675 2676 2677 2678 2679 2681 2682 2683 2684 2685 2686 2687 2688
2673 2674 2675 2676 2677 2678 2679 2680 2682 2683 2684 2685 2686 2687 2688 2689
2674 2675 2676 2677 2678 2679 2680 2681 2683 2684 2685 2686 2687 2688 2689 2690
2675 2676 2677 2678 2679 2680 2681 2682 2684 2685 2686 2687 2688 2689 2690 2691
2676 2677 2678 2679 2680 2681 2682 2683 2685 2686 2687 2688 2689 2690 2691 2692
2677 2678 2679 2680 2681 2682 2683 2684 2686 2687 2688 2689 2690 2691 2692 2693
2678 2679 2680 2681 2682 2683 2684 2685 2687 2688 2689 2690 2691 2692 2693 2694
2679 2680 2681 2682 2683 2684 2685 2686 2688 2689 2690 2691 2692 2693 2694 2695
2680 2681 2682 2683 2684 2685 2686 2687 2689 2690 2691 2692 2693 2694 2695 2696
2681 2682 2683 2684 2685 2686 2687 2688 2690 2691 2692 2693 2694 2695 2696 2697
2682 2683 2684 2685 2686 2687 2688 2689 2691 2692 2693 2694 2695 2696 2697 2698
2683 2684 2685 2686 2687 2688 2689 2690 2692 2693 2694 2695 2696 2697 2698 2699
2684 2685 2686 2687 2688 2689 2690 2691 2693 2694 2695 2696 2697 2698 2699 2700
2685 2686 2687 2688 2689 2690 2691 2692 2694 2695 2696 2697 2698 2699 2700 2701
2686 2687 2688 2689 2690 2691 2692 2693 2695 2696 2697 2698 2699 2700 2701 2702
2687 2688 2689 2690 2691 2692 2693 2694 2696 2697 2698 2699 2700 2701 2702 2703
2688 2689 2690 2691 2692 2693 2694 2695 2697 2698 2699 2700 2701 2702 2703 2704
2689 2690 2691 2692 2693 2694 2695 2696 2698 2699 2700 2701 2702 2703 2704 2705
2690 2691 2692 2693 2694 2695 2696 2697 2699 2700 2701 2702 2703 2704 2705 2706
2691 2692 2693 2694 2695 2696 2697 2698 2700 2701 2702 2703 2704 2705 2706 2707
2692 2693 2694 2695 2696 2697 2698 2699 2701 2702 2703 2704 2705 2706 2707 2708
2693 2694 2695 2696 2697 2698 2699 2700 2702 2703 2704 2705 2706 2707 2708 2709
2694 2695 2696 2697 2698 2699 2700 2701 2703 2704 2705 2706 2707 2708 2709 2710
2695 2696 2697 2698 2699 2700 2701 2702 2704 2705 2706 2707 2708 2709 2710 2711
2696 2697 2698 2699 2700 2701 2702 2703 2705 2706 2707 2708 2709 2710 2711 2712
2697 2698 2699 2700 2701 2702 2703 2704 2706 2707 2708 2709 2710 2711 2712 2713
2698 2699 2700 2701 2702 2703 2704 2705 2707 2708 2709 2710 2711 2712 2713 2714
2699 2700 2701 2702 2703 2704 2705 2706 2708 2709 2710 2711 2712 2713 2714 2715
2700 2701 2702 2703 2704 2705 2706 2707 2709 2710 2711 2712 2713 2714 2715 2716
2701 2702 2703 2704 2705 2706 2707 2708 2710 2711 2712 2713 2714 2715 2716 2717
2702 2703 2704 2705 2706 2707 2708 2709 2711 2712 2713 2714 2715 2716 2717 2718
2703 2704 2705 2706 2707 2708 2709 2710 2712 2713 2714 2715 2716 2717 2718 2719
2704 2705 2706 2707 2708 2709 2710 2711 2713 2714 2715 2716 2717 2718 2719 2720
2705 2706 2707 2708 2709 2710 2711 2712 2714 2715 2716 2717 2718 2719 2720 2721
2706 2707 2708 2709 2710 2711 2712 2713 2715 2716 2717 2718 2719 2720 2721 2722
2707 2708 2709 2710 2711 2712 2713 2714 2716 2717 2718 2719 2720 2721 2722 2723
2708 2709 2710 2711 2712 2713 2714 2715 2717 2718 2719 2720 2721 2722 2723 2724
2709 2710 2711 2712 2713 2714 2715 2716 2718 2719 2720 2721 2722 2723 2724 2725
2710 2711 2712 2713 2714 2715 2716 2717 2719 2720 2721 2722 2723 2724 2725 2726
2711 2712 2713 2714 2715 2716 2717 2718 2720 2721 2722 2723 2724 2725 2726 2727
2712 2713 2714 2715 2716 2717 2718 2719 2721 2722 2723 2724 2725 2726 2727 2728
2713 2714 2715 2716 2717 2718 2719 2720 2722 2723 2724 2725 2726 2727 2728 2729
2714 2715 2716 2717 2718 2719 2720 2721 2723 2724 2725 2726 2727 2728 2729 2730
2715 2716 2717 2718 2719 2720 2721 2722 2724 2725 2726 2727 2728 2729 2730 2731
2716 2717 2718 2719 2720 2721 2722 2723 2725 2726 2727 2728 2729 2730 2731 2732
2717 2718 2719 2720 2721 2722 2723 2724 2726 2727 2728 2729 2730 2731 2732 2733
2718 2719 2720 2721 2722 2723 2724 2725 2727 2728 2729 2730 2731 2732 2733 2734
2719 2720 2721 2722 2723 2724 2725 2726 2728 2729 2730 2731 2732 2733 2734 2735
2720 2721 2722 2723 2724 2725 2726 2727 2729 2730 2731 2732 2733 2734 2735 2736
2721 2722 2723 2724 2725 2726 2727 2728 2730 2731 2732 2733 2734 2735 2736 2737
2722 2723 2724 2725 2726 2727 2728 2729 2731 2732 2733 2734 2735 2736 2737 2738
2723 2724 2725 2726 2727 2728 2729 2730 2732 2733 2734 2735 2736 2737 2738 2739
2724 2725 2726 2727 2728 2729 2730 2731 2733 2734 2735 2736 2737 2738 2739 2740
2725 2726 2727 2728 2729 2730 2731 2732 2734 2735 2736 2737 2738 2739 2740 2741
2726 2727 2728 2729 2730 2731 2732 2733 2735 2736 2737 2738 2739 2740 2741 2742
2727 2728 2729 2730 2731 2732 2733 2734 2736 2737 2738 2739 2740 2741 2742 2743
2728 2729 2730 2731 2732 2733 2734 2735 2737 2738 2739 2740 2741 2742 2743 2744
2729 2730 2731 2732 2733 2734 2735 2736 2738 2739 2740 2741 2742 2743 2744 2745
2730 2731 2732 2733 2734 2735 2736 2737 2739 2740 2741 2742 2743 2744 2745 2746
2731 2732 2733 2734 2735 2736 2737 2738 2740 2741 2742 2743 2744 2745 2746 2747
2732 2733 2734 2735 2736 2737 2738 2739 2741 2742 2743 2744 2745 2746 2747 2748
2733 2734 2735 2736 2737 2738 2739 2740 2742 2743 2744 2745 2746 2747 2748 2749
2734 2735 2736 2737 2738 2739 2740 2741 2743 2744 2745 2746 2747 2748 2749 2750
2735 2736 2737 2738 2739 2740 2741 2742 2744 2745 2746 2747 2748 2749 2750 2751
2736 2737 2738 2739 2740 2741 2742 2743 2745 2746 2747 2748 2749 2750 2751 2752
2737 2738 2739 2740 2741 2742 2743 2744 2746 2747 2748 2749 2750 2751 2752 2753
2738 2739 2740 2741 2742 2743 2744 2745 2747 2748 2749 2750 2751 2752 2753 2754
2739 2740 2741 2742 2743 2744 2745 2746 2748 2749 2750 2751 2752 2753 2754 2755
2740 2741 2742 2743 2744 2745 2746 2747 2749 2750 2751 2752 2753 2754 2755 2756
2741 2742 2743 2744 2745 2746 2747 2748 2750 2751 2752 2753 2754 2755 2756 2757
2742 2743 2744 2745 2746 2747 2748 2749 2751 2752 2753 2754 2755 2756 2757 2758
2743 2744 2745 2746 2747 2748 2749 2750 2752 2753 2754 2755 2756 2757 2758 2759
2744 2745 2746 2747 2748 2749 2750 2751 2753 2754 2755 2756 2757 2758 2759 2760
2745 2746 2747 2748 2749 2750 2751 2752 2754 2755 2756 2757 2758 2759 2760 2761
2746 2747 2748 2749 2750 2751 2752 2753 2755 2756 2757 2758 2759 2760 2761 2762
2747 2748 2749 2750 2751 2752 2753 2754 2756 2757 2758 2759 2760 2761 2762 2763
2748 2749 2750 2751 2752 2753 2754 2755 2757 2758 2759 2760 2761 2762 2763 2764
2749 2750 2751 2752 2753 2754 2755 2756 2758 2759 2760 2761 2762 2763 2764 2765
2750 2751 2752 2753 2754 2755 2756 2757 2759 2760 2761 2762 2763 2764 2765 2766
2751 2752 2753 2754 2755 2756 2757 2758 2760 2761 2762 2763 2764 2765 2766 2767
2752 2753 2754 2755 2756 2757 2758 2759 2761 2762 2763 2764 2765 2766 2767 2768
2753 2754 2755 2756 2757 2758 2759 2760 2762 2763 2764 2765 2766 2767 2768 2769
2754 2755 2756 2757 2758 2759 2760 2761 2763 2764 2765 2766 2767 2768 2769 2770
2755 2756 2757 2758 2759 2760 2761 2762 2764 2765 2766 2767 2768 2769 2770 2771
2756 2757 2758 2759 2760 2761 2762 2763 2765 2766 2767 2768 2769 2770 2771 2772
2757 2758 2759 2760 2761 2762 2763 2764 2766 2767 2768 2769 2770 2771 2772 2773
2758 2759 2760 2761 2762 2763 2764 2765 2767 2768 2769 2770 2771 2772 2773 2774
2759 2760 2761 2762 2763 2764 2765 2766 2768 2769 2770 2771 2772 2773 2774 2775
2760 2761 2762 2763 2764 2765 2766 2767 2769 2770 2771 2772 2773 2774 2775 2776
2761 2762 2763 2764 2765 2766 2767 2768 2770 2771 2772 2773 2774 2775 2776 2777
2762 2763 2764 2765 2766 2767 2768 2769 2771 2772 2773 2774 2775 2776 2777 2778
2763 2764 2765 2766 2767 2768 2769 2770 2772 2773 2774 2775 2776 2777 2778 2779
2764 2765 2766 2767 2768 2769 2770 2771 2773 2774 2775 2776 2777 2778 2779 2780
2765 2766 2767 2768 2769 2770 2771 2772 2774 2775 2776 2777 2778 2779 2780 2781
2766 2767 2768 2769 2770 2771 2772 2773 2775 2776 2777 2778 2779 2780 2781 2782
2767 2768 2769 2770 2771 2772 2773 2774 2776 2777 2778 2779 2780 2781 2782 2783
2768 2769 2770 2771 2772 2773 2774 2775 2777 2778 2779 2780 2781 2782 2783 2784
2769 2770 2771 2772 2773 2774 2775 2776 2778 2779 2780 2781 2782 2783 2784 2785
2770 2771 2772 2773 2774 2775 2776 2777 2779 2780 2781 2782 2783 2784 2785 2786
2771 2772 2773 2774 2775 2776 2777 2778 2780 2781 2782 2783 2784 2785 2786 2787
2772 2773 2774 2775 2776 2777 2778 2779 2781 2782 2783 2784 2785 2786 2787 2788
2773 2774 2775 2776 2777 2778 2779 2780 2782 2783 2784 2785 2786 2787 2788 2789
2774 2775 2776 2777 2778 2779 2780 2781 2783 2784 2785 2786 2787 2788 2789 2790
2775 2776 2777 2778 2779 2780 2781 2782 2784 2785 2786 2787 2788 2789 2790 2791
2776 2777 2778 2779 2780 2781 2782 2783 2785 2786 2787 2788 2789 2790 2791 2792
2777 2778 2779 2780 2781 2782 2783 2784 2786 2787 2788 2789 2790 2791 2792 2793
2778 2779 2780 2781 2782 2783 2784 2785 2787 2788 2789 2790 2791 2792 2793 2794
2779 2780 2781 2782 2783 2784 2785 2786 2788 2789 2790 2791 2792 2793 2794 2795
2780 2781 2782 2783 2784 2785 2786 2787 2789 2790 2791 2792 2793 2794 2795 2796
2781 2782 2783 2784 2785 2786 2787 2788 2790 2791 2792 2793 2794 2795 2796 2797
2782 2783 2784 2785 2786 2787 2788 2789 2791 2792 2793 2794 2795 2796 2797 2798
2783 2784 2785 2786 2787 2788 2789 2790 2792 2793 2794 2795 2796 2797 2798 2799
2784 2785 2786 2787 2788 2789 2790 2791 2793 2794 2795 2796 2797 2798 2799 2800
2785 2786 2787 2788 2789 2790 2791 2792 2794 2795 2796 2797 2798 2799 2800 2801
2786 2787 2788 2789 2790 2791 2792 2793 2795 2796 2797 2798 2799 2800 2801 2802
2787 2788 2789 2790 2791 2792 2793 2794 2796 2797 2798 2799 2800 2801 2802 2803
2788 2789 2790 2791 2792 2793 2794 2795 2797 2798 2799 2800 2801 2802 2803 2804
2789 2790 2791 2792 2793 2794 2795 2796 2798 2799 2800 2801 2802 2803 2804 2805
2790 2791 2792 2793 2794 2795 2796 2797 2799 2800 2801 2802 2803 2804 2805 2806
2791 2792 2793 2794 2795 2796 2797 2798 2800 2801 2802 2803 2804 2805 2806 2807
2792 2793 2794 2795 2796 2797 2798 2799 2801 2802 2803 2804 2805 2806 2807 2808
2793 2794 2795 2796 2797 2798 2799 2800 2802 2803 2804 2805 2806 2807 2808 2809
2794 2795 2796 2797 2798 2799 2800 2801 2803 2804 2805 2806 2807 2808 2809 2810
2795 2796 2797 2798 2799 2800 2801 2802 2804 2805 2806 2807 2808 2809 2810 2811
2796 2797 2798 2799 2800 2801 2802 2803 2805 2806 2807 2808 2809 2810 2811 2812
2797 2798 2799 2800 2801 2802 2803 2804 2806 2807 2808 2809 2810 2811 2812 2813
2798 2799 2800 2801 2802 2803 2804 2805 2807 2808 2809 2810 2811 2812 2813 2814
2799 2800 2801 2802 2803 2804 2805 2806 2808 2809 2810 2811 2812 2813 2814 2815
2800 2801 2802 2803 2804 2805 2806 2807 2809 2810 2811 2812 2813 2814 2815 2816
2801 2802 2803 2804 2805 2806 2807 2808 2810 2811 2812 2813 2814 2815 2816 2817
2802 2803 2804 2805 2806 2807 2808 2809 2811 2812 2813 2814 2815 2816 2817 2818
2803 2804 2805 2806 2807 2808 2809 2810 2812 2813 2814 2815 2816 2817 2818 2819
2804 2805 2806 2807 2808 2809 2810 2811 2813 2814 2815 2816 2817 2818 2819 2820
2805 2806 2807 2808 2809 2810 2811 2812 2814 2815 2816 2817 2818 2819 2820 2821
2806 2807 2808 2809 2810 2811 2812 2813 2815 2816 2817 2818 2819 2820 2821 2822
2807 2808 2809 2810 2811 2812 2813 2814 2816 2817 2818 2819 2820 2821 2822 2823
2808 2809 2810 2811 2812 2813 2814 2815 2817 2818 2819 2820 2821 2822 2823 2824
2809 2810 2811 2812 2813 2814 2815 2816 2818 2819 2820 2821 2822 2823 2824 2825
2810 2811 2812 2813 2814 2815 2816 2817 2819 2820 2821 2822 2823 2824 2825 2826
2811 2812 2813 2814 2815 2816 2817 2818 2820 2821 2822 2823 2824 2825 2826 2827
2812 2813 2814 2815 2816 2817 2818 2819 2821 2822 2823 2824 2825 2826 2827 2828
2813 2814 2815 2816 2817 2818 2819 2820 2822 2823 2824 2825 2826 2827 2828 2829
2814 2815 2816 2817 2818 2819 2820 2821 2823 2824 2825 2826 2827 2828 2829 2830
2815 2816 2817 2818 2819 2820 2821 2822 2824 2825 2826 2827 2828 2829 2830 2831
2816 2817 2818 2819 2820 2821 2822 2823 2825 2826 2827 2828 2829 2830 2831 2832
2817 2818 2819 2820 2821 2822 2823 2824 2826 2827 2828 2829 2830 2831 2832 2833
2818 2819 2820 2821 2822 2823 2824 2825 2827 2828 2829 2830 2831 2832 2833 2834
2819 2820 2821 2822 2823 2824 2825 2826 2828 2829 2830 2831 2832 2833 2834 2835
2820 2821 2822 2823 2824 2825 2826 2827 2829 2830 2831 2832 2833 2834 2835 2836
2821 2822 2823 2824 2825 2826 2827 2828 2830 2831 2832 2833 2834 2835 2836 2837
2822 2823 2824 2825 2826 2827 2828 2829 2831 2832 2833 2834 2835 2836 2837 2838
2823 2824 2825 2826 2827 2828 2829 2830 2832 2833 2834 2835 2836 2837 2838 2839
2824 2825 2826 2827 2828 2829 2830 2831 2833 2834 2835 2836 2837 2838 2839 2840
2825 2826 2827 2828 2829 2830 2831 2832 2834 2835 2836 2837 2838 2839 2840 2841
2826 2827 2828 2829 2830 2831 2832 2833 2835 2836 2837 2838 2839 2840 2841 2842
2827 2828 2829 2830 2831 2832 2833 2834 2836 2837 2838 2839 2840 2841 2842 2843
2828 2829 2830 2831 2832 2833 2834 2835 2837 2838 2839 2840 2841 2842 2843 2844
2829 2830 2831 2832 2833 2834 2835 2836 2838 2839 2840 2841 2842 2843 2844 2845
2830 2831 2832 2833 2834 2835 2836 2837 2839 2840 2841 2842 2843 2844 2845 2846
2831 2832 2833 2834 2835 2836 2837 2838 2840 2841 2842 2843 2844 2845 2846 2847
2832 2833 2834 2835 2836 2837 2838 2839 2841 2842 2843 2844 2845 2846 2847 2848
2833 2834 2835 2836 2837 2838 2839 2840 2842 2843 2844 2845 2846 2847 2848 2849
2834 2835 2836 2837 2838 2839 2840 2841 2843 2844 2845 2846 2847 2848 2849 2850
2835 2836 2837 2838 2839 2840 2841 2842 2844 2845 2846 2847 2848 2849 2850 2851
2836 2837 2838 2839 2840 2841 2842 2843 2845 2846 2847 2848 2849 2850 2851 2852
2837 2838 2839 2840 2841 2842 2843 2844 2846 2847 2848 2849 2850 2851 2852 2853
2838 2839 2840 2841 2842 2843 2844 2845 2847 2848 2849 2850 2851 2852 2853 2854
2839 2840 2841 2842 2843 2844 2845 2846 2848 2849 2850 2851 2852 2853 2854 2855
2840 2841 2842 2843 2844 2845 2846 2847 2849 2850 2851 2852 2853 2854 2855 2856
2841 2842 2843 2844 2845 2846 2847 2848 2850 2851 2852 2853 2854 2855 2856 2857
2842 2843 2844 2845 2846 2847 2848 2849 2851 2852 2853 2854 2855 2856 2857 2858
2843 2844 2845 2846 2847 2848 2849 2850 2852 2853 2854 2855 2856 2857 2858 2859
2844 2845 2846 2847 2848 2849 2850 2851 2853 2854 2855 2856 2857 2858 2859 2860
2845 2846 2847 2848 2849 2850 2851 2852 2854 2855 2856 2857 2858 2859 2860 2861
2846 2847 2848 2849 2850 2851 2852 2853 2855 2856 2857 2858 2859 2860 2861 2862
2847 2848 2849 2850 2851 2852 2853 2854 2856 2857 2858 2859 2860 2861 2862 2863
2848 2849 2850 2851 2852 2853 2854 2855 2857 2858 2859 2860 2861 2862 2863 2864
2849 2850 2851 2852 2853 2854 2855 2856 2858 2859 2860 2861 2862 2863 2864 2865
2850 2851 2852 2853 2854 2855 2856 2857 2859 2860 2861 2862 2863 2864 2865 2866
2851 2852 2853 2854 2855 2856 2857 2858 2860 2861 2862 2863 2864 2865 2866 2867
2852 2853 2854 2855 2856 2857 2858 2859 2861 2862 2863 2864 2865 2866 2867 2868
2853 2854 2855 2856 2857 2858 2859 2860 2862 2863 2864 2865 2866 2867 2868 2869
2854 2855 2856 2857 2858 2859 2860 2861 2863 2864 2865 2866 2867 2868 2869 2870
2855 2856 2857 2858 2859 2860 2861 2862 2864 2865 2866 2867 2868 2869 2870 2871
2856 2857 2858 2859 2860 2861 2862 2863 2865 2866 2867 2868 2869 2870 2871 2872
2857 2858 2859 2860 2861 2862 2863 2864 2866 2867 2868 2869 2870 2871 2872 2873
2858 2859 2860 2861 2862 2863 2864 2865 2867 2868 2869 2870 2871 2872 2873 2874
2859 2860 2861 2862 2863 2864 2865 2866 2868 2869 2870 2871 2872 2873 2874 2875
2860 2861 2862 2863 2864 2865 2866 2867 2869 2870 2871 2872 2873 2874 2875 2876
2861 2862 2863 2864 2865 2866 2867 2868 2870 2871 2872 2873 2874 2875 2876 2877
2862 2863 2864 2865 2866 2867 2868 2869 2871 2872 2873 2874 2875 2876 2877 2878
2863 2864 2865 2866 2867 2868 2869 2870 2872 2873 2874 2875 2876 2877 2878 2879
2864 2865 2866 2867 2868 2869 2870 2871 2873 2874 2875 2876 2877 2878 2879 2880
2865 2866 2867 2868 2869 2870 2871 2872 2874 2875 2876 2877 2878 2879 2880 2881
2866 2867 2868 2869 2870 2871 2872 2873 2875 2876 2877 2878 2879 2880 2881 2882
2867 2868 2869 2870 2871 2872 2873 2874 2876 2877 2878 2879 2880 2881 2882 2883
2868 2869 2870 2871 2872 2873 2874 2875 2877 2878 2879 2880 2881 2882 2883 2884
2869 2870 2871 2872 2873 2874 2875 2876 2878 2879 2880 2881 2882 2883 2884 2885
2870 2871 2872 2873 2874 2875 2876 2877 2879 2880 2881 2882 2883 2884 2885 2886
2871 2872 2873 2874 2875 2876 2877 2878 2880 2881 2882 2883 2884 2885 2886 2887
2872 2873 2874 2875 2876 2877 2878 2879 2881 2882 2883 2884 2885 2886 2887 2888
2873 2874 2875 2876 2877 2878 2879 2880 2882 2883 2884 2885 2886 2887 2888 2889
2874 2875 2876 2877 2878 2879 2880 2881 2883 2884 2885 2886 2887 2888 2889 2890
2875 2876 2877 2878 2879 2880 2881 2882 2884 2885 2886 2887 2888 2889 2890 2891
2876 2877 2878 2879 2880 2881 2882 2883 2885 2886 2887 2888 2889 2890 2891 2892
2877 2878 2879 2880 2881 2882 2883 2884 2886 2887 2888 2889 2890 2891 2892 2893
2878 2879 2880 2881 2882 2883 2884 2885 2887 2888 2889 2890 2891 2892 2893 2894
2879 2880 2881 2882 2883 2884 2885 2886 2888 2889 2890 2891 2892 2893 2894 2895
2880 2881 2882 2883 2884 2885 2886 2887 2889 2890 2891 2892 2893 2894 2895 2896
2881 2882 2883 2884 2885 2886 2887 2888 2890 2891 2892 2893 2894 2895 2896 2897
2882 2883 2884 2885 2886 2887 2888 2889 2891 2892 2893 2894 2895 2896 2897 2898
2883 2884 2885 2886 2887 2888 2889 2890 2892 2893 2894 2895 2896 2897 2898 2899
2884 2885 2886 2887 2888 2889 2890 2891 2893 2894 2895 2896 2897 2898 2899 2900
2885 2886 2887 2888 2889 2890 2891 2892 2894 2895 2896 2897 2898 2899 2900 2901
2886 2887 2888 2889 2890 2891 2892 2893 2895 2896 2897 2898 2899 2900 2901 2902
2887 2888 2889 2890 2891 2892 2893 2894 2896 2897 2898 2899 2900 2901 2902 2903
2888 2889 2890 2891 2892 2893 2894 2895 2897 2898 2899 2900 2901 2902 2903 2904
2889 2890 2891 2892 2893 2894 2895 2896 2898 2899 2900 2901 2902 2903 2904 2905
2890 2891 2892 2893 2894 2895 2896 2897 2899 2900 2901 2902 2903 2904 2905 2906
2891 2892 2893 2894 2895 2896 2897 2898 2900 2901 2902 2903 2904 2905 2906 2907
2892 2893 2894 2895 2896 2897 2898 2899 2901 2902 2903 2904 2905 2906 2907 2908
2893 2894 2895 2896 2897 2898 2899 2900 2902 2903 2904 2905 2906 2907 2908 2909
2894 2895 2896 2897 2898 2899 2900 2901 2903 2904 2905 2906 2907 2908 2909 2910
2895 2896 2897 2898 2899 2900 2901 2902 2904 2905 2906 2907 2908 2909 2910 2911
2896 2897 2898 2899 2900 2901 2902 2903 2905 2906 2907 2908 2909 2910 2911 2912
2897 2898 2899 2900 2901 2902 2903 2904 2906 2907 2908 2909 2910 2911 2912 2913
2898 2899 2900 2901 2902 2903 2904 2905 2907 2908 2909 2910 2911 2912 2913 2914
2899 2900 2901 2902 2903 2904 2905 2906 2908 2909 2910 2911 2912 2913 2914 2915
2900 2901 2902 2903 2904 2905 2906 2907 2909 2910 2911 2912 2913 2914 2915 2916
2901 2902 2903 2904 2905 2906 2907 2908 2910 2911 2912 2913 2914 2915 2916 2917
2902 2903 2904 2905 2906 2907 2908 2909 2911 2912 2913 2914 2915 2916 2917 2918
2903 2904 2905 2906 2907 2908 2909 2910 2912 2913 2914 2915 2916 2917 2918 2919
2904 2905 2906 2907 2908 2909 2910 2911 2913 2914 2915 2916 2917 2918 2919 2920
2905 2906 2907 2908 2909 2910 2911 2912 2914 2915 2916 2917 2918 2919 2920 2921
2906 2907 2908 2909 2910 2911 2912 2913 2915 2916 2917 2918 2919 2920 2921 2922
2907 2908 2909 2910 2911 2912 2913 2914 2916 2917 2918 2919 2920 2921 2922 2923
2908 2909 2910 2911 2912 2913 2914 2915 2917 2918 2919 2920 2921 2922 2923 2924
2909 2910 2911 2912 2913 2914 2915 2916 2918 2919 2920 2921 2922 2923 2924 2925
2910 2911 2912 2913 2914 2915 2916 2917 2919 2920 2921 2922 2923 2924 2925 2926
2911 2912 2913 2914 2915 2916 2917 2918 2920 2921 2922 2923 2924 2925 2926 2927
2912 2913 2914 2915 2916 2917 2918 2919 2921 2922 2923 2924 2925 2926 2927 2928
2913 2914 2915 2916 2917 2918 2919 2920 2922 2923 2924 2925 2926 2927 2928 2929
2914 2915 2916 2917 2918 2919 2920 2921 2923 2924 2925 2926 2927 2928 2929 2930
2915 2916 2917 2918 2919 2920 2921 2922 2924 2925 2926 2927 2928 2929 2930 2931
2916 2917 2918 2919 2920 2921 2922 2923 2925 2926 2927 2928 2929 2930 2931 2932
2917 2918 2919 2920 2921 2922 2923 2924 2926 2927 2928 2929 2930 2931 2932 2933
2918 2919 2920 2921 2922 2923 2924 2925 2927 2928 2929 2930 2931 2932 2933 2934
2919 2920 2921 2922 2923 2924 2925 2926 2928 2929 2930 2931 2932 2933 2934 2935
2920 2921 2922 2923 2924 2925 2926 2927 2929 2930 2931 2932 2933 2934 2935 2936
2921 2922 2923 2924 2925 2926 2927 2928 2930 2931 2932 2933 2934 2935 2936 2937
2922 2923 2924 2925 2926 2927 2928 2929 2931 2932 2933 2934 2935 2936 2937 2938
2923 2924 2925 2926 2927 2928 2929 2930 2932 2933 2934 2935 2936 2937 2938 2939
2924 2925 2926 2927 2928 2929 2930 2931 2933 2934 2935 2936 2937 2938 2939 2940
2925 2926 2927 2928 2929 2930 2931 2932 2934 2935 2936 2937 2938 2939 2940 2941
2926 2927 2928 2929 2930 2931 2932 2933 2935 2936 2937 2938 2939 2940 2941 2942
2927 2928 2929 2930 2931 2932 2933 2934 2936 2937 2938 2939 2940 2941 2942 2943
2928 2929 2930 2931 2932 2933 2934 2935 2937 2938 2939 2940 2941 2942 2943 2944
2929 2930 2931 2932 2933 2934 2935 2936 2938 2939 2940 2941 2942 2943 2944 2945
2930 2931 2932 2933 2934 2935 2936 2937 2939 2940 2941 2942 2943 2944 2945 2946
2931 2932 2933 2934 2935 2936 2937 2938 2940 2941 2942 2943 2944 2945 2946 2947
2932 2933 2934 2935 2936 2937 2938 2939 2941 2942 2943 2944 2945 2946 2947 2948
2933 2934 2935 2936 2937 2938 2939 2940 2942 2943 2944 2945 2946 2947 2948 2949
2934 2935 2936 2937 2938 2939 2940 2941 2943 2944 2945 2946 2947 2948 2949 2950
2935 2936 2937 2938 2939 2940 2941 2942 2944 2945 2946 2947 2948 2949 2950 2951
2936 2937 2938 2939 2940 2941 2942 2943 2945 2946 2947 2948 2949 2950 2951 2952
2937 2938 2939 2940 2941 2942 2943 2944 2946 2947 2948 2949 2950 2951 2952 2953
2938 2939 2940 2941 2942 2943 2944 2945 2947 2948 2949 2950 2951 2952 2953 2954
2939 2940 2941 2942 2943 2944 2945 2946 2948 2949 2950 2951 2952 2953 2954 2955
2940 2941 2942 2943 2944 2945 2946 2947 2949 2950 2951 2952 2953 2954 2955 2956
2941 2942 2943 2944 2945 2946 2947 2948 2950 2951 2952 2953 2954 2955 2956 2957
2942 2943 2944 2945 2946 2947 2948 2949 2951 2952 2953 2954 2955 2956 2957 2958
2943 2944 2945 2946 2947 2948 2949 2950 2952 2953 2954 2955 2956 2957 2958 2959
2944 2945 2946 2947 2948 2949 2950 2951 2953 2954 2955 2956 2957 2958 2959 2960
2945 2946 2947 2948 2949 2950 2951 2952 2954 2955 2956 2957 2958 2959 2960 2961
2946 2947 2948 2949 2950 2951 2952 2953 2955 2956 2957 2958 2959 2960 2961 2962
2947 2948 2949 2950 2951 2952 2953 2954 2956 2957 2958 2959 2960 2961 2962 2963
2948 2949 2950 2951 2952 2953 2954 2955 2957 2958 2959 2960 2961 2962 2963 2964
2949 2950 2951 2952 2953 2954 2955 2956 2958 2959 2960 2961 2962 2963 2964 2965
2950 2951 2952 2953 2954 2955 2956 2957 2959 2960 2961 2962 2963 2964 2965 2966
2951 2952 2953 2954 2955 2956 2957 2958 2960 2961 2962 2963 2964 2965 2966 2967
2952 2953 2954 2955 2956 2957 2958 2959 2961 2962 2963 2964 2965 2966 2967 2968
2953 2954 2955 2956 2957 2958 2959 2960 2962 2963 2964 2965 2966 2967 2968 2969
2954 2955 2956 2957 2958 2959 2960 2961 2963 2964 2965 2966 2967 2968 2969 2970
2955 2956 2957 2958 2959 2960 2961 2962 2964 2965 2966 2967 2968 2969 2970 2971
2956 2957 2958 2959 2960 2961 2962 2963 2965 2966 2967 2968 2969 2970 2971 2972
2957 2958 2959 2960 2961 2962 2963 2964 2966 2967 2968 2969 2970 2971 2972 2973
2958 2959 2960 2961 2962 2963 2964 2965 2967 2968 2969 2970 2971 2972 2973 2974
2959 2960 2961 2962 2963 2964 2965 2966 2968 2969 2970 2971 2972 2973 2974 2975
2960 2961 2962 2963 2964 2965 2966 2967 2969 2970 2971 2972 2973 2974 2975 2976
2961 2962 2963 2964 2965 2966 2967 2968 2970 2971 2972 2973 2974 2975 2976 2977
2962 2963 2964 2965 2966 2967 2968 2969 2971 2972 2973 2974 2975 2976 2977 2978
2963 2964 2965 2966 2967 2968 2969 2970 2972 2973 2974 2975 2976 2977 2978 2979
2964 2965 2966 2967 2968 2969 2970 2971 2973 2974 2975 2976 2977 2978 2979 2980
2965 2966 2967 2968 2969 2970 2971 2972 2974 2975 2976 2977 2978 2979 2980 2981
2966 2967 2968 2969 2970 2971 2972 2973 2975 2976 2977 2978 2979 2980 2981 2982
2967 2968 2969 2970 2971 2972 2973 2974 2976 2977 2978 2979 2980 2981 2982 2983
2968 2969 2970 2971 2972 2973 2974 2975 2977 2978 2979 2980 2981 2982 2983 2984
2969 2970 2971 2972 2973 2974 2975 2976 2978 2979 2980 2981 2982 2983 2984 2985
2970 2971 2972 2973 2974 2975 2976 2977 2979 2980 2981 2982 2983 2984 2985 2986
2971 2972 2973 2974 2975 2976 2977 2978 2980 2981 2982 2983 2984 2985 2986 2987
2972 2973 2974 2975 2976 2977 2978 2979 2981 2982 2983 2984 2985 2986 2987 2988
2973 2974 2975 2976 2977 2978 2979 2980 2982 2983 2984 2985 2986 2987 2988 2989
2974 2975 2976 2977 2978 2979 2980 2981 2983 2984 2985 2986 2987 2988 2989 2990
2975 2976 2977 2978 2979 2980 2981 2982 2984 2985 2986 2987 2988 2989 2990 2991
2976 2977 2978 2979 2980 2981 2982 2983 2985 2986 2987 2988 2989 2990 2991 2992
2977 2978 2979 2980 2981 2982 2983 2984 2986 2987 2988 2989 2990 2991 2992 2993
2978 2979 2980 2981 2982 2983 2984 2985 2987 2988 2989 2990 2991 2992 2993 2994
2979 2980 2981 2982 2983 2984 2985 2986 2988 2989 2990 2991 2992 2993 2994 2995
2980 2981 2982 2983 2984 2985 2986 2987 2989 2990 2991 2992 2993 2994 2995 2996
2981 2982 2983 2984 2985 2986 2987 2988 2990 2991 2992 2993 2994 2995 2996 2997
2982 2983 2984 2985 2986 2987 2988 2989 2991 2992 2993 2994 2995 2996 2997 2998
2983 2984 2985 2986 2987 2988 2989 2990 2992 2993 2994 2995 2996 2997 2998 2999
2984 2985 2986 2987 2988 2989 2990 2991 2993 2994 2995 2996 2997 2998 2999 3000
2985 2986 2987 2988 2989 2990 2991 2992 2994 2995 2996 2997 2998 2999 3000 3001
2986 2987 2988 2989 2990 2991 2992 2993 2995 2996 2997 2998 2999 3000 3001 3002
2987 2988 2989 2990 2991 2992 2993 2994 2996 2997 2998 2999 3000 3001 3002 3003
2988 2989 2990 2991 2992 2993 2994 2995 2997 2998 2999 3000 3001 3002 3003 3004
2989 2990 2991 2992 2993 2994 2995 2996 2998 2999 3000 3001 3002 3003 3004 3005
2990 2991 2992 2993 2994 2995 2996 2997 2999 3000 3001 3002 3003 3004 3005 3006
2991 2992 2993 2994 2995 2996 2997 2998 3000 3001 3002 3003 3004 3005 3006 3007
2992 2993 2994 2995 2996 2997 2998 2999 3001 3002 3003 3004 3005 3006 3007 3008
2993 2994 2995 2996 2997 2998 2999 3000 3002 3003 3004 3005 3006 3007 3008 3009
2994 2995 2996 2997 2998 2999 3000 3001 3003 3004 3005 3006 3007 3008 3009 3010
2995 2996 2997 2998 2999 3000 3001 3002 3004 3005 3006 3007 3008 3009 3010 3011
2996 2997 2998 2999 3000 3001 3002 3003 3005 3006 3007 3008 3009 3010 3011 3012
2997 2998 2999 3000 3001 3002 3003 3004 3006 3007 3008 3009 3010 3011 3012 3013
2998 2999 3000 3001 3002 3003 3004 3005 3007 3008 3009 3010 3011 3012 3013 3014
2999 3000 3001 3002 3003 3004 3005 3006 3008 3009 3010 3011 3012 3013 3014 3015
3000 3001 3002 3003 3004 3005 3006 3007 3009 3010 3011 3012 3013 3014 3015 3016
3001 3002 3003 3004 3005 3006 3007 3008 3010 3011 3012 3013 3014 3015 3016 3017
3002 3003 3004 3005 3006 3007 3008 3009 3011 3012 3013 3014 3015 3016 3017 3018
3003 3004 3005 3006 3007 3008 3009 3010 3012 3013 3014 3015 3016 3017 3018 3019
3004 3005 3006 3007 3008 3009 3010 3011 3013 3014 3015 3016 3017 3018 3019 3020
3005 3006 3007 3008 3009 3010 3011 3012 3014 3015 3016 3017 3018 3019 3020 3021
3006 3007 3008 3009 3010 3011 3012 3013 3015 3016 3017 3018 3019 3020 3021 3022
3007 3008 3009 3010 3011 3012 3013 3014 3016 3017 3018 3019 3020 3021 3022 3023
3008 3009 3010 3011 3012 3013 3014 3015 3017 3018 3019 3020 3021 3022 3023 3024
3009 3010 3011 3012 3013 3014 3015 3016 3018 3019 3020 3021 3022 3023 3024 3025
3010 3011 3012 3013 3014 3015 3016 3017 3019 3020 3021 3022 3023 3024 3025 3026
3011 3012 3013 3014 3015 3016 3017 3018 3020 3021 3022 3023 3024 3025 3026 3027
3012 3013 3014 3015 3016 3017 3018 3019 3021 3022 3023 3024 3025 3026 3027 3028
3013 3014 3015 3016 3017 3018 3019 3020 3022 3023 3024 3025 3026 3027 3028 3029
3014 3015 3016 3017 3018 3019 3020 3021 3023 3024 3025 3026 3027 3028 3029 3030
3015 3016 3017 3018 3019 3020 3021 3022 3024 3025 3026 3027 3028 3029 3030 3031
3016 3017 3018 3019 3020 3021 3022 3023 3025 3026 3027 3028 3029 3030 3031 3032
3017 3018 3019 3020 3021 3022 3023 3024 3026 3027 3028 3029 3030 3031 3032 3033
3018 3019 3020 3021 3022 3023 3024 3025 3027 3028 3029 3030 3031 3032 3033 3034
3019 3020 3021 3022 3023 3024 3025 3026 3028 3029 3030 3031 3032 3033 3034 3035
3020 3021 3022 3023 3024 3025 3026 3027 3029 3030 3031 3032 3033 3034 3035 3036
3021 3022 3023 3024 3025 3026 3027 3028 3030 3031 3032 3033 3034 3035 3036 3037
3022 3023 3024 3025 3026 3027 3028 3029 3031 3032 3033 3034 3035 3036 3037 3038
3023 3024 3025 3026 3027 3028 3029 3030 3032 3033 3034 3035 3036 3037 3038 3039
3024 3025 3026 3027 3028 3029 3030 3031 3033 3034 3035 3036 3037 3038 3039 3040
3025 3026 3027 3028 3029 3030 3031 3032 3034 3035 3036 3037 3038 3039 3040 3041
3026 3027 3028 3029 3030 3031 3032 3033 3035 3036 3037 3038 3039 3040 3041 3042
3027 3028 3029 3030 3031 3032 3033 3034 3036 3037 3038 3039 3040 3041 3042 3043
3028 3029 3030 3031 3032 3033 3034 3035 3037 3038 3039 3040 3041 3042 3043 3044
3029 3030 3031 3032 3033 3034 3035 3036 3038 3039 3040 3041 3042 3043 3044 3045
3030 3031 3032 3033 3034 3035 3036 3037 3039 3040 3041 3042 3043 3044 3045 3046
3031 3032 3033 3034 3035 3036 3037 3038 3040 3041 3042 3043 3044 3045 3046 3047
3032 3033 3034 3035 3036 3037 3038 3039 3041 3042 3043 3044 3045 3046 3047 3048
3033 3034 3035 3036 3037 3038 3039 3040 3042 3043 3044 3045 3046 3047 3048 3049
3034 3035 3036 3037 3038 3039 3040 3041 3043 3044 3045 3046 3047 3048 3049 3050
3035 3036 3037 3038 3039 3040 3041 3042 3044 3045 3046 3047 3048 3049 3050 3051
3036 3037 3038 3039 3040 3041 3042 3043 3045 3046 3047 3048 3049 3050 3051 3052
3037 3038 3039 3040 3041 3042 3043 3044 3046 3047 3048 3049 3050 3051 3052 3053
3038 3039 3040 3041 3042 3043 3044 3045 3047 3048 3049 3050 3051 3052 3053 3054
3039 3040 3041 3042 3043 3044 3045 3046 3048 3049 3050 3051 3052 3053 3054 3055
3040 3041 3042 3043 3044 3045 3046 3047 3049 3050 3051 3052 3053 3054 3055 3056
3041 3042 3043 3044 3045 3046 3047 3048 3050 3051 3052 3053 3054 3055 3056 3057
3042 3043 3044 3045 3046 3047 3048 3049 3051 3052 3053 3054 3055 3056 3057 3058
3043 3044 3045 3046 3047 3048 3049 3050 3052 3053 3054 3055 3056 3057 3058 3059
3044 3045 3046 3047 3048 3049 3050 3051 3053 3054 3055 3056 3057 3058 3059 3060
3045 3046 3047 3048 3049 3050 3051 3052 3054 3055 3056 3057 3058 3059 3060 3061
3046 3047 3048 3049 3050 3051 3052 3053 3055 3056 3057 3058 3059 3060 3061 3062
3047 3048 3049 3050 3051 3052 3053 3054 3056 3057 3058 3059 3060 3061 3062 3063
3048 3049 3050 3051 3052 3053 3054 3055 3057 3058 3059 3060 3061 3062 3063 3064
3049 3050 3051 3052 3053 3054 3055 3056 3058 3059 3060 3061 3062 3063 3064 3065
3050 3051 3052 3053 3054 3055 3056 3057 3059 3060 3061 3062 3063 3064 3065 3066
3051 3052 3053 3054 3055 3056 3057 3058 3060 3061 3062 3063 3064 3065 3066 3067
3052 3053 3054 3055 3056 3057 3058 3059 3061 3062 3063 3064 3065 3066 3067 3068
3053 3054 3055 3056 3057 3058 3059 3060 3062 3063 3064 3065 3066 3067 3068 3069
3054 3055 3056 3057 3058 3059 3060 3061 3063 3064 3065 3066 3067 3068 3069 3070
3055 3056 3057 3058 3059 3060 3061 3062 3064 3065 3066 3067 3068 3069 3070 3071
3056 3057 3058 3059 3060 3061 3062 3063 3065 3066 3067 3068 3069 3070 3071 3072
3057 3058 3059 3060 3061 3062 3063 3064 3066 3067 3068 3069 3070 3071 3072 3073
3058 3059 3060 3061 3062 3063 3064 3065 3067 3068 3069 3070 3071 3072 3073 3074
3059 3060 3061 3062 3063 3064 3065 3066 3068 3069 3070 3071 3072 3073 3074 3075
3060 3061 3062 3063 3064 3065 3066 3067 3069 3070 3071 3072 3073 3074 3075 3076
3061 3062 3063 3064 3065 3066 3067 3068 3070 3071 3072 3073 3074 3075 3076 3077
3062 3063 3064 3065 3066 3067 3068 3069 3071 3072 3073 3074 3075 3076 3077 3078
3063 3064 3065 3066 3067 3068 3069 3070 3072 3073 3074 3075 3076 3077 3078 3079
3064 3065 3066 3067 3068 3069 3070 3071 3073 3074 3075 3076 3077 3078 3079 3080
3065 3066 3067 3068 3069 3070 3071 3072 3074 3075 3076 3077 3078 3079 3080 3081
3066 3067 3068 3069 3070 3071 3072 3073 3075 3076 3077 3078 3079 3080 3081 3082
3067 3068 3069 3070 3071 3072 3073 3074 3076 3077 3078 3079 3080 3081 3082 3083
3068 3069 3070 3071 3072 3073 3074 3075 3077 3078 3079 3080 3081 3082 3083 3084
3069 3070 3071 3072 3073 3074 3075 3076 3078 3079 3080 3081 3082 3083 3084 3085
3070 3071 3072 3073 3074 3075 3076 3077 3079 3080 3081 3082 3083 3084 3085 3086
3071 3072 3073 3074 3075 3076 3077 3078 3080 3081 3082 3083 3084 3085 3086 3087
3072 3073 3074 3075 3076 3077 3078 3079 3081 3082 3083 3084 3085 3086 3087 3088
3073 3074 3075 3076 3077 3078 3079 3080 3082 3083 3084 3085 3086 3087 3088 3089
3074 3075 3076 3077 3078 3079 3080 3081 3083 3084 3085 3086 3087 3088 3089 3090
3075 3076 3077 3078 3079 3080 3081 3082 3084 3085 3086 3087 3088 3089 3090 3091
3076 3077 3078 3079 3080 3081 3082 3083 3085 3086 3087 3088 3089 3090 3091 3092
3077 3078 3079 3080 3081 3082 3083 3084 3086 3087 3088 3089 3090 3091 3092 3093
3078 3079 3080 3081 3082 3083 3084 3085 3087 3088 3089 3090 3091 3092 3093 3094
3079 3080 3081 3082 3083 3084 3085 3086 3088 3089 3090 3091 3092 3093 3094 3095
3080 3081 3082 3083 3084 3085 3086 3087 3089 3090 3091 3092 3093 3094 3095 3096
3081 3082 3083 3084 3085 3086 3087 3088 3090 3091 3092 3093 3094 3095 3096 3097
3082 3083 3084 3085 3086 3087 3088 3089 3091 3092 3093 3094 3095 3096 3097 3098
3083 3084 3085 3086 3087 3088 3089 3090 3092 3093 3094 3095 3096 3097 3098 3099
3084 3085 3086 3087 3088 3089 3090 3091 3093 3094 3095 3096 3097 3098 3099 3100
3085 3086 3087 3088 3089 3090 3091 3092 3094 3095 3096 3097 3098 3099 3100 3101
3086 3087 3088 3089 3090 3091 3092 3093 3095 3096 3097 3098 3099 3100 3101 3102
3087 3088 3089 3090 3091 3092 3093 3094 3096 3097 3098 3099 3100 3101 3102 3103
3088 3089 3090 3091 3092 3093 3094 3095 3097 3098 3099 3100 3101 3102 3103 3104
3089 3090 3091 3092 3093 3094 3095 3096 3098 3099 3100 3101 3102 3103 3104 3105
3090 3091 3092 3093 3094 3095 3096 3097 3099 3100 3101 3102 3103 3104 3105 3106
3091 3092 3093 3094 3095 3096 3097 3098 3100 3101 3102 3103 3104 3105 3106 3107
3092 3093 3094 3095 3096 3097 3098 3099 3101 3102 3103 3104 3105 3106 3107 3108
3093 3094 3095 3096 3097 3098 3099 3100 3102 3103 3104 3105 3106 3107 3108 3109
3094 3095 3096 3097 3098 3099 3100 3101 3103 3104 3105 3106 3107 3108 3109 3110
3095 3096 3097 3098 3099 3100 3101 3102 3104 3105 3106 3107 3108 3109 3110 3111
3096 3097 3098 3099 3100 3101 3102 3103 3105 3106 3107 3108 3109 3110 3111 3112
3097 3098 3099 3100 3101 3102 3103 3104 3106 3107 3108 3109 3110 3111 3112 3113
3098 3099 3100 3101 3102 3103 3104 3105 3107 3108 3109 3110 3111 3112 3113 3114
3099 3100 3101 3102 3103 3104 3105 3106 3108 3109 3110 3111 3112 3113 3114 3115
3100 3101 3102 3103 3104 3105 3106 3107 3109 3110 3111 3112 3113 3114 3115 3116
3101 3102 3103 3104 3105 3106 3107 3108 3110 3111 3112 3113 3114 3115 3116 3117
3102 3103 3104 3105 3106 3107 3108 3109 3111 3112 3113 3114 3115 3116 3117 3118
3103 3104 3105 3106 3107 3108 3109 3110 3112 3113 3114 3115 3116 3117 3118 3119
3104 3105 3106 3107 3108 3109 3110 3111 3113 3114 3115 3116 3117 3118 3119 3120
3105 3106 3107 3108 3109 3110 3111 3112 3114 3115 3116 3117 3118 3119 3120 3121
3106 3107 3108 3109 3110 3111 3112 3113 3115 3116 3117 3118 3119 3120 3121 3122
3107 3108 3109 3110 3111 3112 3113 3114 3116 3117 3118 3119 3120 3121 3122 3123
3108 3109 3110 3111 3112 3113 3114 3115 3117 3118 3119 3120 3121 3122 3123 3124
3109 3110 3111 3112 3113 3114 3115 3116 3118 3119 3120 3121 3122 3123 3124 3125
3110 3111 3112 3113 3114 3115 3116 3117 3119 3120 3121 3122 3123 3124 3125 3126
3111 3112 3113 3114 3115 3116 3117 3118 3120 3121 3122 3123 3124 3125 3126 3127
3112 3113 3114 3115 3116 3117 3118 3119 3121 3122 3123 3124 3125 3126 3127 3128
3113 3114 3115 3116 3117 3118 3119 3120 3122 3123 3124 3125 3126 3127 3128 3129
3114 3115 3116 3117 3118 3119 3120 3121 3123 3124 3125 3126 3127 3128 3129 3130
3115 3116 3117 3118 3119 3120 3121 3122 3124 3125 3126 3127 3128 3129 3130 3131
3116 3117 3118 3119 3120 3121 3122 3123 3125 3126 3127 3128 3129 3130 3131 3132
3117 3118 3119 3120 3121 3122 3123 3124 3126 3127 3128 3129 3130 3131 3132 3133
3118 3119 3120 3121 3122 3123 3124 3125 3127 3128 3129 3130 3131 3132 3133 3134
3119 3120 3121 3122 3123 3124 3125 3126 3128 3129 3130 3131 3132 3133 3134 3135
3120 3121 3122 3123 3124 3125 3126 3127 3129 3130 3131 3132 3133 3134 3135 3136
3121 3122 3123 3124 3125 3126 3127 3128 3130 3131 3132 3133 3134 3135 3136 3137
3122 3123 3124 3125 3126 3127 3128 3129 3131 3132 3133 3134 3135 3136 3137 3138
3123 3124 3125 3126 3127 3128 3129 3130 3132 3133 3134 3135 3136 3137 3138 3139
3124 3125 3126 3127 3128 3129 3130 3131 3133 3134 3135 3136 3137 3138 3139 3140
3125 3126 3127 3128 3129 3130 3131 3132 3134 3135 3136 3137 3138 3139 3140 3141
3126 3127 3128 3129 3130 3131 3132 3133 3135 3136 3137 3138 3139 3140 3141 3142
3127 3128 3129 3130 3131 3132 3133 3134 3136 3137 3138 3139 3140 3141 3142 3143
3128 3129 3130 3131 3132 3133 3134 3135 3137 3138 3139 3140 3141 3142 3143 3144
3129 3130 3131 3132 3133 3134 3135 3136 3138 3139 3140 3141 3142 3143 3144 3145
3130 3131 3132 3133 3134 3135 3136 3137 3139 3140 3141 3142 3143 3144 3145 3146
3131 3132 3133 3134 3135 3136 3137 3138 3140 3141 3142 3143 3144 3145 3146 3147
3132 3133 3134 3135 3136 3137 3138 3139 3141 3142 3143 3144 3145 3146 3147 3148
3133 3134 3135 3136 3137 3138 3139 3140 3142 3143 3144 3145 3146 3147 3148 3149
3134 3135 3136 3137 3138 3139 3140 3141 3143 3144 3145 3146 3147 3148 3149 3150
3135 3136 3137 3138 3139 3140 3141 3142 3144 3145 3146 3147 3148 3149 3150 3151
3136 3137 3138 3139 3140 3141 3142 3143 3145 3146 3147 3148 3149 3150 3151 3152
3137 3138 3139 3140 3141 3142 3143 3144 3146 3147 3148 3149 3150 3151 3152 3153
3138 3139 3140 3141 3142 3143 3144 3145 3147 3148 3149 3150 3151 3152 3153 3154
3139 3140 3141 3142 3143 3144 3145 3146 3148 3149 3150 3151 3152 3153 3154 3155
3140 3141 3142 3143 3144 3145 3146 3147 3149 3150 3151 3152 3153 3154 3155 3156
3141 3142 3143 3144 3145 3146 3147 3148 3150 3151 3152 3153 3154 3155 3156 3157
3142 3143 3144 3145 3146 3147 3148 3149 3151 3152 3153 3154 3155 3156 3157 3158
3143 3144 3145 3146 3147 3148 3149 3150 3152 3153 3154 3155 3156 3157 3158 3159
3144 3145 3146 3147 3148 3149 3150 3151 3153 3154 3155 3156 3157 3158 3159 3160
3145 3146 3147 3148 3149 3150 3151 3152 3154 3155 3156 3157 3158 3159 3160 3161
3146 3147 3148 3149 3150 3151 3152 3153 3155 3156 3157 3158 3159 3160 3161 3162
3147 3148 3149 3150 3151 3152 3153 3154 3156 3157 3158 3159 3160 3161 3162 3163
3148 3149 3150 3151 3152 3153 3154 3155 3157 3158 3159 3160 3161 3162 3163 3164
3149 3150 3151 3152 3153 3154 3155 3156 3158 3159 3160 3161 3162 3163 3164 3165
3150 3151 3152 3153 3154 3155 3156 3157 3159 3160 3161 3162 3163 3164 3165 3166
3151 3152 3153 3154 3155 3156 3157 3158 3160 3161 3162 3163 3164 3165 3166 3167
3152 3153 3154 3155 3156 3157 3158 3159 3161 3162 3163 3164 3165 3166 3167 3168
3153 3154 3155 3156 3157 3158 3159 3160 3162 3163 3164 3165 3166 3167 3168 3169
3154 3155 3156 3157 3158 3159 3160 3161 3163 3164 3165 3166 3167 3168 3169 3170
3155 3156 3157 3158 3159 3160 3161 3162 3164 3165 3166 3167 3168 3169 3170 3171
3156 3157 3158 3159 3160 3161 3162 3163 3165 3166 3167 3168 3169 3170 3171 3172
3157 3158 3159 3160 3161 3162 3163 3164 3166 3167 3168 3169 3170 3171 3172 3173
3158 3159 3160 3161 3162 3163 3164 3165 3167 3168 3169 3170 3171 3172 3173 3174
3159 3160 3161 3162 3163 3164 3165 3166 3168 3169 3170 3171 3172 3173 3174 3175
3160 3161 3162 3163 3164 3165 3166 3167 3169 3170 3171 3172 3173 3174 3175 3176
3161 3162 3163 3164 3165 3166 3167 3168 3170 3171 3172 3173 3174 3175 3176 3177
3162 3163 3164 3165 3166 3167 3168 3169 3171 3172 3173 3174 3175 3176 3177 3178
3163 3164 3165 3166 3167 3168 3169 3170 3172 3173 3174 3175 3176 3177 3178 3179
3164 3165 3166 3167 3168 3169 3170 3171 3173 3174 3175 3176 3177 3178 3179 3180
3165 3166 3167 3168 3169 3170 3171 3172 3174 3175 3176 3177 3178 3179 3180 3181
3166 3167 3168 3169 3170 3171 3172 3173 3175 3176 3177 3178 3179 3180 3181 3182
3167 3168 3169 3170 3171 3172 3173 3174 3176 3177 3178 3179 3180 3181 3182 3183
3168 3169 3170 3171 3172 3173 3174 3175 3177 3178 3179 3180 3181 3182 3183 3184
3169 3170 3171 3172 3173 3174 3175 3176 3178 3179 3180 3181 3182 3183 3184 3185
3170 3171 3172 3173 3174 3175 3176 3177 3179 3180 3181 3182 3183 3184 3185 3186
3171 3172 3173 3174 3175 3176 3177 3178 3180 3181 3182 3183 3184 3185 3186 3187
3172 3173 3174 3175 3176 3177 3178 3179 3181 3182 3183 3184 3185 3186 3187 3188
3173 3174 3175 3176 3177 3178 3179 3180 3182 3183 3184 3185 3186 3187 3188 3189
3174 3175 3176 3177 3178 3179 3180 3181 3183 3184 3185 3186 3187 3188 3189 3190
3175 3176 3177 3178 3179 3180 3181 3182 3184 3185 3186 3187 3188 3189 3190 3191
3176 3177 3178 3179 3180 3181 3182 3183 3185 3186 3187 3188 3189 3190 3191 3192
3177 3178 3179 3180 3181 3182 3183 3184 3186 3187 3188 3189 3190 3191 3192 3193
3178 3179 3180 3181 3182 3183 3184 3185 3187 3188 3189 3190 3191 3192 3193 3194
3179 3180 3181 3182 3183 3184 3185 3186 3188 3189 3190 3191 3192 3193 3194 3195
3180 3181 3182 3183 3184 3185 3186 3187 3189 3190 3191 3192 3193 3194 3195 3196
3181 3182 3183 3184 3185 3186 3187 3188 3190 3191 3192 3193 3194 3195 3196 3197
3182 3183 3184 3185 3186 3187 3188 3189 3191 3192 3193 3194 3195 3196 3197 3198
3183 3184 3185 3186 3187 3188 3189 3190 3192 3193 3194 3195 3196 3197 3198 3199
3184 3185 3186 3187 3188 3189 3190 3191 3193 3194 3195 3196 3197 3198 3199 3200
3185 3186 3187 3188 3189 3190 3191 3192 3194 3195 3196 3197 3198 3199 3200 3201
3186 3187 3188 3189 3190 3191 3192 3193 3195 3196 3197 3198 3199 3200 3201 3202
3187 3188 3189 3190 3191 3192 3193 3194 3196 3197 3198 3199 3200 3201 3202 3203
3188 3189 3190 3191 3192 3193 3194 3195 3197 3198 3199 3200 3201 3202 3203 3204
3189 3190 3191 3192 3193 3194 3195 3196 3198 3199 3200 3201 3202 3203 3204 3205
3190 3191 3192 3193 3194 3195 3196 3197 3199 3200 3201 3202 3203 3204 3205 3206
3191 3192 3193 3194 3195 3196 3197 3198 3200 3201 3202 3203 3204 3205 3206 3207
3192 3193 3194 3195 3196 3197 3198 3199 3201 3202 3203 3204 3205 3206 3207 3208
3193 3194 3195 3196 3197 3198 3199 3200 3202 3203 3204 3205 3206 3207 3208 3209
3194 3195 3196 3197 3198 3199 3200 3201 3203 3204 3205 3206 3207 3208 3209 3210
3195 3196 3197 3198 3199 3200 3201 3202 3204 3205 3206 3207 3208 3209 3210 3211
3196 3197 3198 3199 3200 3201 3202 3203 3205 3206 3207 3208 3209 3210 3211 3212
3197 3198 3199 3200 3201 3202 3203 3204 3206 3207 3208 3209 3210 3211 3212 3213
3198 3199 3200 3201 3202 3203 3204 3205 3207 3208 3209 3210 3211 3212 3213 3214
3199 3200 3201 3202 3203 3204 3205 3206 3208 3209 3210 3211 3212 3213 3214 3215
3200 3201 3202 3203 3204 3205 3206 3207 3209 3210 3211 3212 3213 3214 3215 3216
3201 3202 3203 3204 3205 3206 3207 3208 3210 3211 3212 3213 3214 3215 3216 3217
3202 3203 3204 3205 3206 3207 3208 3209 3211 3212 3213 3214 3215 3216 3217 3218
3203 3204 3205 3206 3207 3208 3209 3210 3212 3213 3214 3215 3216 3217 3218 3219
3204 3205 3206 3207 3208 3209 3210 3211 3213 3214 3215 3216 3217 3218 3219 3220
3205 3206 3207 3208 3209 3210 3211 3212 3214 3215 3216 3217 3218 3219 3220 3221
3206 3207 3208 3209 3210 3211 3212 3213 3215 3216 3217 3218 3219 3220 3221 3222
3207 3208 3209 3210 3211 3212 3213 3214 3216 3217 3218 3219 3220 3221 3222 3223
3208 3209 3210 3211 3212 3213 3214 3215 3217 3218 3219 3220 3221 3222 3223 3224
3209 3210 3211 3212 3213 3214 3215 3216 3218 3219 3220 3221 3222 3223 3224 3225
3210 3211 3212 3213 3214 3215 3216 3217 3219 3220 3221 3222 3223 3224 3225 3226
3211 3212 3213 3214 3215 3216 3217 3218 3220 3221 3222 3223 3224 3225 3226 3227
3212 3213 3214 3215 3216 3217 3218 3219 3221 3222 3223 3224 3225 3226 3227 3228
3213 3214 3215 3216 3217 3218 3219 3220 3222 3223 3224 3225 3226 3227 3228 3229
3214 3215 3216 3217 3218 3219 3220 3221 3223 3224 3225 3226 3227 3228 3229 3230
3215 3216 3217 3218 3219 3220 3221 3222 3224 3225 3226 3227 3228 3229 3230 3231
3216 3217 3218 3219 3220 3221 3222 3223 3225 3226 3227 3228 3229 3230 3231 3232
3217 3218 3219 3220 3221 3222 3223 3224 3226 3227 3228 3229 3230 3231 3232 3233
3218 3219 3220 3221 3222 3223 3224 3225 3227 3228 3229 3230 3231 3232 3233 3234
3219 3220 3221 3222 3223 3224 3225 3226 3228 3229 3230 3231 3232 3233 3234 3235
3220 3221 3222 3223 3224 3225 3226 3227 3229 3230 3231 3232 3233 3234 3235 3236
3221 3222 3223 3224 3225 3226 3227 3228 3230 3231 3232 3233 3234 3235 3236 3237
3222 3223 3224 3225 3226 3227 3228 3229 3231 3232 3233 3234 3235 3236 3237 3238
3223 3224 3225 3226 3227 3228 3229 3230 3232 3233 3234 3235 3236 3237 3238 3239
3224 3225 3226 3227 3228 3229 3230 3231 3233 3234 3235 3236 3237 3238 3239 3240
3225 3226 3227 3228 3229 3230 3231 3232 3234 3235 3236 3237 3238 3239 3240 3241
3226 3227 3228 3229 3230 3231 3232 3233 3235 3236 3237 3238 3239 3240 3241 3242
3227 3228 3229 3230 3231 3232 3233 3234 3236 3237 3238 3239 3240 3241 3242 3243
3228 3229 3230 3231 3232 3233 3234 3235 3237 3238 3239 3240 3241 3242 3243 3244
3229 3230 3231 3232 3233 3234 3235 3236 3238 3239 3240 3241 3242 3243 3244 3245
3230 3231 3232 3233 3234 3235 3236 3237 3239 3240 3241 3242 3243 3244 3245 3246
3231 3232 3233 3234 3235 3236 3237 3238 3240 3241 3242 3243 3244 3245 3246 3247
3232 3233 3234 3235 3236 3237 3238 3239 3241 3242 3243 3244 3245 3246 3247 3248
3233 3234 3235 3236 3237 3238 3239 3240 3242 3243 3244 3245 3246 3247 3248 3249
3234 3235 3236 3237 3238 3239 3240 3241 3243 3244 3245 3246 3247 3248 3249 3250
3235 3236 3237 3238 3239 3240 3241 3242 3244 3245 3246 3247 3248 3249 3250 3251
3236 3237 3238 3239 3240 3241 3242 3243 3245 3246 3247 3248 3249 3250 3251 3252
3237 3238 3239 3240 3241 3242 3243 3244 3246 3247 3248 3249 3250 3251 3252 3253
3238 3239 3240 3241 3242 3243 3244 3245 3247 3248 3249 3250 3251 3252 3253 3254
3239 3240 3241 3242 3243 3244 3245 3246 3248 3249 3250 3251 3252 3253 3254 3255
3240 3241 3242 3243 3244 3245 3246 3247 3249 3250 3251 3252 3253 3254 3255 3256
3241 3242 3243 3244 3245 3246 3247 3248 3250 3251 3252 3253 3254 3255 3256 3257
3242 3243 3244 3245 3246 3247 3248 3249 3251 3252 3253 3254 3255 3256 3257 3258
3243 3244 3245 3246 3247 3248 3249 3250 3252 3253 3254 3255 3256 3257 3258 3259
3244 3245 3246 3247 3248 3249 3250 3251 3253 3254 3255 3256 3257 3258 3259 3260
3245 3246 3247 3248 3249 3250 3251 3252 3254 3255 3256 3257 3258 3259 3260 3261
3246 3247 3248 3249 3250 3251 3252 3253 3255 3256 3257 3258 3259 3260 3261 3262
3247 3248 3249 3250 3251 3252 3253 3254 3256 3257 3258 3259 3260 3261 3262 3263
3248 3249 3250 3251 3252 3253 3254 3255 3257 3258 3259 3260 3261 3262 3263 3264
3249 3250 3251 3252 3253 3254 3255 3256 3258 3259 3260 3261 3262 3263 3264 3265
3250 3251 3252 3253 3254 3255 3256 3257 3259 3260 3261 3262 3263 3264 3265 3266
3251 3252 3253 3254 3255 3256 3257 3258 3260 3261 3262 3263 3264 3265 3266 3267
3252 3253 3254 3255 3256 3257 3258 3259 3261 3262 3263 3264 3265 3266 3267 3268
3253 3254 3255 3256 3257 3258 3259 3260 3262 3263 3264 3265 3266 3267 3268 3269
3254 3255 3256 3257 3258 3259 3260 3261 3263 3264 3265 3266 3267 3268 3269 3270
3255 3256 3257 3258 3259 3260 3261 3262 3264 3265 3266 3267 3268 3269 3270 3271
3256 3257 3258 3259 3260 3261 3262 3263 3265 3266 3267 3268 3269 3270 3271 3272
3257 3258 3259 3260 3261 3262 3263 3264 3266 3267 3268 3269 3270 3271 3272 3273
3258 3259 3260 3261 3262 3263 3264 3265 3267 3268 3269 3270 3271 3272 3273 3274
3259 3260 3261 3262 3263 3264 3265 3266 3268 3269 3270 3271 3272 3273 3274 3275
3260 3261 3262 3263 3264 3265 3266 3267 3269 3270 3271 3272 3273 3274 3275 3276
3261 3262 3263 3264 3265 3266 3267 3268 3270 3271 3272 3273 3274 3275 3276 3277
3262 3263 3264 3265 3266 3267 3268 3269 3271 3272 3273 3274 3275 3276 3277 3278
3263 3264 3265 3266 3267 3268 3269 3270 3272 3273 3274 3275 3276 3277 3278 3279
3264 3265 3266 3267 3268 3269 3270 3271 3273 3274 3275 3276 3277 3278 3279 3280
3265 3266 3267 3268 3269 3270 3271 3272 3274 3275 3276 3277 3278 3279 3280 3281
3266 3267 3268 3269 3270 3271 3272 3273 3275 3276 3277 3278 3279 3280 3281 3282
3267 3268 3269 3270 3271 3272 3273 3274 3276 3277 3278 3279 3280 3281 3282 3283
3268 3269 3270 3271 3272 3273 3274 3275 3277 3278 3279 3280 3281 3282 3283 3284
3269 3270 3271 3272 3273 3274 3275 3276 3278 3279 3280 3281 3282 3283 3284 3285
3270 3271 3272 3273 3274 3275 3276 3277 3279 3280 3281 3282 3283 3284 3285 3286
3271 3272 3273 3274 3275 3276 3277 3278 3280 3281 3282 3283 3284 3285 3286 3287
3272 3273 3274 3275 3276 3277 3278 3279 3281 3282 3283 3284 3285 3286 3287 3288
3273 3274 3275 3276 3277 3278 3279 3280 3282 3283 3284 3285 3286 3287 3288 3289
3274 3275 3276 3277 3278 3279 3280 3281 3283 3284 3285 3286 3287 3288 3289 3290
3275 3276 3277 3278 3279 3280 3281 3282 3284 3285 3286 3287 3288 3289 3290 3291
3276 3277 3278 3279 3280 3281 3282 3283 3285 3286 3287 3288 3289 3290 3291 3292
3277 3278 3279 3280 3281 3282 3283 3284 3286 3287 3288 3289 3290 3291 3292 3293
3278 3279 3280 3281 3282 3283 3284 3285 3287 3288 3289 3290 3291 3292 3293 3294
3279 3280 3281 3282 3283 3284 3285 3286 3288 3289 3290 3291 3292 3293 3294 3295
3280 3281 3282 3283 3284 3285 3286 3287 3289 3290 3291 3292 3293 3294 3295 3296
3281 3282 3283 3284 3285 3286 3287 3288 3290 3291 3292 3293 3294 3295 3296 3297
3282 3283 3284 3285 3286 3287 3288 3289 3291 3292 3293 3294 3295 3296 3297 3298
3283 3284 3285 3286 3287 3288 3289 3290 3292 3293 3294 3295 3296 3297 3298 3299
3284 3285 3286 3287 3288 3289 3290 3291 3293 3294 3295 3296 3297 3298 3299 3300
3285 3286 3287 3288 3289 3290 3291 3292 3294 3295 3296 3297 3298 3299 3300 3301
3286 3287 3288 3289 3290 3291 3292 3293 3295 3296 3297 3298 3299 3300 3301 3302
3287 3288 3289 3290 3291 3292 3293 3294 3296 3297 3298 3299 3300 3301 3302 3303
3288 3289 3290 3291 3292 3293 3294 3295 3297 3298 3299 3300 3301 3302 3303 3304
3289 3290 3291 3292 3293 3294 3295 3296 3298 3299 3300 3301 3302 3303 3304 3305
3290 3291 3292 3293 3294 3295 3296 3297 3299 3300 3301 3302 3303 3304 3305 3306
3291 3292 3293 3294 3295 3296 3297 3298 3300 3301 3302 3303 3304 3305 3306 3307
3292 3293 3294 3295 3296 3297 3298 3299 3301 3302 3303 3304 3305 3306 3307 3308
3293 3294 3295 3296 3297 3298 3299 3300 3302 3303 3304 3305 3306 3307 3308 3309
3294 3295 3296 3297 3298 3299 3300 3301 3303 3304 3305 3306 3307 3308 3309 3310
3295 3296 3297 3298 3299 3300 3301 3302 3304 3305 3306 3307 3308 3309 3310 3311
3296 3297 3298 3299 3300 3301 3302 3303 3305 3306 3307 3308 3309 3310 3311 3312
3297 3298 3299 3300 3301 3302 3303 3304 3306 3307 3308 3309 3310 3311 3312 3313
3298 3299 3300 3301 3302 3303 3304 3305 3307 3308 3309 3310 3311 3312 3313 3314
3299 3300 3301 3302 3303 3304 3305 3306 3308 3309 3310 3311 3312 3313 3314 3315
3300 3301 3302 3303 3304 3305 3306 3307 3309 3310 3311 3312 3313 3314 3315 3316
3301 3302 3303 3304 3305 3306 3307 3308 3310 3311 3312 3313 3314 3315 3316 3317
3302 3303 3304 3305 3306 3307 3308 3309 3311 3312 3313 3314 3315 3316 3317 3318
3303 3304 3305 3306 3307 3308 3309 3310 3312 3313 3314 3315 3316 3317 3318 3319
3304 3305 3306 3307 3308 3309 3310 3311 3313 3314 3315 3316 3317 3318 3319 3320
3305 3306 3307 3308 3309 3310 3311 3312 3314 3315 3316 3317 3318 3319 3320 3321
3306 3307 3308 3309 3310 3311 3312 3313 3315 3316 3317 3318 3319 3320 3321 3322
3307 3308 3309 3310 3311 3312 3313 3314 3316 3317 3318 3319 3320 3321 3322 3323
3308 3309 3310 3311 3312 3313 3314 3315 3317 3318 3319 3320 3321 3322 3323 3324
3309 3310 3311 3312 3313 3314 3315 3316 3318 3319 3320 3321 3322 3323 3324 3325
3310 3311 3312 3313 3314 3315 3316 3317 3319 3320 3321 3322 3323 3324 3325 3326
3311 3312 3313 3314 3315 3316 3317 3318 3320 3321 3322 3323 3324 3325 3326 3327
3312 3313 3314 3315 3316 3317 3318 3319 3321 3322 3323 3324 3325 3326 3327 3328
3313 3314 3315 3316 3317 3318 3319 3320 3322 3323 3324 3325 3326 3327 3328 3329
3314 3315 3316 3317 3318 3319 3320 3321 3323 3324 3325 3326 3327 3328 3329 3330
3315 3316 3317 3318 3319 3320 3321 3322 3324 3325 3326 3327 3328 3329 3330 3331
3316 3317 3318 3319 3320 3321 3322 3323 3325 3326 3327 3328 3329 3330 3331 3332
3317 3318 3319 3320 3321 3322 3323 3324 3326 3327 3328 3329 3330 3331 3332 3333
3318 3319 3320 3321 3322 3323 3324 3325 3327 3328 3329 3330 3331 3332 3333 3334
3319 3320 3321 3322 3323 3324 3325 3326 3328 3329 3330 3331 3332 3333 3334 3335
3320 3321 3322 3323 3324 3325 3326 3327 3329 3330 3331 3332 3333 3334 3335 3336
3321 3322 3323 3324 3325 3326 3327 3328 3330 3331 3332 3333 3334 3335 3336 3337
3322 3323 3324 3325 3326 3327 3328 3329 3331 3332 3333 3334 3335 3336 3337 3338
3323 3324 3325 3326 3327 3328 3329 3330 3332 3333 3334 3335 3336 3337 3338 3339
3324 3325 3326 3327 3328 3329 3330 3331 3333 3334 3335 3336 3337 3338 3339 3340
3325 3326 3327 3328 3329 3330 3331 3332 3334 3335 3336 3337 3338 3339 3340 3341
3326 3327 3328 3329 3330 3331 3332 3333 3335 3336 3337 3338 3339 3340 3341 3342
3327 3328 3329 3330 3331 3332 3333 3334 3336 3337 3338 3339 3340 3341 3342 3343
3328 3329 3330 3331 3332 3333 3334 3335 3337 3338 3339 3340 3341 3342 3343 3344
3329 3330 3331 3332 3333 3334 3335 3336 3338 3339 3340 3341 3342 3343 3344 3345
3330 3331 3332 3333 3334 3335 3336 3337 3339 3340 3341 3342 3343 3344 3345 3346
3331 3332 3333 3334 3335 3336 3337 3338 3340 3341 3342 3343 3344 3345 3346 3347
3332 3333 3334 3335 3336 3337 3338 3339 3341 3342 3343 3344 3345 3346 3347 3348
3333 3334 3335 3336 3337 3338 3339 3340 3342 3343 3344 3345 3346 3347 3348 3349
3334 3335 3336 3337 3338 3339 3340 3341 3343 3344 3345 3346 3347 3348 3349 3350
3335 3336 3337 3338 3339 3340 3341 3342 3344 3345 3346 3347 3348 3349 3350 3351
3336 3337 3338 3339 3340 3341 3342 3343 3345 3346 3347 3348 3349 3350 3351 3352
3337 3338 3339 3340 3341 3342 3343 3344 3346 3347 3348 3349 3350 3351 3352 3353
3338 3339 3340 3341 3342 3343 3344 3345 3347 3348 3349 3350 3351 3352 3353 3354
3339 3340 3341 3342 3343 3344 3345 3346 3348 3349 3350 3351 3352 3353 3354 3355
3340 3341 3342 3343 3344 3345 3346 3347 3349 3350 3351 3352 3353 3354 3355 3356
3341 3342 3343 3344 3345 3346 3347 3348 3350 3351 3352 3353 3354 3355 3356 3357
3342 3343 3344 3345 3346 3347 3348 3349 3351 3352 3353 3354 3355 3356 3357 3358
3343 3344 3345 3346 3347 3348 3349 3350 3352 3353 3354 3355 3356 3357 3358 3359
3344 3345 3346 3347 3348 3349 3350 3351 3353 3354 3355 3356 3357 3358 3359 3360
3345 3346 3347 3348 3349 3350 3351 3352 3354 3355 3356 3357 3358 3359 3360 3361
3346 3347 3348 3349 3350 3351 3352 3353 3355 3356 3357 3358 3359 3360 3361 3362
3347 3348 3349 3350 3351 3352 3353 3354 3356 3357 3358 3359 3360 3361 3362 3363
3348 3349 3350 3351 3352 3353 3354 3355 3357 3358 3359 3360 3361 3362 3363 3364
3349 3350 3351 3352 3353 3354 3355 3356 3358 3359 3360 3361 3362 3363 3364 3365
3350 3351 3352 3353 3354 3355 3356 3357 3359 3360 3361 3362 3363 3364 3365 3366
3351 3352 3353 3354 3355 3356 3357 3358 3360 3361 3362 3363 3364 3365 3366 3367
3352 3353 3354 3355 3356 3357 3358 3359 3361 3362 3363 3364 3365 3366 3367 3368
3353 3354 3355 3356 3357 3358 3359 3360 3362 3363 3364 3365 3366 3367 3368 3369
3354 3355 3356 3357 3358 3359 3360 3361 3363 3364 3365 3366 3367 3368 3369 3370
3355 3356 3357 3358 3359 3360 3361 3362 3364 3365 3366 3367 3368 3369 3370 3371
3356 3357 3358 3359 3360 3361 3362 3363 3365 3366 3367 3368 3369 3370 3371 3372
3357 3358 3359 3360 3361 3362 3363 3364 3366 3367 3368 3369 3370 3371 3372 3373
3358 3359 3360 3361 3362 3363 3364 3365 3367 3368 3369 3370 3371 3372 3373 3374
3359 3360 3361 3362 3363 3364 3365 3366 3368 3369 3370 3371 3372 3373 3374 3375
3360 3361 3362 3363 3364 3365 3366 3367 3369 3370 3371 3372 3373 3374 3375 3376
3361 3362 3363 3364 3365 3366 3367 3368 3370 3371 3372 3373 3374 3375 3376 3377
3362 3363 3364 3365 3366 3367 3368 3369 3371 3372 3373 3374 3375 3376 3377 3378
3363 3364 3365 3366 3367 3368 3369 3370 3372 3373 3374 3375 3376 3377 3378 3379
3364 3365 3366 3367 3368 3369 3370 3371 3373 3374 3375 3376 3377 3378 3379 3380
3365 3366 3367 3368 3369 3370 3371 3372 3374 3375 3376 3377 3378 3379 3380 3381
3366 3367 3368 3369 3370 3371 3372 3373 3375 3376 3377 3378 3379 3380 3381 3382
3367 3368 3369 3370 3371 3372 3373 3374 3376 3377 3378 3379 3380 3381 3382 3383
3368 3369 3370 3371 3372 3373 3374 3375 3377 3378 3379 3380 3381 3382 3383 3384
3369 3370 3371 3372 3373 3374 3375 3376 3378 3379 3380 3381 3382 3383 3384 3385
3370 3371 3372 3373 3374 3375 3376 3377 3379 3380 3381 3382 3383 3384 3385 3386
3371 3372 3373 3374 3375 3376 3377 3378 3380 3381 3382 3383 3384 3385 3386 3387
3372 3373 3374 3375 3376 3377 3378 3379 3381 3382 3383 3384 3385 3386 3387 3388
3373 3374 3375 3376 3377 3378 3379 3380 3382 3383 3384 3385 3386 3387 3388 3389
3374 3375 3376 3377 3378 3379 3380 3381 3383 3384 3385 3386 3387 3388 3389 3390
3375 3376 3377 3378 3379 3380 3381 3382 3384 3385 3386 3387 3388 3389 3390 3391
3376 3377 3378 3379 3380 3381 3382 3383 3385 3386 3387 3388 3389 3390 3391 3392
3377 3378 3379 3380 3381 3382 3383 3384 3386 3387 3388 3389 3390 3391 3392 3393
3378 3379 3380 3381 3382 3383 3384 3385 3387 3388 3389 3390 3391 3392 3393 3394
3379 3380 3381 3382 3383 3384 3385 3386 3388 3389 3390 3391 3392 3393 3394 3395
3380 3381 3382 3383 3384 3385 3386 3387 3389 3390 3391 3392 3393 3394 3395 3396
3381 3382 3383 3384 3385 3386 3387 3388 3390 3391 3392 3393 3394 3395 3396 3397
3382 3383 3384 3385 3386 3387 3388 3389 3391 3392 3393 3394 3395 3396 3397 3398
3383 3384 3385 3386 3387 3388 3389 3390 3392 3393 3394 3395 3396 3397 3398 3399
3384 3385 3386 3387 3388 3389 3390 3391 3393 3394 3395 3396 3397 3398 3399 3400
3385 3386 3387 3388 3389 3390 3391 3392 3394 3395 3396 3397 3398 3399 3400 3401
3386 3387 3388 3389 3390 3391 3392 3393 3395 3396 3397 3398 3399 3400 3401 3402
3387 3388 3389 3390 3391 3392 3393 3394 3396 3397 3398 3399 3400 3401 3402 3403
3388 3389 3390 3391 3392 3393 3394 3395 3397 3398 3399 3400 3401 3402 3403 3404
3389 3390 3391 3392 3393 3394 3395 3396 3398 3399 3400 3401 3402 3403 3404 3405
3390 3391 3392 3393 3394 3395 3396 3397 3399 3400 3401 3402 3403 3404 3405 3406
3391 3392 3393 3394 3395 3396 3397 3398 3400 3401 3402 3403 3404 3405 3406 3407
3392 3393 3394 3395 3396 3397 3398 3399 3401 3402 3403 3404 3405 3406 3407 3408
3393 3394 3395 3396 3397 3398 3399 3400 3402 3403 3404 3405 3406 3407 3408 3409
3394 3395 3396 3397 3398 3399 3400 3401 3403 3404 3405 3406 3407 3408 3409 3410
3395 3396 3397 3398 3399 3400 3401 3402 3404 3405 3406 3407 3408 3409 3410 3411
3396 3397 3398 3399 3400 3401 3402 3403 3405 3406 3407 3408 3409 3410 3411 3412
3397 3398 3399 3400 3401 3402 3403 3404 3406 3407 3408 3409 3410 3411 3412 3413
3398 3399 3400 3401 3402 3403 3404 3405 3407 3408 3409 3410 3411 3412 3413 3414
3399 3400 3401 3402 3403 3404 3405 3406 3408 3409 3410 3411 3412 3413 3414 3415
3400 3401 3402 3403 3404 3405 3406 3407 3409 3410 3411 3412 3413 3414 3415 3416
3401 3402 3403 3404 3405 3406 3407 3408 3410 3411 3412 3413 3414 3415 3416 3417
3402 3403 3404 3405 3406 3407 3408 3409 3411 3412 3413 3414 3415 3416 3417 3418
3403 3404 3405 3406 3407 3408 3409 3410 3412 3413 3414 3415 3416 3417 3418 3419
3404 3405 3406 3407 3408 3409 3410 3411 3413 3414 3415 3416 3417 3418 3419 3420
3405 3406 3407 3408 3409 3410 3411 3412 3414 3415 3416 3417 3418 3419 3420 3421
3406 3407 3408 3409 3410 3411 3412 3413 3415 3416 3417 3418 3419 3420 3421 3422
3407 3408 3409 3410 3411 3412 3413 3414 3416 3417 3418 3419 3420 3421 3422 3423
3408 3409 3410 3411 3412 3413 3414 3415 3417 3418 3419 3420 3421 3422 3423 3424
3409 3410 3411 3412 3413 3414 3415 3416 3418 3419 3420 3421 3422 3423 3424 3425
3410 3411 3412 3413 3414 3415 3416 3417 3419 3420 3421 3422 3423 3424 3425 3426
3411 3412 3413 3414 3415 3416 3417 3418 3420 3421 3422 3423 3424 3425 3426 3427
3412 3413 3414 3415 3416 3417 3418 3419 3421 3422 3423 3424 3425 3426 3427 3428
3413 3414 3415 3416 3417 3418 3419 3420 3422 3423 3424 3425 3426 3427 3428 3429
3414 3415 3416 3417 3418 3419 3420 3421 3423 3424 3425 3426 3427 3428 3429 3430
3415 3416 3417 3418 3419 3420 3421 3422 3424 3425 3426 3427 3428 3429 3430 3431
3416 3417 3418 3419 3420 3421 3422 3423 3425 3426 3427 3428 3429 3430 3431 3432
3417 3418 3419 3420 3421 3422 3423 3424 3426 3427 3428 3429 3430 3431 3432 3433
3418 3419 3420 3421 3422 3423 3424 3425 3427 3428 3429 3430 3431 3432 3433 3434
3419 3420 3421 3422 3423 3424 3425 3426 3428 3429 3430 3431 3432 3433 3434 3435
3420 3421 3422 3423 3424 3425 3426 3427 3429 3430 3431 3432 3433 3434 3435 3436
3421 3422 3423 3424 3425 3426 3427 3428 3430 3431 3432 3433 3434 3435 3436 3437
3422 3423 3424 3425 3426 3427 3428 3429 3431 3432 3433 3434 3435 3436 3437 3438
3423 3424 3425 3426 3427 3428 3429 3430 3432 3433 3434 3435 3436 3437 3438 3439
3424 3425 3426 3427 3428 3429 3430 3431 3433 3434 3435 3436 3437 3438 3439 3440
3425 3426 3427 3428 3429 3430 3431 3432 3434 3435 3436 3437 3438 3439 3440 3441
3426 3427 3428 3429 3430 3431 3432 3433 3435 3436 3437 3438 3439 3440 3441 3442
3427 3428 3429 3430 3431 3432 3433 3434 3436 3437 3438 3439 3440 3441 3442 3443
3428 3429 3430 3431 3432 3433 3434 3435 3437 3438 3439 3440 3441 3442 3443 3444
3429 3430 3431 3432 3433 3434 3435 3436 3438 3439 3440 3441 3442 3443 3444 3445
3430 3431 3432 3433 3434 3435 3436 3437 3439 3440 3441 3442 3443 3444 3445 3446
3431 3432 3433 3434 3435 3436 3437 3438 3440 3441 3442 3443 3444 3445 3446 3447
3432 3433 3434 3435 3436 3437 3438 3439 3441 3442 3443 3444 3445 3446 3447 3448
3433 3434 3435 3436 3437 3438 3439 3440 3442 3443 3444 3445 3446 3447 3448 3449
3434 3435 3436 3437 3438 3439 3440 3441 3443 3444 3445 3446 3447 3448 3449 3450
3435 3436 3437 3438 3439 3440 3441 3442 3444 3445 3446 3447 3448 3449 3450 3451
3436 3437 3438 3439 3440 3441 3442 3443 3445 3446 3447 3448 3449 3450 3451 3452
3437 3438 3439 3440 3441 3442 3443 3444 3446 3447 3448 3449 3450 3451 3452 3453
3438 3439 3440 3441 3442 3443 3444 3445 3447 3448 3449 3450 3451 3452 3453 3454
3439 3440 3441 3442 3443 3444 3445 3446 3448 3449 3450 3451 3452 3453 3454 3455
3440 3441 3442 3443 3444 3445 3446 3447 3449 3450 3451 3452 3453 3454 3455 3456
3441 3442 3443 3444 3445 3446 3447 3448 3450 3451 3452 3453 3454 3455 3456 3457
3442 3443 3444 3445 3446 3447 3448 3449 3451 3452 3453 3454 3455 3456 3457 3458
3443 3444 3445 3446 3447 3448 3449 3450 3452 3453 3454 3455 3456 3457 3458 3459
3444 3445 3446 3447 3448 3449 3450 3451 3453 3454 3455 3456 3457 3458 3459 3460
3445 3446 3447 3448 3449 3450 3451 3452 3454 3455 3456 3457 3458 3459 3460 3461
3446 3447 3448 3449 3450 3451 3452 3453 3455 3456 3457 3458 3459 3460 3461 3462
3447 3448 3449 3450 3451 3452 3453 3454 3456 3457 3458 3459 3460 3461 3462 3463
3448 3449 3450 3451 3452 3453 3454 3455 3457 3458 3459 3460 3461 3462 3463 3464
3449 3450 3451 3452 3453 3454 3455 3456 3458 3459 3460 3461 3462 3463 3464 3465
3450 3451 3452 3453 3454 3455 3456 3457 3459 3460 3461 3462 3463 3464 3465 3466
3451 3452 3453 3454 3455 3456 3457 3458 3460 3461 3462 3463 3464 3465 3466 3467
3452 3453 3454 3455 3456 3457 3458 3459 3461 3462 3463 3464 3465 3466 3467 3468
3453 3454 3455 3456 3457 3458 3459 3460 3462 3463 3464 3465 3466 3467 3468 3469
3454 3455 3456 3457 3458 3459 3460 3461 3463 3464 3465 3466 3467 3468 3469 3470
3455 3456 3457 3458 3459 3460 3461 3462 3464 3465 3466 3467 3468 3469 3470 3471
3456 3457 3458 3459 3460 3461 3462 3463 3465 3466 3467 3468 3469 3470 3471 3472
3457 3458 3459 3460 3461 3462 3463 3464 3466 3467 3468 3469 3470 3471 3472 3473
3458 3459 3460 3461 3462 3463 3464 3465 3467 3468 3469 3470 3471 3472 3473 3474
3459 3460 3461 3462 3463 3464 3465 3466 3468 3469 3470 3471 3472 3473 3474 3475
3460 3461 3462 3463 3464 3465 3466 3467 3469 3470 3471 3472 3473 3474 3475 3476
3461 3462 3463 3464 3465 3466 3467 3468 3470 3471 3472 3473 3474 3475 3476 3477
3462 3463 3464 3465 3466 3467 3468 3469 3471 3472 3473 3474 3475 3476 3477 3478
3463 3464 3465 3466 3467 3468 3469 3470 3472 3473 3474 3475 3476 3477 3478 3479
3464 3465 3466 3467 3468 3469 3470 3471 3473 3474 3475 3476 3477 3478 3479 3480
3465 3466 3467 3468 3469 3470 3471 3472 3474 3475 3476 3477 3478 3479 3480 3481
3466 3467 3468 3469 3470 3471 3472 3473 3475 3476 3477 3478 3479 3480 3481 3482
3467 3468 3469 3470 3471 3472 3473 3474 3476 3477 3478 3479 3480 3481 3482 3483
3468 3469 3470 3471 3472 3473 3474 3475 3477 3478 3479 3480 3481 3482 3483 3484
3469 3470 3471 3472 3473 3474 3475 3476 3478 3479 3480 3481 3482 3483 3484 3485
3470 3471 3472 3473 3474 3475 3476 3477 3479 3480 3481 3482 3483 3484 3485 3486
3471 3472 3473 3474 3475 3476 3477 3478 3480 3481 3482 3483 3484 3485 3486 3487
3472 3473 3474 3475 3476 3477 3478 3479 3481 3482 3483 3484 3485 3486 3487 3488
3473 3474 3475 3476 3477 3478 3479 3480 3482 3483 3484 3485 3486 3487 3488 3489
3474 3475 3476 3477 3478 3479 3480 3481 3483 3484 3485 3486 3487 3488 3489 3490
3475 3476 3477 3478 3479 3480 3481 3482 3484 3485 3486 3487 3488 3489 3490 3491
3476 3477 3478 3479 3480 3481 3482 3483 3485 3486 3487 3488 3489 3490 3491 3492
3477 3478 3479 3480 3481 3482 3483 3484 3486 3487 3488 3489 3490 3491 3492 3493
3478 3479 3480 3481 3482 3483 3484 3485 3487 3488 3489 3490 3491 3492 3493 3494
3479 3480 3481 3482 3483 3484 3485 3486 3488 3489 3490 3491 3492 3493 3494 3495
3480 3481 3482 3483 3484 3485 3486 3487 3489 3490 3491 3492 3493 3494 3495 3496
3481 3482 3483 3484 3485 3486 3487 3488 3490 3491 3492 3493 3494 3495 3496 3497
3482 3483 3484 3485 3486 3487 3488 3489 3491 3492 3493 3494 3495 3496 3497 3498
3483 3484 3485 3486 3487 3488 3489 3490 3492 3493 3494 3495 3496 3497 3498 3499
3484 3485 3486 3487 3488 3489 3490 3491 3493 3494 3495 3496 3497 3498 3499 3500
3485 3486 3487 3488 3489 3490 3491 3492 3494 3495 3496 3497 3498 3499 3500 3501
3486 3487 3488 3489 3490 3491 3492 3493 3495 3496 3497 3498 3499 3500 3501 3502
3487 3488 3489 3490 3491 3492 3493 3494 3496 3497 3498 3499 3500 3501 3502 3503
3488 3489 3490 3491 3492 3493 3494 3495 3497 3498 3499 3500 3501 3502 3503 3504
3489 3490 3491 3492 3493 3494 3495 3496 3498 3499 3500 3501 3502 3503 3504 3505
3490 3491 3492 3493 3494 3495 3496 3497 3499 3500 3501 3502 3503 3504 3505 3506
3491 3492 3493 3494 3495 3496 3497 3498 3500 3501 3502 3503 3504 3505 3506 3507
3492 3493 3494 3495 3496 3497 3498 3499 3501 3502 3503 3504 3505 3506 3507 3508
3493 3494 3495 3496 3497 3498 3499 3500 3502 3503 3504 3505 3506 3507 3508 3509
3494 3495 3496 3497 3498 3499 3500 3501 3503 3504 3505 3506 3507 3508 3509 3510
3495 3496 3497 3498 3499 3500 3501 3502 3504 3505 3506 3507 3508 3509 3510 3511
3496 3497 3498 3499 3500 3501 3502 3503 3505 3506 3507 3508 3509 3510 3511 3512
3497 3498 3499 3500 3501 3502 3503 3504 3506 3507 3508 3509 3510 3511 3512 3513
3498 3499 3500 3501 3502 3503 3504 3505 3507 3508 3509 3510 3511 3512 3513 3514
3499 3500 3501 3502 3503 3504 3505 3506 3508 3509 3510 3511 3512 3513 3514 3515
3500 3501 3502 3503 3504 3505 3506 3507 3509 3510 3511 3512 3513 3514 3515 3516
3501 3502 3503 3504 3505 3506 3507 3508 3510 3511 3512 3513 3514 3515 3516 3517
3502 3503 3504 3505 3506 3507 3508 3509 3511 3512 3513 3514 3515 3516 3517 3518
3503 3504 3505 3506 3507 3508 3509 3510 3512 3513 3514 3515 3516 3517 3518 3519
3504 3505 3506 3507 3508 3509 3510 3511 3513 3514 3515 3516 3517 3518 3519 3520
3505 3506 3507 3508 3509 3510 3511 3512 3514 3515 3516 3517 3518 3519 3520 3521
3506 3507 3508 3509 3510 3511 3512 3513 3515 3516 3517 3518 3519 3520 3521 3522
3507 3508 3509 3510 3511 3512 3513 3514 3516 3517 3518 3519 3520 3521 3522 3523
3508 3509 3510 3511 3512 3513 3514 3515 3517 3518 3519 3520 3521 3522 3523 3524
3509 3510 3511 3512 3513 3514 3515 3516 3518 3519 3520 3521 3522 3523 3524 3525
3510 3511 3512 3513 3514 3515 3516 3517 3519 3520 3521 3522 3523 3524 3525 3526
3511 3512 3513 3514 3515 3516 3517 3518 3520 3521 3522 3523 3524 3525 3526 3527
3512 3513 3514 3515 3516 3517 3518 3519 3521 3522 3523 3524 3525 3526 3527 3528
3513 3514 3515 3516 3517 3518 3519 3520 3522 3523 3524 3525 3526 3527 3528 3529
3514 3515 3516 3517 3518 3519 3520 3521 3523 3524 3525 3526 3527 3528 3529 3530
3515 3516 3517 3518 3519 3520 3521 3522 3524 3525 3526 3527 3528 3529 3530 3531
3516 3517 3518 3519 3520 3521 3522 3523 3525 3526 3527 3528 3529 3530 3531 3532
3517 3518 3519 3520 3521 3522 3523 3524 3526 3527 3528 3529 3530 3531 3532 3533
3518 3519 3520 3521 3522 3523 3524 3525 3527 3528 3529 3530 3531 3532 3533 3534
3519 3520 3521 3522 3523 3524 3525 3526 3528 3529 3530 3531 3532 3533 3534 3535
3520 3521 3522 3523 3524 3525 3526 3527 3529 3530 3531 3532 3533 3534 3535 3536
3521 3522 3523 3524 3525 3526 3527 3528 3530 3531 3532 3533 3534 3535 3536 3537
3522 3523 3524 3525 3526 3527 3528 3529 3531 3532 3533 3534 3535 3536 3537 3538
3523 3524 3525 3526 3527 3528 3529 3530 3532 3533 3534 3535 3536 3537 3538 3539
3524 3525 3526 3527 3528 3529 3530 3531 3533 3534 3535 3536 3537 3538 3539 3540
3525 3526 3527 3528 3529 3530 3531 3532 3534 3535 3536 3537 3538 3539 3540 3541
3526 3527 3528 3529 3530 3531 3532 3533 3535 3536 3537 3538 3539 3540 3541 3542
3527 3528 3529 3530 3531 3532 3533 3534 3536 3537 3538 3539 3540 3541 3542 3543
3528 3529 3530 3531 3532 3533 3534 3535 3537 3538 3539 3540 3541 3542 3543 3544
3529 3530 3531 3532 3533 3534 3535 3536 3538 3539 3540 3541 3542 3543 3544 3545
3530 3531 3532 3533 3534 3535 3536 3537 3539 3540 3541 3542 3543 3544 3545 3546
3531 3532 3533 3534 3535 3536 3537 3538 3540 3541 3542 3543 3544 3545 3546 3547
3532 3533 3534 3535 3536 3537 3538 3539 3541 3542 3543 3544 3545 3546 3547 3548
3533 3534 3535 3536 3537 3538 3539 3540 3542 3543 3544 3545 3546 3547 3548 3549
3534 3535 3536 3537 3538 3539 3540 3541 3543 3544 3545 3546 3547 3548 3549 3550
3535 3536 3537 3538 3539 3540 3541 3542 3544 3545 3546 3547 3548 3549 3550 3551
3536 3537 3538 3539 3540 3541 3542 3543 3545 3546 3547 3548 3549 3550 3551 3552
3537 3538 3539 3540 3541 3542 3543 3544 3546 3547 3548 3549 3550 3551 3552 3553
3538 3539 3540 3541 3542 3543 3544 3545 3547 3548 3549 3550 3551 3552 3553 3554
3539 3540 3541 3542 3543 3544 3545 3546 3548 3549 3550 3551 3552 3553 3554 3555
3540 3541 3542 3543 3544 3545 3546 3547 3549 3550 3551 3552 3553 3554 3555 3556
3541 3542 3543 3544 3545 3546 3547 3548 3550 3551 3552 3553 3554 3555 3556 3557
3542 3543 3544 3545 3546 3547 3548 3549 3551 3552 3553 3554 3555 3556 3557 3558
3543 3544 3545 3546 3547 3548 3549 3550 3552 3553 3554 3555 3556 3557 3558 3559
3544 3545 3546 3547 3548 3549 3550 3551 3553 3554 3555 3556 3557 3558 3559 3560
3545 3546 3547 3548 3549 3550 3551 3552 3554 3555 3556 3557 3558 3559 3560 3561
3546 3547 3548 3549 3550 3551 3552 3553 3555 3556 3557 3558 3559 3560 3561 3562
3547 3548 3549 3550 3551 3552 3553 3554 3556 3557 3558 3559 3560 3561 3562 3563
3548 3549 3550 3551 3552 3553 3554 3555 3557 3558 3559 3560 3561 3562 3563 3564
3549 3550 3551 3552 3553 3554 3555 3556 3558 3559 3560 3561 3562 3563 3564 3565
3550 3551 3552 3553 3554 3555 3556 3557 3559 3560 3561 3562 3563 3564 3565 3566
3551 3552 3553 3554 3555 3556 3557 3558 3560 3561 3562 3563 3564 3565 3566 3567
3552 3553 3554 3555 3556 3557 3558 3559 3561 3562 3563 3564 3565 3566 3567 3568
3553 3554 3555 3556 3557 3558 3559 3560 3562 3563 3564 3565 3566 3567 3568 3569
3554 3555 3556 3557 3558 3559 3560 3561 3563 3564 3565 3566 3567 3568 3569 3570
3555 3556 3557 3558 3559 3560 3561 3562 3564 3565 3566 3567 3568 3569 3570 3571
3556 3557 3558 3559 3560 3561 3562 3563 3565 3566 3567 3568 3569 3570 3571 3572
3557 3558 3559 3560 3561 3562 3563 3564 3566 3567 3568 3569 3570 3571 3572 3573
3558 3559 3560 3561 3562 3563 3564 3565 3567 3568 3569 3570 3571 3572 3573 3574
3559 3560 3561 3562 3563 3564 3565 3566 3568 3569 3570 3571 3572 3573 3574 3575
3560 3561 3562 3563 3564 3565 3566 3567 3569 3570 3571 3572 3573 3574 3575 3576
3561 3562 3563 3564 3565 3566 3567 3568 3570 3571 3572 3573 3574 3575 3576 3577
3562 3563 3564 3565 3566 3567 3568 3569 3571 3572 3573 3574 3575 3576 3577 3578
3563 3564 3565 3566 3567 3568 3569 3570 3572 3573 3574 3575 3576 3577 3578 3579
3564 3565 3566 3567 3568 3569 3570 3571 3573 3574 3575 3576 3577 3578 3579 3580
3565 3566 3567 3568 3569 3570 3571 3572 3574 3575 3576 3577 3578 3579 3580 3581
3566 3567 3568 3569 3570 3571 3572 3573 3575 3576 3577 3578 3579 3580 3581 3582
3567 3568 3569 3570 3571 3572 3573 3574 3576 3577 3578 3579 3580 3581 3582 3583
3568 3569 3570 3571 3572 3573 3574 3575 3577 3578 3579 3580 3581 3582 3583 3584
3569 3570 3571 3572 3573 3574 3575 3576 3578 3579 3580 3581 3582 3583 3584 3585
3570 3571 3572 3573 3574 3575 3576 3577 3579 3580 3581 3582 3583 3584 3585 3586
3571 3572 3573 3574 3575 3576 3577 3578 3580 3581 3582 3583 3584 3585 3586 3587
3572 3573 3574 3575 3576 3577 3578 3579 3581 3582 3583 3584 3585 3586 3587 3588
3573 3574 3575 3576 3577 3578 3579 3580 3582 3583 3584 3585 3586 3587 3588 3589
3574 3575 3576 3577 3578 3579 3580 3581 3583 3584 3585 3586 3587 3588 3589 3590
3575 3576 3577 3578 3579 3580 3581 3582 3584 3585 3586 3587 3588 3589 3590 3591
3576 3577 3578 3579 3580 3581 3582 3583 3585 3586 3587 3588 3589 3590 3591 3592
3577 3578 3579 3580 3581 3582 3583 3584 3586 3587 3588 3589 3590 3591 3592 3593
3578 3579 3580 3581 3582 3583 3584 3585 3587 3588 3589 3590 3591 3592 3593 3594
3579 3580 3581 3582 3583 3584 3585 3586 3588 3589 3590 3591 3592 3593 3594 3595
3580 3581 3582 3583 3584 3585 3586 3587 3589 3590 3591 3592 3593 3594 3595 3596
3581 3582 3583 3584 3585 3586 3587 3588 3590 3591 3592 3593 3594 3595 3596 3597
3582 3583 3584 3585 3586 3587 3588 3589 3591 3592 3593 3594 3595 3596 3597 3598
3583 3584 3585 3586 3587 3588 3589 3590 3592 3593 3594 3595 3596 3597 3598 3599
3584 3585 3586 3587 3588 3589 3590 3591 3593 3594 3595 3596 3597 3598 3599 3600
3585 3586 3587 3588 3589 3590 3591 3592 3594 3595 3596 3597 3598 3599 3600 3601
3586 3587 3588 3589 3590 3591 3592 3593 3595 3596 3597 3598 3599 3600 3601 3602
3587 3588 3589 3590 3591 3592 3593 3594 3596 3597 3598 3599 3600 3601 3602 3603
3588 3589 3590 3591 3592 3593 3594 3595 3597 3598 3599 3600 3601 3602 3603 3604
3589 3590 3591 3592 3593 3594 3595 3596 3598 3599 3600 3601 3602 3603 3604 3605
3590 3591 3592 3593 3594 3595 3596 3597 3599 3600 3601 3602 3603 3604 3605 3606
3591 3592 3593 3594 3595 3596 3597 3598 3600 3601 3602 3603 3604 3605 3606 3607
3592 3593 3594 3595 3596 3597 3598 3599 3601 3602 3603 3604 3605 3606 3607 3608
3593 3594 3595 3596 3597 3598 3599 3600 3602 3603 3604 3605 3606 3607 3608 3609
3594 3595 3596 3597 3598 3599 3600 3601 3603 3604 3605 3606 3607 3608 3609 3610
3595 3596 3597 3598 3599 3600 3601 3602 3604 3605 3606 3607 3608 3609 3610 3611
3596 3597 3598 3599 3600 3601 3602 3603 3605 3606 3607 3608 3609 3610 3611 3612
3597 3598 3599 3600 3601 3602 3603 3604 3606 3607 3608 3609 3610 3611 3612 3613
3598 3599 3600 3601 3602 3603 3604 3605 3607 3608 3609 3610 3611 3612 3613 3614
3599 3600 3601 3602 3603 3604 3605 3606 3608 3609 3610 3611 3612 3613 3614 3615
3600 3601 3602 3603 3604 3605 3606 3607 3609 3610 3611 3612 3613 3614 3615 3616
3601 3602 3603 3604 3605 3606 3607 3608 3610 3611 3612 3613 3614 3615 3616 3617
3602 3603 3604 3605 3606 3607 3608 3609 3611 3612 3613 3614 3615 3616 3617 3618
3603 3604 3605 3606 3607 3608 3609 3610 3612 3613 3614 3615 3616 3617 3618 3619
3604 3605 3606 3607 3608 3609 3610 3611 3613 3614 3615 3616 3617 3618 3619 3620
3605 3606 3607 3608 3609 3610 3611 3612 3614 3615 3616 3617 3618 3619 3620 3621
3606 3607 3608 3609 3610 3611 3612 3613 3615 3616 3617 3618 3619 3620 3621 3622
3607 3608 3609 3610 3611 3612 3613 3614 3616 3617 3618 3619 3620 3621 3622 3623
3608 3609 3610 3611 3612 3613 3614 3615 3617 3618 3619 3620 3621 3622 3623 3624
3609 3610 3611 3612 3613 3614 3615 3616 3618 3619 3620 3621 3622 3623 3624 3625
3610 3611 3612 3613 3614 3615 3616 3617 3619 3620 3621 3622 3623 3624 3625 3626
3611 3612 3613 3614 3615 3616 3617 3618 3620 3621 3622 3623 3624 3625 3626 3627
3612 3613 3614 3615 3616 3617 3618 3619 3621 3622 3623 3624 3625 3626 3627 3628
3613 3614 3615 3616 3617 3618 3619 3620 3622 3623 3624 3625 3626 3627 3628 3629
3614 3615 3616 3617 3618 3619 3620 3621 3623 3624 3625 3626 3627 3628 3629 3630
3615 3616 3617 3618 3619 3620 3621 3622 3624 3625 3626 3627 3628 3629 3630 3631
3616 3617 3618 3619 3620 3621 3622 3623 3625 3626 3627 3628 3629 3630 3631 3632
3617 3618 3619 3620 3621 3622 3623 3624 3626 3627 3628 3629 3630 3631 3632 3633
3618 3619 3620 3621 3622 3623 3624 3625 3627 3628 3629 3630 3631 3632 3633 3634
3619 3620 3621 3622 3623 3624 3625 3626 3628 3629 3630 3631 3632 3633 3634 3635
3620 3621 3622 3623 3624 3625 3626 3627 3629 3630 3631 3632 3633 3634 3635 3636
3621 3622 3623 3624 3625 3626 3627 3628 3630 3631 3632 3633 3634 3635 3636 3637
3622 3623 3624 3625 3626 3627 3628 3629 3631 3632 3633 3634 3635 3636 3637 3638
3623 3624 3625 3626 3627 3628 3629 3630 3632 3633 3634 3635 3636 3637 3638 3639
3624 3625 3626 3627 3628 3629 3630 3631 3633 3634 3635 3636 3637 3638 3639 3640
3625 3626 3627 3628 3629 3630 3631 3632 3634 3635 3636 3637 3638 3639 3640 3641
3626 3627 3628 3629 3630 3631 3632 3633 3635 3636 3637 3638 3639 3640 3641 3642
3627 3628 3629 3630 3631 3632 3633 3634 3636 3637 3638 3639 3640 3641 3642 3643
3628 3629 3630 3631 3632 3633 3634 3635 3637 3638 3639 3640 3641 3642 3643 3644
3629 3630 3631 3632 3633 3634 3635 3636 3638 3639 3640 3641 3642 3643 3644 3645
3630 3631 3632 3633 3634 3635 3636 3637 3639 3640 3641 3642 3643 3644 3645 3646
3631 3632 3633 3634 3635 3636 3637 3638 3640 3641 3642 3643 3644 3645 3646 3647
3632 3633 3634 3635 3636 3637 3638 3639 3641 3642 3643 3644 3645 3646 3647 3648
3633 3634 3635 3636 3637 3638 3639 3640 3642 3643 3644 3645 3646 3647 3648 3649
3634 3635 3636 3637 3638 3639 3640 3641 3643 3644 3645 3646 3647 3648 3649 3650
3635 3636 3637 3638 3639 3640 3641 3642 3644 3645 3646 3647 3648 3649 3650 3651
3636 3637 3638 3639 3640 3641 3642 3643 3645 3646 3647 3648 3649 3650 3651 3652
3637 3638 3639 3640 3641 3642 3643 3644 3646 3647 3648 3649 3650 3651 3652 3653
3638 3639 3640 3641 3642 3643 3644 3645 3647 3648 3649 3650 3651 3652 3653 3654
3639 3640 3641 3642 3643 3644 3645 3646 3648 3649 3650 3651 3652 3653 3654 3655
3640 3641 3642 3643 3644 3645 3646 3647 3649 3650 3651 3652 3653 3654 3655 3656
3641 3642 3643 3644 3645 3646 3647 3648 3650 3651 3652 3653 3654 3655 3656 3657
3642 3643 3644 3645 3646 3647 3648 3649 3651 3652 3653 3654 3655 3656 3657 3658
3643 3644 3645 3646 3647 3648 3649 3650 3652 3653 3654 3655 3656 3657 3658 3659
3644 3645 3646 3647 3648 3649 3650 3651 3653 3654 3655 3656 3657 3658 3659 3660
3645 3646 3647 3648 3649 3650 3651 3652 3654 3655 3656 3657 3658 3659 3660 3661
3646 3647 3648 3649 3650 3651 3652 3653 3655 3656 3657 3658 3659 3660 3661 3662
3647 3648 3649 3650 3651 3652 3653 3654 3656 3657 3658 3659 3660 3661 3662 3663
3648 3649 3650 3651 3652 3653 3654 3655 3657 3658 3659 3660 3661 3662 3663 3664
3649 3650 3651 3652 3653 3654 3655 3656 3658 3659 3660 3661 3662 3663 3664 3665
3650 3651 3652 3653 3654 3655 3656 3657 3659 3660 3661 3662 3663 3664 3665 3666
3651 3652 3653 3654 3655 3656 3657 3658 3660 3661 3662 3663 3664 3665 3666 3667
3652 3653 3654 3655 3656 3657 3658 3659 3661 3662 3663 3664 3665 3666 3667 3668
3653 3654 3655 3656 3657 3658 3659 3660 3662 3663 3664 3665 3666 3667 3668 3669
3654 3655 3656 3657 3658 3659 3660 3661 3663 3664 3665 3666 3667 3668 3669 3670
3655 3656 3657 3658 3659 3660 3661 3662 3664 3665 3666 3667 3668 3669 3670 3671
3656 3657 3658 3659 3660 3661 3662 3663 3665 3666 3667 3668 3669 3670 3671 3672
3657 3658 3659 3660 3661 3662 3663 3664 3666 3667 3668 3669 3670 3671 3672 3673
3658 3659 3660 3661 3662 3663 3664 3665 3667 3668 3669 3670 3671 3672 3673 3674
3659 3660 3661 3662 3663 3664 3665 3666 3668 3669 3670 3671 3672 3673 3674 3675
3660 3661 3662 3663 3664 3665 3666 3667 3669 3670 3671 3672 3673 3674 3675 3676
3661 3662 3663 3664 3665 3666 3667 3668 3670 3671 3672 3673 3674 3675 3676 3677
3662 3663 3664 3665 3666 3667 3668 3669 3671 3672 3673 3674 3675 3676 3677 3678
3663 3664 3665 3666 3667 3668 3669 3670 3672 3673 3674 3675 3676 3677 3678 3679
3664 3665 3666 3667 3668 3669 3670 3671 3673 3674 3675 3676 3677 3678 3679 3680
3665 3666 3667 3668 3669 3670 3671 3672 3674 3675 3676 3677 3678 3679 3680 3681
3666 3667 3668 3669 3670 3671 3672 3673 3675 3676 3677 3678 3679 3680 3681 3682
3667 3668 3669 3670 3671 3672 3673 3674 3676 3677 3678 3679 3680 3681 3682 3683
3668 3669 3670 3671 3672 3673 3674 3675 3677 3678 3679 3680 3681 3682 3683 3684
3669 3670 3671 3672 3673 3674 3675 3676 3678 3679 3680 3681 3682 3683 3684 3685
3670 3671 3672 3673 3674 3675 3676 3677 3679 3680 3681 3682 3683 3684 3685 3686
3671 3672 3673 3674 3675 3676 3677 3678 3680 3681 3682 3683 3684 3685 3686 3687
3672 3673 3674 3675 3676 3677 3678 3679 3681 3682 3683 3684 3685 3686 3687 3688
3673 3674 3675 3676 3677 3678 3679 3680 3682 3683 3684 3685 3686 3687 3688 3689
3674 3675 3676 3677 3678 3679 3680 3681 3683 3684 3685 3686 3687 3688 3689 3690
3675 3676 3677 3678 3679 3680 3681 3682 3684 3685 3686 3687 3688 3689 3690 3691
3676 3677 3678 3679 3680 3681 3682 3683 3685 3686 3687 3688 3689 3690 3691 3692
3677 3678 3679 3680 3681 3682 3683 3684 3686 3687 3688 3689 3690 3691 3692 3693
3678 3679 3680 3681 3682 3683 3684 3685 3687 3688 3689 3690 3691 3692 3693 3694
3679 3680 3681 3682 3683 3684 3685 3686 3688 3689 3690 3691 3692 3693 3694 3695
3680 3681 3682 3683 3684 3685 3686 3687 3689 3690 3691 3692 3693 3694 3695 3696
3681 3682 3683 3684 3685 3686 3687 3688 3690 3691 3692 3693 3694 3695 3696 3697
3682 3683 3684 3685 3686 3687 3688 3689 3691 3692 3693 3694 3695 3696 3697 3698
3683 3684 3685 3686 3687 3688 3689 3690 3692 3693 3694 3695 3696 3697 3698 3699
3684 3685 3686 3687 3688 3689 3690 3691 3693 3694 3695 3696 3697 3698 3699 3700
3685 3686 3687 3688 3689 3690 3691 3692 3694 3695 3696 3697 3698 3699 3700 3701
3686 3687 3688 3689 3690 3691 3692 3693 3695 3696 3697 3698 3699 3700 3701 3702
3687 3688 3689 3690 3691 3692 3693 3694 3696 3697 3698 3699 3700 3701 3702 3703
3688 3689 3690 3691 3692 3693 3694 3695 3697 3698 3699 3700 3701 3702 3703 3704
3689 3690 3691 3692 3693 3694 3695 3696 3698 3699 3700 3701 3702 3703 3704 3705
3690 3691 3692 3693 3694 3695 3696 3697 3699 3700 3701 3702 3703 3704 3705 3706
3691 3692 3693 3694 3695 3696 3697 3698 3700 3701 3702 3703 3704 3705 3706 3707
3692 3693 3694 3695 3696 3697 3698 3699 3701 3702 3703 3704 3705 3706 3707 3708
3693 3694 3695 3696 3697 3698 3699 3700 3702 3703 3704 3705 3706 3707 3708 3709
3694 3695 3696 3697 3698 3699 3700 3701 3703 3704 3705 3706 3707 3708 3709 3710
3695 3696 3697 3698 3699 3700 3701 3702 3704 3705 3706 3707 3708 3709 3710 3711
3696 3697 3698 3699 3700 3701 3702 3703 3705 3706 3707 3708 3709 3710 3711 3712
3697 3698 3699 3700 3701 3702 3703 3704 3706 3707 3708 3709 3710 3711 3712 3713
3698 3699 3700 3701 3702 3703 3704 3705 3707 3708 3709 3710 3711 3712 3713 3714
3699 3700 3701 3702 3703 3704 3705 3706 3708 3709 3710 3711 3712 3713 3714 3715
3700 3701 3702 3703 3704 3705 3706 3707 3709 3710 3711 3712 3713 3714 3715 3716
3701 3702 3703 3704 3705 3706 3707 3708 3710 3711 3712 3713 3714 3715 3716 3717
3702 3703 3704 3705 3706 3707 3708 3709 3711 3712 3713 3714 3715 3716 3717 3718
3703 3704 3705 3706 3707 3708 3709 3710 3712 3713 3714 3715 3716 3717 3718 3719
3704 3705 3706 3707 3708 3709 3710 3711 3713 3714 3715 3716 3717 3718 3719 3720
3705 3706 3707 3708 3709 3710 3711 3712 3714 3715 3716 3717 3718 3719 3720 3721
3706 3707 3708 3709 3710 3711 3712 3713 3715 3716 3717 3718 3719 3720 3721 3722
3707 3708 3709 3710 3711 3712 3713 3714 3716 3717 3718 3719 3720 3721 3722 3723
3708 3709 3710 3711 3712 3713 3714 3715 3717 3718 3719 3720 3721 3722 3723 3724
3709 3710 3711 3712 3713 3714 3715 3716 3718 3719 3720 3721 3722 3723 3724 3725
3710 3711 3712 3713 3714 3715 3716 3717 3719 3720 3721 3722 3723 3724 3725 3726
3711 3712 3713 3714 3715 3716 3717 3718 3720 3721 3722 3723 3724 3725 3726 3727
3712 3713 3714 3715 3716 3717 3718 3719 3721 3722 3723 3724 3725 3726 3727 3728
3713 3714 3715 3716 3717 3718 3719 3720 3722 3723 3724 3725 3726 3727 3728 3729
3714 3715 3716 3717 3718 3719 3720 3721 3723 3724 3725 3726 3727 3728 3729 3730
3715 3716 3717 3718 3719 3720 3721 3722 3724 3725 3726 3727 3728 3729 3730 3731
3716 3717 3718 3719 3720 3721 3722 3723 3725 3726 3727 3728 3729 3730 3731 3732
3717 3718 3719 3720 3721 3722 3723 3724 3726 3727 3728 3729 3730 3731 3732 3733
3718 3719 3720 3721 3722 3723 3724 3725 3727 3728 3729 3730 3731 3732 3733 3734
3719 3720 3721 3722 3723 3724 3725 3726 3728 3729 3730 3731 3732 3733 3734 3735
3720 3721 3722 3723 3724 3725 3726 3727 3729 3730 3731 3732 3733 3734 3735 3736
3721 3722 3723 3724 3725 3726 3727 3728 3730 3731 3732 3733 3734 3735 3736 3737
3722 3723 3724 3725 3726 3727 3728 3729 3731 3732 3733 3734 3735 3736 3737 3738
3723 3724 3725 3726 3727 3728 3729 3730 3732 3733 3734 3735 3736 3737 3738 3739
3724 3725 3726 3727 3728 3729 3730 3731 3733 3734 3735 3736 3737 3738 3739 3740
3725 3726 3727 3728 3729 3730 3731 3732 3734 3735 3736 3737 3738 3739 3740 3741
3726 3727 3728 3729 3730 3731 3732 3733 3735 3736 3737 3738 3739 3740 3741 3742
3727 3728 3729 3730 3731 3732 3733 3734 3736 3737 3738 3739 3740 3741 3742 3743
3728 3729 3730 3731 3732 3733 3734 3735 3737 3738 3739 3740 3741 3742 3743 3744
3729 3730 3731 3732 3733 3734 3735 3736 3738 3739 3740 3741 3742 3743 3744 3745
3730 3731 3732 3733 3734 3735 3736 3737 3739 3740 3741 3742 3743 3744 3745 3746
3731 3732 3733 3734 3735 3736 3737 3738 3740 3741 3742 3743 3744 3745 3746 3747
3732 3733 3734 3735 3736 3737 3738 3739 3741 3742 3743 3744 3745 3746 3747 3748
3733 3734 3735 3736 3737 3738 3739 3740 3742 3743 3744 3745 3746 3747 3748 3749
3734 3735 3736 3737 3738 3739 3740 3741 3743 3744 3745 3746 3747 3748 3749 3750
3735 3736 3737 3738 3739 3740 3741 3742 3744 3745 3746 3747 3748 3749 3750 3751
3736 3737 3738 3739 3740 3741 3742 3743 3745 3746 3747 3748 3749 3750 3751 3752
3737 3738 3739 3740 3741 3742 3743 3744 3746 3747 3748 3749 3750 3751 3752 3753
3738 3739 3740 3741 3742 3743 3744 3745 3747 3748 3749 3750 3751 3752 3753 3754
3739 3740 3741 3742 3743 3744 3745 3746 3748 3749 3750 3751 3752 3753 3754 3755
3740 3741 3742 3743 3744 3745 3746 3747 3749 3750 3751 3752 3753 3754 3755 3756
3741 3742 3743 3744 3745 3746 3747 3748 3750 3751 3752 3753 3754 3755 3756 3757
3742 3743 3744 3745 3746 3747 3748 3749 3751 3752 3753 3754 3755 3756 3757 3758
3743 3744 3745 3746 3747 3748 3749 3750 3752 3753 3754 3755 3756 3757 3758 3759
3744 3745 3746 3747 3748 3749 3750 3751 3753 3754 3755 3756 3757 3758 3759 3760
3745 3746 3747 3748 3749 3750 3751 3752 3754 3755 3756 3757 3758 3759 3760 3761
3746 3747 3748 3749 3750 3751 3752 3753 3755 3756 3757 3758 3759 3760 3761 3762
3747 3748 3749 3750 3751 3752 3753 3754 3756 3757 3758 3759 3760 3761 3762 3763
3748 3749 3750 3751 3752 3753 3754 3755 3757 3758 3759 3760 3761 3762 3763 3764
3749 3750 3751 3752 3753 3754 3755 3756 3758 3759 3760 3761 3762 3763 3764 3765
3750 3751 3752 3753 3754 3755 3756 3757 3759 3760 3761 3762 3763 3764 3765 3766
3751 3752 3753 3754 3755 3756 3757 3758 3760 3761 3762 3763 3764 3765 3766 3767
3752 3753 3754 3755 3756 3757 3758 3759 3761 3762 3763 3764 3765 3766 3767 3768
3753 3754 3755 3756 3757 3758 3759 3760 3762 3763 3764 3765 3766 3767 3768 3769
3754 3755 3756 3757 3758 3759 3760 3761 3763 3764 3765 3766 3767 3768 3769 3770
3755 3756 3757 3758 3759 3760 3761 3762 3764 3765 3766 3767 3768 3769 3770 3771
3756 3757 3758 3759 3760 3761 3762 3763 3765 3766 3767 3768 3769 3770 3771 3772
3757 3758 3759 3760 3761 3762 3763 3764 3766 3767 3768 3769 3770 3771 3772 3773
3758 3759 3760 3761 3762 3763 3764 3765 3767 3768 3769 3770 3771 3772 3773 3774
3759 3760 3761 3762 3763 3764 3765 3766 3768 3769 3770 3771 3772 3773 3774 3775
3760 3761 3762 3763 3764 3765 3766 3767 3769 3770 3771 3772 3773 3774 3775 3776
3761 3762 3763 3764 3765 3766 3767 3768 3770 3771 3772 3773 3774 3775 3776 3777
3762 3763 3764 3765 3766 3767 3768 3769 3771 3772 3773 3774 3775 3776 3777 3778
3763 3764 3765 3766 3767 3768 3769 3770 3772 3773 3774 3775 3776 3777 3778 3779
3764 3765 3766 3767 3768 3769 3770 3771 3773 3774 3775 3776 3777 3778 3779 3780
3765 3766 3767 3768 3769 3770 3771 3772 3774 3775 3776 3777 3778 3779 3780 3781
3766 3767 3768 3769 3770 3771 3772 3773 3775 3776 3777 3778 3779 3780 3781 3782
3767 3768 3769 3770 3771 3772 3773 3774 3776 3777 3778 3779 3780 3781 3782 3783
3768 3769 3770 3771 3772 3773 3774 3775 3777 3778 3779 3780 3781 3782 3783 3784
3769 3770 3771 3772 3773 3774 3775 3776 3778 3779 3780 3781 3782 3783 3784 3785
3770 3771 3772 3773 3774 3775 3776 3777 3779 3780 3781 3782 3783 3784 3785 3786
3771 3772 3773 3774 3775 3776 3777 3778 3780 3781 3782 3783 3784 3785 3786 3787
3772 3773 3774 3775 3776 3777 3778 3779 3781 3782 3783 3784 3785 3786 3787 3788
3773 3774 3775 3776 3777 3778 3779 3780 3782 3783 3784 3785 3786 3787 3788 3789
3774 3775 3776 3777 3778 3779 3780 3781 3783 3784 3785 3786 3787 3788 3789 3790
3775 3776 3777 3778 3779 3780 3781 3782 3784 3785 3786 3787 3788 3789 3790 3791
3776 3777 3778 3779 3780 3781 3782 3783 3785 3786 3787 3788 3789 3790 3791 3792
3777 3778 3779 3780 3781 3782 3783 3784 3786 3787 3788 3789 3790 3791 3792 3793
3778 3779 3780 3781 3782 3783 3784 3785 3787 3788 3789 3790 3791 3792 3793 3794
3779 3780 3781 3782 3783 3784 3785 3786 3788 3789 3790 3791 3792 3793 3794 3795
3780 3781 3782 3783 3784 3785 3786 3787 3789 3790 3791 3792 3793 3794 3795 3796
3781 3782 3783 3784 3785 3786 3787 3788 3790 3791 3792 3793 3794 3795 3796 3797
3782 3783 3784 3785 3786 3787 3788 3789 3791 3792 3793 3794 3795 3796 3797 3798
3783 3784 3785 3786 3787 3788 3789 3790 3792 3793 3794 3795 3796 3797 3798 3799
3784 3785 3786 3787 3788 3789 3790 3791 3793 3794 3795 3796 3797 3798 3799 3800
3785 3786 3787 3788 3789 3790 3791 3792 3794 3795 3796 3797 3798 3799 3800 3801
3786 3787 3788 3789 3790 3791 3792 3793 3795 3796 3797 3798 3799 3800 3801 3802
3787 3788 3789 3790 3791 3792 3793 3794 3796 3797 3798 3799 3800 3801 3802 3803
3788 3789 3790 3791 3792 3793 3794 3795 3797 3798 3799 3800 3801 3802 3803 3804
3789 3790 3791 3792 3793 3794 3795 3796 3798 3799 3800 3801 3802 3803 3804 3805
3790 3791 3792 3793 3794 3795 3796 3797 3799 3800 3801 3802 3803 3804 3805 3806
3791 3792 3793 3794 3795 3796 3797 3798 3800 3801 3802 3803 3804 3805 3806 3807
3792 3793 3794 3795 3796 3797 3798 3799 3801 3802 3803 3804 3805 3806 3807 3808
3793 3794 3795 3796 3797 3798 3799 3800 3802 3803 3804 3805 3806 3807 3808 3809
3794 3795 3796 3797 3798 3799 3800 3801 3803 3804 3805 3806 3807 3808 3809 3810
3795 3796 3797 3798 3799 3800 3801 3802 3804 3805 3806 3807 3808 3809 3810 3811
3796 3797 3798 3799 3800 3801 3802 3803 3805 3806 3807 3808 3809 3810 3811 3812
3797 3798 3799 3800 3801 3802 3803 3804 3806 3807 3808 3809 3810 3811 3812 3813
3798 3799 3800 3801 3802 3803 3804 3805 3807 3808 3809 3810 3811 3812 3813 3814
3799 3800 3801 3802 3803 3804 3805 3806 3808 3809 3810 3811 3812 3813 3814 3815
3800 3801 3802 3803 3804 3805 3806 3807 3809 3810 3811 3812 3813 3814 3815 3816
3801 3802 3803 3804 3805 3806 3807 3808 3810 3811 3812 3813 3814 3815 3816 3817
3802 3803 3804 3805 3806 3807 3808 3809 3811 3812 3813 3814 3815 3816 3817 3818
3803 3804 3805 3806 3807 3808 3809 3810 3812 3813 3814 3815 3816 3817 3818 3819
3804 3805 3806 3807 3808 3809 3810 3811 3813 3814 3815 3816 3817 3818 3819 3820
3805 3806 3807 3808 3809 3810 3811 3812 3814 3815 3816 3817 3818 3819 3820 3821
3806 3807 3808 3809 3810 3811 3812 3813 3815 3816 3817 3818 3819 3820 3821 3822
3807 3808 3809 3810 3811 3812 3813 3814 3816 3817 3818 3819 3820 3821 3822 3823
3808 3809 3810 3811 3812 3813 3814 3815 3817 3818 3819 3820 3821 3822 3823 3824
3809 3810 3811 3812 3813 3814 3815 3816 3818 3819 3820 3821 3822 3823 3824 3825
3810 3811 3812 3813 3814 3815 3816 3817 3819 3820 3821 3822 3823 3824 3825 3826
3811 3812 3813 3814 3815 3816 3817 3818 3820 3821 3822 3823 3824 3825 3826 3827
3812 3813 3814 3815 3816 3817 3818 3819 3821 3822 3823 3824 3825 3826 3827 3828
3813 3814 3815 3816 3817 3818 3819 3820 3822 3823 3824 3825 3826 3827 3828 3829
3814 3815 3816 3817 3818 3819 3820 3821 3823 3824 3825 3826 3827 3828 3829 3830
3815 3816 3817 3818 3819 3820 3821 3822 3824 3825 3826 3827 3828 3829 3830 3831
3816 3817 3818 3819 3820 3821 3822 3823 3825 3826 3827 3828 3829 3830 3831 3832
3817 3818 3819 3820 3821 3822 3823 3824 3826 3827 3828 3829 3830 3831 3832 3833
3818 3819 3820 3821 3822 3823 3824 3825 3827 3828 3829 3830 3831 3832 3833 3834
3819 3820 3821 3822 3823 3824 3825 3826 3828 3829 3830 3831 3832 3833 3834 3835
3820 3821 3822 3823 3824 3825 3826 3827 3829 3830 3831 3832 3833 3834 3835 3836
3821 3822 3823 3824 3825 3826 3827 3828 3830 3831 3832 3833 3834 3835 3836 3837
3822 3823 3824 3825 3826 3827 3828 3829 3831 3832 3833 3834 3835 3836 3837 3838
3823 3824 3825 3826 3827 3828 3829 3830 3832 3833 3834 3835 3836 3837 3838 3839
3824 3825 3826 3827 3828 3829 3830 3831 3833 3834 3835 3836 3837 3838 3839 3840
3825 3826 3827 3828 3829 3830 3831 3832 3834 3835 3836 3837 3838 3839 3840 3841
3826 3827 3828 3829 3830 3831 3832 3833 3835 3836 3837 3838 3839 3840 3841 3842
3827 3828 3829 3830 3831 3832 3833 3834 3836 3837 3838 3839 3840 3841 3842 3843
3828 3829 3830 3831 3832 3833 3834 3835 3837 3838 3839 3840 3841 3842 3843 3844
3829 3830 3831 3832 3833 3834 3835 3836 3838 3839 3840 3841 3842 3843 3844 3845
3830 3831 3832 3833 3834 3835 3836 3837 3839 3840 3841 3842 3843 3844 3845 3846
3831 3832 3833 3834 3835 3836 3837 3838 3840 3841 3842 3843 3844 3845 3846 3847
3832 3833 3834 3835 3836 3837 3838 3839 3841 3842 3843 3844 3845 3846 3847 3848
3833 3834 3835 3836 3837 3838 3839 3840 3842 3843 3844 3845 3846 3847 3848 3849
3834 3835 3836 3837 3838 3839 3840 3841 3843 3844 3845 3846 3847 3848 3849 3850
3835 3836 3837 3838 3839 3840 3841 3842 3844 3845 3846 3847 3848 3849 3850 3851
3836 3837 3838 3839 3840 3841 3842 3843 3845 3846 3847 3848 3849 3850 3851 3852
3837 3838 3839 3840 3841 3842 3843 3844 3846 3847 3848 3849 3850 3851 3852 3853
3838 3839 3840 3841 3842 3843 3844 3845 3847 3848 3849 3850 3851 3852 3853 3854
3839 3840 3841 3842 3843 3844 3845 3846 3848 3849 3850 3851 3852 3853 3854 3855
3840 3841 3842 3843 3844 3845 3846 3847 3849 3850 3851 3852 3853 3854 3855 3856
3841 3842 3843 3844 3845 3846 3847 3848 3850 3851 3852 3853 3854 3855 3856 3857
3842 3843 3844 3845 3846 3847 3848 3849 3851 3852 3853 3854 3855 3856 3857 3858
3843 3844 3845 3846 3847 3848 3849 3850 3852 3853 3854 3855 3856 3857 3858 3859
3844 3845 3846 3847 3848 3849 3850 3851 3853 3854 3855 3856 3857 3858 3859 3860
3845 3846 3847 3848 3849 3850 3851 3852 3854 3855 3856 3857 3858 3859 3860 3861
3846 3847 3848 3849 3850 3851 3852 3853 3855 3856 3857 3858 3859 3860 3861 3862
3847 3848 3849 3850 3851 3852 3853 3854 3856 3857 3858 3859 3860 3861 3862 3863
3848 3849 3850 3851 3852 3853 3854 3855 3857 3858 3859 3860 3861 3862 3863 3864
3849 3850 3851 3852 3853 3854 3855 3856 3858 3859 3860 3861 3862 3863 3864 3865
3850 3851 3852 3853 3854 3855 3856 3857 3859 3860 3861 3862 3863 3864 3865 3866
3851 3852 3853 3854 3855 3856 3857 3858 3860 3861 3862 3863 3864 3865 3866 3867
3852 3853 3854 3855 3856 3857 3858 3859 3861 3862 3863 3864 3865 3866 3867 3868
3853 3854 3855 3856 3857 3858 3859 3860 3862 3863 3864 3865 3866 3867 3868 3869
3854 3855 3856 3857 3858 3859 3860 3861 3863 3864 3865 3866 3867 3868 3869 3870
3855 3856 3857 3858 3859 3860 3861 3862 3864 3865 3866 3867 3868 3869 3870 3871
3856 3857 3858 3859 3860 3861 3862 3863 3865 3866 3867 3868 3869 3870 3871 3872
3857 3858 3859 3860 3861 3862 3863 3864 3866 3867 3868 3869 3870 3871 3872 3873
3858 3859 3860 3861 3862 3863 3864 3865 3867 3868 3869 3870 3871 3872 3873 3874
3859 3860 3861 3862 3863 3864 3865 3866 3868 3869 3870 3871 3872 3873 3874 3875
3860 3861 3862 3863 3864 3865 3866 3867 3869 3870 3871 3872 3873 3874 3875 3876
3861 3862 3863 3864 3865 3866 3867 3868 3870 3871 3872 3873 3874 3875 3876 3877
3862 3863 3864 3865 3866 3867 3868 3869 3871 3872 3873 3874 3875 3876 3877 3878
3863 3864 3865 3866 3867 3868 3869 3870 3872 3873 3874 3875 3876 3877 3878 3879
3864 3865 3866 3867 3868 3869 3870 3871 3873 3874 3875 3876 3877 3878 3879 3880
3865 3866 3867 3868 3869 3870 3871 3872 3874 3875 3876 3877 3878 3879 3880 3881
3866 3867 3868 3869 3870 3871 3872 3873 3875 3876 3877 3878 3879 3880 3881 3882
3867 3868 3869 3870 3871 3872 3873 3874 3876 3877 3878 3879 3880 3881 3882 3883
3868 3869 3870 3871 3872 3873 3874 3875 3877 3878 3879 3880 3881 3882 3883 3884
3869 3870 3871 3872 3873 3874 3875 3876 3878 3879 3880 3881 3882 3883 3884 3885
3870 3871 3872 3873 3874 3875 3876 3877 3879 3880 3881 3882 3883 3884 3885 3886
3871 3872 3873 3874 3875 3876 3877 3878 3880 3881 3882 3883 3884 3885 3886 3887
3872 3873 3874 3875 3876 3877 3878 3879 3881 3882 3883 3884 3885 3886 3887 3888
3873 3874 3875 3876 3877 3878 3879 3880 3882 3883 3884 3885 3886 3887 3888 3889
3874 3875 3876 3877 3878 3879 3880 3881 3883 3884 3885 3886 3887 3888 3889 3890
3875 3876 3877 3878 3879 3880 3881 3882 3884 3885 3886 3887 3888 3889 3890 3891
3876 3877 3878 3879 3880 3881 3882 3883 3885 3886 3887 3888 3889 3890 3891 3892
3877 3878 3879 3880 3881 3882 3883 3884 3886 3887 3888 3889 3890 3891 3892 3893
3878 3879 3880 3881 3882 3883 3884 3885 3887 3888 3889 3890 3891 3892 3893 3894
3879 3880 3881 3882 3883 3884 3885 3886 3888 3889 3890 3891 3892 3893 3894 3895
3880 3881 3882 3883 3884 3885 3886 3887 3889 3890 3891 3892 3893 3894 3895 3896
3881 3882 3883 3884 3885 3886 3887 3888 3890 3891 3892 3893 3894 3895 3896 3897
3882 3883 3884 3885 3886 3887 3888 3889 3891 3892 3893 3894 3895 3896 3897 3898
3883 3884 3885 3886 3887 3888 3889 3890 3892 3893 3894 3895 3896 3897 3898 3899
3884 3885 3886 3887 3888 3889 3890 3891 3893 3894 3895 3896 3897 3898 3899 3900
3885 3886 3887 3888 3889 3890 3891 3892 3894 3895 3896 3897 3898 3899 3900 3901
3886 3887 3888 3889 3890 3891 3892 3893 3895 3896 3897 3898 3899 3900 3901 3902
3887 3888 3889 3890 3891 3892 3893 3894 3896 3897 3898 3899 3900 3901 3902 3903
3888 3889 3890 3891 3892 3893 3894 3895 3897 3898 3899 3900 3901 3902 3903 3904
3889 3890 3891 3892 3893 3894 3895 3896 3898 3899 3900 3901 3902 3903 3904 3905
3890 3891 3892 3893 3894 3895 3896 3897 3899 3900 3901 3902 3903 3904 3905 3906
3891 3892 3893 3894 3895 3896 3897 3898 3900 3901 3902 3903 3904 3905 3906 3907
3892 3893 3894 3895 3896 3897 3898 3899 3901 3902 3903 3904 3905 3906 3907 3908
3893 3894 3895 3896 3897 3898 3899 3900 3902 3903 3904 3905 3906 3907 3908 3909
3894 3895 3896 3897 3898 3899 3900 3901 3903 3904 3905 3906 3907 3908 3909 3910
3895 3896 3897 3898 3899 3900 3901 3902 3904 3905 3906 3907 3908 3909 3910 3911
3896 3897 3898 3899 3900 3901 3902 3903 3905 3906 3907 3908 3909 3910 3911 3912
3897 3898 3899 3900 3901 3902 3903 3904 3906 3907 3908 3909 3910 3911 3912 3913
3898 3899 3900 3901 3902 3903 3904 3905 3907 3908 3909 3910 3911 3912 3913 3914
3899 3900 3901 3902 3903 3904 3905 3906 3908 3909 3910 3911 3912 3913 3914 3915
3900 3901 3902 3903 3904 3905 3906 3907 3909 3910 3911 3912 3913 3914 3915 3916
3901 3902 3903 3904 3905 3906 3907 3908 3910 3911 3912 3913 3914 3915 3916 3917
3902 3903 3904 3905 3906 3907 3908 3909 3911 3912 3913 3914 3915 3916 3917 3918
3903 3904 3905 3906 3907 3908 3909 3910 3912 3913 3914 3915 3916 3917 3918 3919
3904 3905 3906 3907 3908 3909 3910 3911 3913 3914 3915 3916 3917 3918 3919 3920
3905 3906 3907 3908 3909 3910 3911 3912 3914 3915 3916 3917 3918 3919 3920 3921
3906 3907 3908 3909 3910 3911 3912 3913 3915 3916 3917 3918 3919 3920 3921 3922
3907 3908 3909 3910 3911 3912 3913 3914 3916 3917 3918 3919 3920 3921 3922 3923
3908 3909 3910 3911 3912 3913 3914 3915 3917 3918 3919 3920 3921 3922 3923 3924
3909 3910 3911 3912 3913 3914 3915 3916 3918 3919 3920 3921 3922 3923 3924 3925
3910 3911 3912 3913 3914 3915 3916 3917 3919 3920 3921 3922 3923 3924 3925 3926
3911 3912 3913 3914 3915 3916 3917 3918 3920 3921 3922 3923 3924 3925 3926 3927
3912 3913 3914 3915 3916 3917 3918 3919 3921 3922 3923 3924 3925 3926 3927 3928
3913 3914 3915 3916 3917 3918 3919 3920 3922 3923 3924 3925 3926 3927 3928 3929
3914 3915 3916 3917 3918 3919 3920 3921 3923 3924 3925 3926 3927 3928 3929 3930
3915 3916 3917 3918 3919 3920 3921 3922 3924 3925 3926 3927 3928 3929 3930 3931
3916 3917 3918 3919 3920 3921 3922 3923 3925 3926 3927 3928 3929 3930 3931 3932
3917 3918 3919 3920 3921 3922 3923 3924 3926 3927 3928 3929 3930 3931 3932 3933
3918 3919 3920 3921 3922 3923 3924 3925 3927 3928 3929 3930 3931 3932 3933 3934
3919 3920 3921 3922 3923 3924 3925 3926 3928 3929 3930 3931 3932 3933 3934 3935
3920 3921 3922 3923 3924 3925 3926 3927 3929 3930 3931 3932 3933 3934 3935 3936
3921 3922 3923 3924 3925 3926 3927 3928 3930 3931 3932 3933 3934 3935 3936 3937
3922 3923 3924 3925 3926 3927 3928 3929 3931 3932 3933 3934 3935 3936 3937 3938
3923 3924 3925 3926 3927 3928 3929 3930 3932 3933 3934 3935 3936 3937 3938 3939
3924 3925 3926 3927 3928 3929 3930 3931 3933 3934 3935 3936 3937 3938 3939 3940
3925 3926 3927 3928 3929 3930 3931 3932 3934 3935 3936 3937 3938 3939 3940 3941
3926 3927 3928 3929 3930 3931 3932 3933 3935 3936 3937 3938 3939 3940 3941 3942
3927 3928 3929 3930 3931 3932 3933 3934 3936 3937 3938 3939 3940 3941 3942 3943
3928 3929 3930 3931 3932 3933 3934 3935 3937 3938 3939 3940 3941 3942 3943 3944
3929 3930 3931 3932 3933 3934 3935 3936 3938 3939 3940 3941 3942 3943 3944 3945
3930 3931 3932 3933 3934 3935 3936 3937 3939 3940 3941 3942 3943 3944 3945 3946
3931 3932 3933 3934 3935 3936 3937 3938 3940 3941 3942 3943 3944 3945 3946 3947
3932 3933 3934 3935 3936 3937 3938 3939 3941 3942 3943 3944 3945 3946 3947 3948
3933 3934 3935 3936 3937 3938 3939 3940 3942 3943 3944 3945 3946 3947 3948 3949
3934 3935 3936 3937 3938 3939 3940 3941 3943 3944 3945 3946 3947 3948 3949 3950
3935 3936 3937 3938 3939 3940 3941 3942 3944 3945 3946 3947 3948 3949 3950 3951
3936 3937 3938 3939 3940 3941 3942 3943 3945 3946 3947 3948 3949 3950 3951 3952
3937 3938 3939 3940 3941 3942 3943 3944 3946 3947 3948 3949 3950 3951 3952 3953
3938 3939 3940 3941 3942 3943 3944 3945 3947 3948 3949 3950 3951 3952 3953 3954
3939 3940 3941 3942 3943 3944 3945 3946 3948 3949 3950 3951 3952 3953 3954 3955
3940 3941 3942 3943 3944 3945 3946 3947 3949 3950 3951 3952 3953 3954 3955 3956
3941 3942 3943 3944 3945 3946 3947 3948 3950 3951 3952 3953 3954 3955 3956 3957
3942 3943 3944 3945 3946 3947 3948 3949 3951 3952 3953 3954 3955 3956 3957 3958
3943 3944 3945 3946 3947 3948 3949 3950 3952 3953 3954 3955 3956 3957 3958 3959
3944 3945 3946 3947 3948 3949 3950 3951 3953 3954 3955 3956 3957 3958 3959 3960
3945 3946 3947 3948 3949 3950 3951 3952 3954 3955 3956 3957 3958 3959 3960 3961
3946 3947 3948 3949 3950 3951 3952 3953 3955 3956 3957 3958 3959 3960 3961 3962
3947 3948 3949 3950 3951 3952 3953 3954 3956 3957 3958 3959 3960 3961 3962 3963
3948 3949 3950 3951 3952 3953 3954 3955 3957 3958 3959 3960 3961 3962 3963 3964
3949 3950 3951 3952 3953 3954 3955 3956 3958 3959 3960 3961 3962 3963 3964 3965
3950 3951 3952 3953 3954 3955 3956 3957 3959 3960 3961 3962 3963 3964 3965 3966
3951 3952 3953 3954 3955 3956 3957 3958 3960 3961 3962 3963 3964 3965 3966 3967
3952 3953 3954 3955 3956 3957 3958 3959 3961 3962 3963 3964 3965 3966 3967 3968
3953 3954 3955 3956 3957 3958 3959 3960 3962 3963 3964 3965 3966 3967 3968 3969
3954 3955 3956 3957 3958 3959 3960 3961 3963 3964 3965 3966 3967 3968 3969 3970
3955 3956 3957 3958 3959 3960 3961 3962 3964 3965 3966 3967 3968 3969 3970 3971
3956 3957 3958 3959 3960 3961 3962 3963 3965 3966 3967 3968 3969 3970 3971 3972
3957 3958 3959 3960 3961 3962 3963 3964 3966 3967 3968 3969 3970 3971 3972 3973
3958 3959 3960 3961 3962 3963 3964 3965 3967 3968 3969 3970 3971 3972 3973 3974
3959 3960 3961 3962 3963 3964 3965 3966 3968 3969 3970 3971 3972 3973 3974 3975
3960 3961 3962 3963 3964 3965 3966 3967 3969 3970 3971 3972 3973 3974 3975 3976
3961 3962 3963 3964 3965 3966 3967 3968 3970 3971 3972 3973 3974 3975 3976 3977
3962 3963 3964 3965 3966 3967 3968 3969 3971 3972 3973 3974 3975 3976 3977 3978
3963 3964 3965 3966 3967 3968 3969 3970 3972 3973 3974 3975 3976 3977 3978 3979
3964 3965 3966 3967 3968 3969 3970 3971 3973 3974 3975 3976 3977 3978 3979 3980
3965 3966 3967 3968 3969 3970 3971 3972 3974 3975 3976 3977 3978 3979 3980 3981
3966 3967 3968 3969 3970 3971 3972 3973 3975 3976 3977 3978 3979 3980 3981 3982
3967 3968 3969 3970 3971 3972 3973 3974 3976 3977 3978 3979 3980 3981 3982 3983
3968 3969 3970 3971 3972 3973 3974 3975 3977 3978 3979 3980 3981 3982 3983 3984
3969 3970 3971 3972 3973 3974 3975 3976 3978 3979 3980 3981 3982 3983 3984 3985
3970 3971 3972 3973 3974 3975 3976 3977 3979 3980 3981 3982 3983 3984 3985 3986
3971 3972 3973 3974 3975 3976 3977 3978 3980 3981 3982 3983 3984 3985 3986 3987
3972 3973 3974 3975 3976 3977 3978 3979 3981 3982 3983 3984 3985 3986 3987 3988
3973 3974 3975 3976 3977 3978 3979 3980 3982 3983 3984 3985 3986 3987 3988 3989
3974 3975 3976 3977 3978 3979 3980 3981 3983 3984 3985 3986 3987 3988 3989 3990
3975 3976 3977 3978 3979 3980 3981 3982 3984 3985 3986 3987 3988 3989 3990 3991
3976 3977 3978 3979 3980 3981 3982 3983 3985 3986 3987 3988 3989 3990 3991 3992
3977 3978 3979 3980 3981 3982 3983 3984 3986 3987 3988 3989 3990 3991 3992 3993
3978 3979 3980 3981 3982 3983 3984 3985 3987 3988 3989 3990 3991 3992 3993 3994
3979 3980 3981 3982 3983 3984 3985 3986 3988 3989 3990 3991 3992 3993 3994 3995
3980 3981 3982 3983 3984 3985 3986 3987 3989 3990 3991 3992 3993 3994 3995 3996
3981 3982 3983 3984 3985 3986 3987 3988 3990 3991 3992 3993 3994 3995 3996 3997
3982 3983 3984 3985 3986 3987 3988 3989 3991 3992 3993 3994 3995 3996 3997 3998
3983 3984 3985 3986 3987 3988 3989 3990 3992 3993 3994 3995 3996 3997 3998 3999
3984 3985 3986 3987 3988 3989 3990 3991 3993 3994 3995 3996 3997 3998 3999 4000
3985 3986 3987 3988 3989 3990 3991 3992 3994 3995 3996 3997 3998 3999 4000 4001
3986 3987 3988 3989 3990 3991 3992 3993 3995 3996 3997 3998 3999 4000 4001 4002
3987 3988 3989 3990 3991 3992 3993 3994 3996 3997 3998 3999 4000 4001 4002 4003
3988 3989 3990 3991 3992 3993 3994 3995 3997 3998 3999 4000 4001 4002 4003 4004
3989 3990 3991 3992 3993 3994 3995 3996 3998 3999 4000 4001 4002 4003 4004 4005
3990 3991 3992 3993 3994 3995 3996 3997 3999 4000 4001 4002 4003 4004 4005 4006
3991 3992 3993 3994 3995 3996 3997 3998 4000 4001 4002 4003 4004 4005 4006 4007
3992 3993 3994 3995 3996 3997 3998 3999 4001 4002 4003 4004 4005 4006 4007 4008
3993 3994 3995 3996 3997 3998 3999 4000 4002 4003 4004 4005 4006 4007 4008 4009
3994 3995 3996 3997 3998 3999 4000 4001 4003 4004 4005 4006 4007 4008 4009 4010
3995 3996 3997 3998 3999 4000 4001 4002 4004 4005 4006 4007 4008 4009 4010 4011
3996 3997 3998 3999 4000 4001 4002 4003 4005 4006 4007 4008 4009 4010 4011 4012
3997 3998 3999 4000 4001 4002 4003 4004 4006 4007 4008 4009 4010 4011 4012 4013
3998 3999 4000 4001 4002 4003 4004 4005 4007 4008 4009 4010 4011 4012 4013 4014
3999 4000 4001 4002 4003 4004 4005 4006 4008 4009 4010 4011 4012 4013 4014 4015
4000 4001 4002 4003 4004 4005 4006 4007 4009 4010 4011 4012 4013 4014 4015 4016
4001 4002 4003 4004 4005 4006 4007 4008 4010 4011 4012 4013 4014 4015 4016 4017
4002 4003 4004 4005 4006 4007 4008 4009 4011 4012 4013 4014 4015 4016 4017 4018
4003 4004 4005 4006 4007 4008 4009 4010 4012 4013 4014 4015 4016 4017 4018 4019
4004 4005 4006 4007 4008 4009 4010 4011 4013 4014 4015 4016 4017 4018 4019 4020
4005 4006 4007 4008 4009 4010 4011 4012 4014 4015 4016 4017 4018 4019 4020 4021
4006 4007 4008 4009 4010 4011 4012 4013 4015 4016 4017 4018 4019 4020 4021 4022
4007 4008 4009 4010 4011 4012 4013 4014 4016 4017 4018 4019 4020 4021 4022 4023
4008 4009 4010 4011 4012 4013 4014 4015 4017 4018 4019 4020 4021 4022 4023 4024
4009 4010 4011 4012 4013 4014 4015 4016 4018 4019 4020 4021 4022 4023 4024 4025
4010 4011 4012 4013 4014 4015 4016 4017 4019 4020 4021 4022 4023 4024 4025 4026
4011 4012 4013 4014 4015 4016 4017 4018 4020 4021 4022 4023 4024 4025 4026 4027
4012 4013 4014 4015 4016 4017 4018 4019 4021 4022 4023 4024 4025 4026 4027 4028
4013 4014 4015 4016 4017 4018 4019 4020 4022 4023 4024 4025 4026 4027 4028 4029
4014 4015 4016 4017 4018 4019 4020 4021 4023 4024 4025 4026 4027 4028 4029 4030
4015 4016 4017 4018 4019 4020 4021 4022 4024 4025 4026 4027 4028 4029 4030 4031
4016 4017 4018 4019 4020 4021 4022 4023 4025 4026 4027 4028 4029 4030 4031 4032
4017 4018 4019 4020 4021 4022 4023 4024 4026 4027 4028 4029 4030 4031 4032 4033
4018 4019 4020 4021 4022 4023 4024 4025 4027 4028 4029 4030 4031 4032 4033 4034
4019 4020 4021 4022 4023 4024 4025 4026 4028 4029 4030 4031 4032 4033 4034 4035
4020 4021 4022 4023 4024 4025 4026 4027 4029 4030 4031 4032 4033 4034 4035 4036
4021 4022 4023 4024 4025 4026 4027 4028 4030 4031 4032 4033 4034 4035 4036 4037
4022 4023 4024 4025 4026 4027 4028 4029 4031 4032 4033 4034 4035 4036 4037 4038
4023 4024 4025 4026 4027 4028 4029 4030 4032 4033 4034 4035 4036 4037 4038 4039
4024 4025 4026 4027 4028 4029 4030 4031 4033 4034 4035 4036 4037 4038 4039 4040
4025 4026 4027 4028 4029 4030 4031 4032 4034 4035 4036 4037 4038 4039 4040 4041
4026 4027 4028 4029 4030 4031 4032 4033 4035 4036 4037 4038 4039 4040 4041 4042
4027 4028 4029 4030 4031 4032 4033 4034 4036 4037 4038 4039 4040 4041 4042 4043
4028 4029 4030 4031 4032 4033 4034 4035 4037 4038 4039 4040 4041 4042 4043 4044
4029 4030 4031 4032 4033 4034 4035 4036 4038 4039 4040 4041 4042 4043 4044 4045
4030 4031 4032 4033 4034 4035 4036 4037 4039 4040 4041 4042 4043 4044 4045 4046
4031 4032 4033 4034 4035 4036 4037 4038 4040 4041 4042 4043 4044 4045 4046 4047
4032 4033 4034 4035 4036 4037 4038 4039 4041 4042 4043 4044 4045 4046 4047 4048
4033 4034 4035 4036 4037 4038 4039 4040 4042 4043 4044 4045 4046 4047 4048 4049
4034 4035 4036 4037 4038 4039 4040 4041 4043 4044 4045 4046 4047 4048 4049 4050
4035 4036 4037 4038 4039 4040 4041 4042 4044 4045 4046 4047 4048 4049 4050 4051
4036 4037 4038 4039 4040 4041 4042 4043 4045 4046 4047 4048 4049 4050 4051 4052
4037 4038 4039 4040 4041 4042 4043 4044 4046 4047 4048 4049 4050 4051 4052 4053
4038 4039 4040 4041 4042 4043 4044 4045 4047 4048 4049 4050 4051 4052 4053 4054
4039 4040 4041 4042 4043 4044 4045 4046 4048 4049 4050 4051 4052 4053 4054 4055
4040 4041 4042 4043 4044 4045 4046 4047 4049 4050 4051 4052 4053 4054 4055 4056
4041 4042 4043 4044 4045 4046 4047 4048 4050 4051 4052 4053 4054 4055 4056 4057
4042 4043 4044 4045 4046 4047 4048 4049 4051 4052 4053 4054 4055 4056 4057 4058
4043 4044 4045 4046 4047 4048 4049 4050 4052 4053 4054 4055 4056 4057 4058 4059
4044 4045 4046 4047 4048 4049 4050 4051 4053 4054 4055 4056 4057 4058 4059 4060
4045 4046 4047 4048 4049 4050 4051 4052 4054 4055 4056 4057 4058 4059 4060 4061
4046 4047 4048 4049 4050 4051 4052 4053 4055 4056 4057 4058 4059 4060 4061 4062
4047 4048 4049 4050 4051 4052 4053 4054 4056 4057 4058 4059 4060 4061 4062 4063
4048 4049 4050 4051 4052 4053 4054 4055 4057 4058 4059 4060 4061 4062 4063 4064
4049 4050 4051 4052 4053 4054 4055 4056 4058 4059 4060 4061 4062 4063 4064 4065
4050 4051 4052 4053 4054 4055 4056 4057 4059 4060 4061 4062 4063 4064 4065 4066
4051 4052 4053 4054 4055 4056 4057 4058 4060 4061 4062 4063 4064 4065 4066 4067
4052 4053 4054 4055 4056 4057 4058 4059 4061 4062 4063 4064 4065 4066 4067 4068
4053 4054 4055 4056 4057 4058 4059 4060 4062 4063 4064 4065 4066 4067 4068 4069
4054 4055 4056 4057 4058 4059 4060 4061 4063 4064 4065 4066 4067 4068 4069 4070
4055 4056 4057 4058 4059 4060 4061 4062 4064 4065 4066 4067 4068 4069 4070 4071
4056 4057 4058 4059 4060 4061 4062 4063 4065 4066 4067 4068 4069 4070 4071 4072
4057 4058 4059 4060 4061 4062 4063 4064 4066 4067 4068 4069 4070 4071 4072 4073
4058 4059 4060 4061 4062 4063 4064 4065 4067 4068 4069 4070 4071 4072 4073 4074
4059 4060 4061 4062 4063 4064 4065 4066 4068 4069 4070 4071 4072 4073 4074 4075
4060 4061 4062 4063 4064 4065 4066 4067 4069 4070 4071 4072 4073 4074 4075 4076
4061 4062 4063 4064 4065 4066 4067 4068 4070 4071 4072 4073 4074 4075 4076 4077
4062 4063 4064 4065 4066 4067 4068 4069 4071 4072 4073 4074 4075 4076 4077 4078
4063 4064 4065 4066 4067 4068 4069 4070 4072 4073 4074 4075 4076 4077 4078 4079
4064 4065 4066 4067 4068 4069 4070 4071 4073 4074 4075 4076 4077 4078 4079 4080
4065 4066 4067 4068 4069 4070 4071 4072 4074 4075 4076 4077 4078 4079 4080 4081
4066 4067 4068 4069 4070 4071 4072 4073 4075 4076 4077 4078 4079 4080 4081 4082
4067 4068 4069 4070 4071 4072 4073 4074 4076 4077 4078 4079 4080 4081 4082 4083
4068 4069 4070 4071 4072 4073 4074 4075 4077 4078 4079 4080 4081 4082 4083 4084
4069 4070 4071 4072 4073 4074 4075 4076 4078 4079 4080 4081 4082 4083 4084 4085
4070 4071 4072 4073 4074 4075 4076 4077 4079 4080 4081 4082 4083 4084 4085 4086
4071 4072 4073 4074 4075 4076 4077 4078 4080 4081 4082 4083 4084 4085 4086 4087
4072 4073 4074 4075 4076 4077 4078 4079 4081 4082 4083 4084 4085 4086 4087 4088
4073 4074 4075 4076 4077 4078 4079 4080 4082 4083 4084 4085 4086 4087 4088 4089
4074 4075 4076 4077 4078 4079 4080 4081 4083 4084 4085 4086 4087 4088 4089 4090
4075 4076 4077 4078 4079 4080 4081 4082 4084 4085 4086 4087 4088 4089 4090 4091
4076 4077 4078 4079 4080 4081 4082 4083 4085 4086 4087 4088 4089 4090 4091 4092
4077 4078 4079 4080 4081 4082 4083 4084 4086 4087 4088 4089 4090 4091 4092 4093
4078 4079 4080 4081 4082 4083 4084 4085 4087 4088 4089 4090 4091 4092 4093 4094
4079 4080 4081 4082 4083 4084 4085 4086 4088 4089 4090 4091 4092 4093 4094 4095
4080 4081 4082 4083 4084 4085 4086 4087 4089 4090 4091 4092 4093 4094 4095 4096
4081 4082 4083 4084 4085 4086 4087 4088 4090 4091 4092 4093 4094 4095 4096 4097
4082 4083 4084 4085 4086 4087 4088 4089 4091 4092 4093 4094 4095 4096 4097 4098
4083 4084 4085 4086 4087 4088 4089 4090 4092 4093 4094 4095 4096 4097 4098 4099
4084 4085 4086 4087 4088 4089 4090 4091 4093 4094 4095 4096 4097 4098 4099 4100
4085 4086 4087 4088 4089 4090 4091 4092 4094 4095 4096 4097 4098 4099 4100 4101
4086 4087 4088 4089 4090 4091 4092 4093 4095 4096 4097 4098 4099 4100 4101 4102
4087 4088 4089 4090 4091 4092 4093 4094 4096 4097 4098 4099 4100 4101 4102 4103
4088 4089 4090 4091 4092 4093 4094 4095 4097 4098 4099 4100 4101 4102 4103 4104
4089 4090 4091 4092 4093 4094 4095 4096 4098 4099 4100 4101 4102 4103 4104 4105
4090 4091 4092 4093 4094 4095 4096 4097 4099 4100 4101 4102 4103 4104 4105 4106
4091 4092 4093 4094 4095 4096 4097 4098 4100 4101 4102 4103 4104 4105 4106 4107
4092 4093 4094 4095 4096 4097 4098 4099 4101 4102 4103 4104 4105 4106 4107 4108
4093 4094 4095 4096 4097 4098 4099 4100 4102 4103 4104 4105 4106 4107 4108 4109
4094 4095 4096 4097 4098 4099 4100 4101 4103 4104 4105 4106 4107 4108 4109 4110
4095 4096 4097 4098 4099 4100 4101 4102 4104 4105 4106 4107 4108 4109 4110 4111
4096 4097 4098 4099 4100 4101 4102 4103 4105 4106 4107 4108 4109 4110 4111 4112
4097 4098 4099 4100 4101 4102 4103 4104 4106 4107 4108 4109 4110 4111 4112 4113
4098 4099 4100 4101 4102 4103 4104 4105 4107 4108 4109 4110 4111 4112 4113 4114
4099 4100 4101 4102 4103 4104 4105 4106 4108 4109 4110 4111 4112 4113 4114 4115
4100 4101 4102 4103 4104 4105 4106 4107 4109 4110 4111 4112 4113 4114 4115 4116
4101 4102 4103 4104 4105 4106 4107 4108 4110 4111 4112 4113 4114 4115 4116 4117
4102 4103 4104 4105 4106 4107 4108 4109 4111 4112 4113 4114 4115 4116 4117 4118
4103 4104 4105 4106 4107 4108 4109 4110 4112 4113 4114 4115 4116 4117 4118 4119
4104 4105 4106 4107 4108 4109 4110 4111 4113 4114 4115 4116 4117 4118 4119 4120
4105 4106 4107 4108 4109 4110 4111 4112 4114 4115 4116 4117 4118 4119 4120 4121
4106 4107 4108 4109 4110 4111 4112 4113 4115 4116 4117 4118 4119 4120 4121 4122
4107 4108 4109 4110 4111 4112 4113 4114 4116 4117 4118 4119 4120 4121 4122 4123
4108 4109 4110 4111 4112 4113 4114 4115 4117 4118 4119 4120 4121 4122 4123 4124
4109 4110 4111 4112 4113 4114 4115 4116 4118 4119 4120 4121 4122 4123 4124 4125
4110 4111 4112 4113 4114 4115 4116 4117 4119 4120 4121 4122 4123 4124 4125 4126
4111 4112 4113 4114 4115 4116 4117 4118 4120 4121 4122 4123 4124 4125 4126 4127
4112 4113 4114 4115 4116 4117 4118 4119 4121 4122 4123 4124 4125 4126 4127 4128
4113 4114 4115 4116 4117 4118 4119 4120 4122 4123 4124 4125 4126 4127 4128 4129
4114 4115 4116 4117 4118 4119 4120 4121 4123 4124 4125 4126 4127 4128 4129 4130
4115 4116 4117 4118 4119 4120 4121 4122 4124 4125 4126 4127 4128 4129 4130 4131
4116 4117 4118 4119 4120 4121 4122 4123 4125 4126 4127 4128 4129 4130 4131 4132
4117 4118 4119 4120 4121 4122 4123 4124 4126 4127 4128 4129 4130 4131 4132 4133
4118 4119 4120 4121 4122 4123 4124 4125 4127 4128 4129 4130 4131 4132 4133 4134
4119 4120 4121 4122 4123 4124 4125 4126 4128 4129 4130 4131 4132 4133 4134 4135
4120 4121 4122 4123 4124 4125 4126 4127 4129 4130 4131 4132 4133 4134 4135 4136
4121 4122 4123 4124 4125 4126 4127 4128 4130 4131 4132 4133 4134 4135 4136 4137
4122 4123 4124 4125 4126 4127 4128 4129 4131 4132 4133 4134 4135 4136 4137 4138
4123 4124 4125 4126 4127 4128 4129 4130 4132 4133 4134 4135 4136 4137 4138 4139
4124 4125 4126 4127 4128 4129 4130 4131 4133 4134 4135 4136 4137 4138 4139 4140
4125 4126 4127 4128 4129 4130 4131 4132 4134 4135 4136 4137 4138 4139 4140 4141
4126 4127 4128 4129 4130 4131 4132 4133 4135 4136 4137 4138 4139 4140 4141 4142
4127 4128 4129 4130 4131 4132 4133 4134 4136 4137 4138 4139 4140 4141 4142 4143
4128 4129 4130 4131 4132 4133 4134 4135 4137 4138 4139 4140 4141 4142 4143 4144
4129 4130 4131 4132 4133 4134 4135 4136 4138 4139 4140 4141 4142 4143 4144 4145
4130 4131 4132 4133 4134 4135 4136 4137 4139 4140 4141 4142 4143 4144 4145 4146
4131 4132 4133 4134 4135 4136 4137 4138 4140 4141 4142 4143 4144 4145 4146 4147
4132 4133 4134 4135 4136 4137 4138 4139 4141 4142 4143 4144 4145 4146 4147 4148
4133 4134 4135 4136 4137 4138 4139 4140 4142 4143 4144 4145 4146 4147 4148 4149
4134 4135 4136 4137 4138 4139 4140 4141 4143 4144 4145 4146 4147 4148 4149 4150
4135 4136 4137 4138 4139 4140 4141 4142 4144 4145 4146 4147 4148 4149 4150 4151
4136 4137 4138 4139 4140 4141 4142 4143 4145 4146 4147 4148 4149 4150 4151 4152
4137 4138 4139 4140 4141 4142 4143 4144 4146 4147 4148 4149 4150 4151 4152 4153
4138 4139 4140 4141 4142 4143 4144 4145 4147 4148 4149 4150 4151 4152 4153 4154
4139 4140 4141 4142 4143 4144 4145 4146 4148 4149 4150 4151 4152 4153 4154 4155
4140 4141 4142 4143 4144 4145 4146 4147 4149 4150 4151 4152 4153 4154 4155 4156
4141 4142 4143 4144 4145 4146 4147 4148 4150 4151 4152 4153 4154 4155 4156 4157
4142 4143 4144 4145 4146 4147 4148 4149 4151 4152 4153 4154 4155 4156 4157 4158
4143 4144 4145 4146 4147 4148 4149 4150 4152 4153 4154 4155 4156 4157 4158 4159
4144 4145 4146 4147 4148 4149 4150 4151 4153 4154 4155 4156 4157 4158 4159 4160
4145 4146 4147 4148 4149 4150 4151 4152 4154 4155 4156 4157 4158 4159 4160 4161
4146 4147 4148 4149 4150 4151 4152 4153 4155 4156 4157 4158 4159 4160 4161 4162
4147 4148 4149 4150 4151 4152 4153 4154 4156 4157 4158 4159 4160 4161 4162 4163
4148 4149 4150 4151 4152 4153 4154 4155 4157 4158 4159 4160 4161 4162 4163 4164
4149 4150 4151 4152 4153 4154 4155 4156 4158 4159 4160 4161 4162 4163 4164 4165
4150 4151 4152 4153 4154 4155 4156 4157 4159 4160 4161 4162 4163 4164 4165 4166
4151 4152 4153 4154 4155 4156 4157 4158 4160 4161 4162 4163 4164 4165 4166 4167
4152 4153 4154 4155 4156 4157 4158 4159 4161 4162 4163 4164 4165 4166 4167 4168
4153 4154 4155 4156 4157 4158 4159 4160 4162 4163 4164 4165 4166 4167 4168 4169
4154 4155 4156 4157 4158 4159 4160 4161 4163 4164 4165 4166 4167 4168 4169 4170
4155 4156 4157 4158 4159 4160 4161 4162 4164 4165 4166 4167 4168 4169 4170 4171
4156 4157 4158 4159 4160 4161 4162 4163 4165 4166 4167 4168 4169 4170 4171 4172
4157 4158 4159 4160 4161 4162 4163 4164 4166 4167 4168 4169 4170 4171 4172 4173
4158 4159 4160 4161 4162 4163 4164 4165 4167 4168 4169 4170 4171 4172 4173 4174
4159 4160 4161 4162 4163 4164 4165 4166 4168 4169 4170 4171 4172 4173 4174 4175
4160 4161 4162 4163 4164 4165 4166 4167 4169 4170 4171 4172 4173 4174 4175 4176
4161 4162 4163 4164 4165 4166 4167 4168 4170 4171 4172 4173 4174 4175 4176 4177
4162 4163 4164 4165 4166 4167 4168 4169 4171 4172 4173 4174 4175 4176 4177 4178
4163 4164 4165 4166 4167 4168 4169 4170 4172 4173 4174 4175 4176 4177 4178 4179
4164 4165 4166 4167 4168 4169 4170 4171 4173 4174 4175 4176 4177 4178 4179 4180
4165 4166 4167 4168 4169 4170 4171 4172 4174 4175 4176 4177 4178 4179 4180 4181
4166 4167 4168 4169 4170 4171 4172 4173 4175 4176 4177 4178 4179 4180 4181 4182
4167 4168 4169 4170 4171 4172 4173 4174 4176 4177 4178 4179 4180 4181 4182 4183
4168 4169 4170 4171 4172 4173 4174 4175 4177 4178 4179 4180 4181 4182 4183 4184
4169 4170 4171 4172 4173 4174 4175 4176 4178 4179 4180 4181 4182 4183 4184 4185
4170 4171 4172 4173 4174 4175 4176 4177 4179 4180 4181 4182 4183 4184 4185 4186
4171 4172 4173 4174 4175 4176 4177 4178 4180 4181 4182 4183 4184 4185 4186 4187
4172 4173 4174 4175 4176 4177 4178 4179 4181 4182 4183 4184 4185 4186 4187 4188
4173 4174 4175 4176 4177 4178 4179 4180 4182 4183 4184 4185 4186 4187 4188 4189
4174 4175 4176 4177 4178 4179 4180 4181 4183 4184 4185 4186 4187 4188 4189 4190
4175 4176 4177 4178 4179 4180 4181 4182 4184 4185 4186 4187 4188 4189 4190 4191
4176 4177 4178 4179 4180 4181 4182 4183 4185 4186 4187 4188 4189 4190 4191 4192
4177 4178 4179 4180 4181 4182 4183 4184 4186 4187 4188 4189 4190 4191 4192 4193
4178 4179 4180 4181 4182 4183 4184 4185 4187 4188 4189 4190 4191 4192 4193 4194
4179 4180 4181 4182 4183 4184 4185 4186 4188 4189 4190 4191 4192 4193 4194 4195
4180 4181 4182 4183 4184 4185 4186 4187 4189 4190 4191 4192 4193 4194 4195 4196
4181 4182 4183 4184 4185 4186 4187 4188 4190 4191 4192 4193 4194 4195 4196 4197
4182 4183 4184 4185 4186 4187 4188 4189 4191 4192 4193 4194 4195 4196 4197 4198
4183 4184 4185 4186 4187 4188 4189 4190 4192 4193 4194 4195 4196 4197 4198 4199
4184 4185 4186 4187 4188 4189 4190 4191 4193 4194 4195 4196 4197 4198 4199 4200
4185 4186 4187 4188 4189 4190 4191 4192 4194 4195 4196 4197 4198 4199 4200 4201
4186 4187 4188 4189 4190 4191 4192 4193 4195 4196 4197 4198 4199 4200 4201 4202
4187 4188 4189 4190 4191 4192 4193 4194 4196 4197 4198 4199 4200 4201 4202 4203
4188 4189 4190 4191 4192 4193 4194 4195 4197 4198 4199 4200 4201 4202 4203 4204
4189 4190 4191 4192 4193 4194 4195 4196 4198 4199 4200 4201 4202 4203 4204 4205
4190 4191 4192 4193 4194 4195 4196 4197 4199 4200 4201 4202 4203 4204 4205 4206
4191 4192 4193 4194 4195 4196 4197 4198 4200 4201 4202 4203 4204 4205 4206 4207
4192 4193 4194 4195 4196 4197 4198 4199 4201 4202 4203 4204 4205 4206 4207 4208
4193 4194 4195 4196 4197 4198 4199 4200 4202 4203 4204 4205 4206 4207 4208 4209
4194 4195 4196 4197 4198 4199 4200 4201 4203 4204 4205 4206 4207 4208 4209 4210
4195 4196 4197 4198 4199 4200 4201 4202 4204 4205 4206 4207 4208 4209 4210 4211
4196 4197 4198 4199 4200 4201 4202 4203 4205 4206 4207 4208 4209 4210 4211 4212
4197 4198 4199 4200 4201 4202 4203 4204 4206 4207 4208 4209 4210 4211 4212 4213
4198 4199 4200 4201 4202 4203 4204 4205 4207 4208 4209 4210 4211 4212 4213 4214
4199 4200 4201 4202 4203 4204 4205 4206 4208 4209 4210 4211 4212 4213 4214 4215
4200 4201 4202 4203 4204 4205 4206 4207 4209 4210 4211 4212 4213 4214 4215 4216
4201 4202 4203 4204 4205 4206 4207 4208 4210 4211 4212 4213 4214 4215 4216 4217
4202 4203 4204 4205 4206 4207 4208 4209 4211 4212 4213 4214 4215 4216 4217 4218
4203 4204 4205 4206 4207 4208 4209 4210 4212 4213 4214 4215 4216 4217 4218 4219
4204 4205 4206 4207 4208 4209 4210 4211 4213 4214 4215 4216 4217 4218 4219 4220
4205 4206 4207 4208 4209 4210 4211 4212 4214 4215 4216 4217 4218 4219 4220 4221
4206 4207 4208 4209 4210 4211 4212 4213 4215 4216 4217 4218 4219 4220 4221 4222
4207 4208 4209 4210 4211 4212 4213 4214 4216 4217 4218 4219 4220 4221 4222 4223
4208 4209 4210 4211 4212 4213 4214 4215 4217 4218 4219 4220 4221 4222 4223 4224
4209 4210 4211 4212 4213 4214 4215 4216 4218 4219 4220 4221 4222 4223 4224 4225
4210 4211 4212 4213 4214 4215 4216 4217 4219 4220 4221 4222 4223 4224 4225 4226
4211 4212 4213 4214 4215 4216 4217 4218 4220 4221 4222 4223 4224 4225 4226 4227
4212 4213 4214 4215 4216 4217 4218 4219 4221 4222 4223 4224 4225 4226 4227 4228
4213 4214 4215 4216 4217 4218 4219 4220 4222 4223 4224 4225 4226 4227 4228 4229
4214 4215 4216 4217 4218 4219 4220 4221 4223 4224 4225 4226 4227 4228 4229 4230
4215 4216 4217 4218 4219 4220 4221 4222 4224 4225 4226 4227 4228 4229 4230 4231
4216 4217 4218 4219 4220 4221 4222 4223 4225 4226 4227 4228 4229 4230 4231 4232
4217 4218 4219 4220 4221 4222 4223 4224 4226 4227 4228 4229 4230 4231 4232 4233
4218 4219 4220 4221 4222 4223 4224 4225 4227 4228 4229 4230 4231 4232 4233 4234
4219 4220 4221 4222 4223 4224 4225 4226 4228 4229 4230 4231 4232 4233 4234 4235
4220 4221 4222 4223 4224 4225 4226 4227 4229 4230 4231 4232 4233 4234 4235 4236
4221 4222 4223 4224 4225 4226 4227 4228 4230 4231 4232 4233 4234 4235 4236 4237
4222 4223 4224 4225 4226 4227 4228 4229 4231 4232 4233 4234 4235 4236 4237 4238
4223 4224 4225 4226 4227 4228 4229 4230 4232 4233 4234 4235 4236 4237 4238 4239
4224 4225 4226 4227 4228 4229 4230 4231 4233 4234 4235 4236 4237 4238 4239 4240
4225 4226 4227 4228 4229 4230 4231 4232 4234 4235 4236 4237 4238 4239 4240 4241
4226 4227 4228 4229 4230 4231 4232 4233 4235 4236 4237 4238 4239 4240 4241 4242
4227 4228 4229 4230 4231 4232 4233 4234 4236 4237 4238 4239 4240 4241 4242 4243
4228 4229 4230 4231 4232 4233 4234 4235 4237 4238 4239 4240 4241 4242 4243 4244
4229 4230 4231 4232 4233 4234 4235 4236 4238 4239 4240 4241 4242 4243 4244 4245
4230 4231 4232 4233 4234 4235 4236 4237 4239 4240 4241 4242 4243 4244 4245 4246
4231 4232 4233 4234 4235 4236 4237 4238 4240 4241 4242 4243 4244 4245 4246 4247
4232 4233 4234 4235 4236 4237 4238 4239 4241 4242 4243 4244 4245 4246 4247 4248
4233 4234 4235 4236 4237 4238 4239 4240 4242 4243 4244 4245 4246 4247 4248 4249
4234 4235 4236 4237 4238 4239 4240 4241 4243 4244 4245 4246 4247 4248 4249 4250
4235 4236 4237 4238 4239 4240 4241 4242 4244 4245 4246 4247 4248 4249 4250 4251
4236 4237 4238 4239 4240 4241 4242 4243 4245 4246 4247 4248 4249 4250 4251 4252
4237 4238 4239 4240 4241 4242 4243 4244 4246 4247 4248 4249 4250 4251 4252 4253
4238 4239 4240 4241 4242 4243 4244 4245 4247 4248 4249 4250 4251 4252 4253 4254
4239 4240 4241 4242 4243 4244 4245 4246 4248 4249 4250 4251 4252 4253 4254 4255
4240 4241 4242 4243 4244 4245 4246 4247 4249 4250 4251 4252 4253 4254 4255 4256
4241 4242 4243 4244 4245 4246 4247 4248 4250 4251 4252 4253 4254 4255 4256 4257
4242 4243 4244 4245 4246 4247 4248 4249 4251 4252 4253 4254 4255 4256 4257 4258
4243 4244 4245 4246 4247 4248 4249 4250 4252 4253 4254 4255 4256 4257 4258 4259
4244 4245 4246 4247 4248 4249 4250 4251 4253 4254 4255 4256 4257 4258 4259 4260
4245 4246 4247 4248 4249 4250 4251 4252 4254 4255 4256 4257 4258 4259 4260 4261
4246 4247 4248 4249 4250 4251 4252 4253 4255 4256 4257 4258 4259 4260 4261 4262
4247 4248 4249 4250 4251 4252 4253 4254 4256 4257 4258 4259 4260 4261 4262 4263
4248 4249 4250 4251 4252 4253 4254 4255 4257 4258 4259 4260 4261 4262 4263 4264
4249 4250 4251 4252 4253 4254 4255 4256 4258 4259 4260 4261 4262 4263 4264 4265
4250 4251 4252 4253 4254 4255 4256 4257 4259 4260 4261 4262 4263 4264 4265 4266
4251 4252 4253 4254 4255 4256 4257 4258 4260 4261 4262 4263 4264 4265 4266 4267
4252 4253 4254 4255 4256 4257 4258 4259 4261 4262 4263 4264 4265 4266 4267 4268
4253 4254 4255 4256 4257 4258 4259 4260 4262 4263 4264 4265 4266 4267 4268 4269
4254 4255 4256 4257 4258 4259 4260 4261 4263 4264 4265 4266 4267 4268 4269 4270
4255 4256 4257 4258 4259 4260 4261 4262 4264 4265 4266 4267 4268 4269 4270 4271
4256 4257 4258 4259 4260 4261 4262 4263 4265 4266 4267 4268 4269 4270 4271 4272
4257 4258 4259 4260 4261 4262 4263 4264 4266 4267 4268 4269 4270 4271 4272 4273
4258 4259 4260 4261 4262 4263 4264 4265 4267 4268 4269 4270 4271 4272 4273 4274
4259 4260 4261 4262 4263 4264 4265 4266 4268 4269 4270 4271 4272 4273 4274 4275
4260 4261 4262 4263 4264 4265 4266 4267 4269 4270 4271 4272 4273 4274 4275 4276
4261 4262 4263 4264 4265 4266 4267 4268 4270 4271 4272 4273 4274 4275 4276 4277
4262 4263 4264 4265 4266 4267 4268 4269 4271 4272 4273 4274 4275 4276 4277 4278
4263 4264 4265 4266 4267 4268 4269 4270 4272 4273 4274 4275 4276 4277 4278 4279
4264 4265 4266 4267 4268 4269 4270 4271 4273 4274 4275 4276 4277 4278 4279 4280
4265 4266 4267 4268 4269 4270 4271 4272 4274 4275 4276 4277 4278 4279 4280 4281
4266 4267 4268 4269 4270 4271 4272 4273 4275 4276 4277 4278 4279 4280 4281 4282
4267 4268 4269 4270 4271 4272 4273 4274 4276 4277 4278 4279 4280 4281 4282 4283
4268 4269 4270 4271 4272 4273 4274 4275 4277 4278 4279 4280 4281 4282 4283 4284
4269 4270 4271 4272 4273 4274 4275 4276 4278 4279 4280 4281 4282 4283 4284 4285
4270 4271 4272 4273 4274 4275 4276 4277 4279 4280 4281 4282 4283 4284 4285 4286
4271 4272 4273 4274 4275 4276 4277 4278 4280 4281 4282 4283 4284 4285 4286 4287
4272 4273 4274 4275 4276 4277 4278 4279 4281 4282 4283 4284 4285 4286 4287 4288
4273 4274 4275 4276 4277 4278 4279 4280 4282 4283 4284 4285 4286 4287 4288 4289
4274 4275 4276 4277 4278 4279 4280 4281 4283 4284 4285 4286 4287 4288 4289 4290
4275 4276 4277 4278 4279 4280 4281 4282 4284 4285 4286 4287 4288 4289 4290 4291
4276 4277 4278 4279 4280 4281 4282 4283 4285 4286 4287 4288 4289 4290 4291 4292
4277 4278 4279 4280 4281 4282 4283 4284 4286 4287 4288 4289 4290 4291 4292 4293
4278 4279 4280 4281 4282 4283 4284 4285 4287 4288 4289 4290 4291 4292 4293 4294
4279 4280 4281 4282 4283 4284 4285 4286 4288 4289 4290 4291 4292 4293 4294 4295
4280 4281 4282 4283 4284 4285 4286 4287 4289 4290 4291 4292 4293 4294 4295 4296
4281 4282 4283 4284 4285 4286 4287 4288 4290 4291 4292 4293 4294 4295 4296 4297
4282 4283 4284 4285 4286 4287 4288 4289 4291 4292 4293 4294 4295 4296 4297 4298
4283 4284 4285 4286 4287 4288 4289 4290 4292 4293 4294 4295 4296 4297 4298 4299
4284 4285 4286 4287 4288 4289 4290 4291 4293 4294 4295 4296 4297 4298 4299 4300
4285 4286 4287 4288 4289 4290 4291 4292 4294 4295 4296 4297 4298 4299 4300 4301
4286 4287 4288 4289 4290 4291 4292 4293 4295 4296 4297 4298 4299 4300 4301 4302
4287 4288 4289 4290 4291 4292 4293 4294 4296 4297 4298 4299 4300 4301 4302 4303
4288 4289 4290 4291 4292 4293 4294 4295 4297 4298 4299 4300 4301 4302 4303 4304
4289 4290 4291 4292 4293 4294 4295 4296 4298 4299 4300 4301 4302 4303 4304 4305
4290 4291 4292 4293 4294 4295 4296 4297 4299 4300 4301 4302 4303 4304 4305 4306
4291 4292 4293 4294 4295 4296 4297 4298 4300 4301 4302 4303 4304 4305 4306 4307
4292 4293 4294 4295 4296 4297 4298 4299 4301 4302 4303 4304 4305 4306 4307 4308
4293 4294 4295 4296 4297 4298 4299 4300 4302 4303 4304 4305 4306 4307 4308 4309
4294 4295 4296 4297 4298 4299 4300 4301 4303 4304 4305 4306 4307 4308 4309 4310
4295 4296 4297 4298 4299 4300 4301 4302 4304 4305 4306 4307 4308 4309 4310 4311
4296 4297 4298 4299 4300 4301 4302 4303 4305 4306 4307 4308 4309 4310 4311 4312
4297 4298 4299 4300 4301 4302 4303 4304 4306 4307 4308 4309 4310 4311 4312 4313
4298 4299 4300 4301 4302 4303 4304 4305 4307 4308 4309 4310 4311 4312 4313 4314
4299 4300 4301 4302 4303 4304 4305 4306 4308 4309 4310 4311 4312 4313 4314 4315
4300 4301 4302 4303 4304 4305 4306 4307 4309 4310 4311 4312 4313 4314 4315 4316
4301 4302 4303 4304 4305 4306 4307 4308 4310 4311 4312 4313 4314 4315 4316 4317
4302 4303 4304 4305 4306 4307 4308 4309 4311 4312 4313 4314 4315 4316 4317 4318
4303 4304 4305 4306 4307 4308 4309 4310 4312 4313 4314 4315 4316 4317 4318 4319
4304 4305 4306 4307 4308 4309 4310 4311 4313 4314 4315 4316 4317 4318 4319 4320
4305 4306 4307 4308 4309 4310 4311 4312 4314 4315 4316 4317 4318 4319 4320 4321
4306 4307 4308 4309 4310 4311 4312 4313 4315 4316 4317 4318 4319 4320 4321 4322
4307 4308 4309 4310 4311 4312 4313 4314 4316 4317 4318 4319 4320 4321 4322 4323
4308 4309 4310 4311 4312 4313 4314 4315 4317 4318 4319 4320 4321 4322 4323 4324
4309 4310 4311 4312 4313 4314 4315 4316 4318 4319 4320 4321 4322 4323 4324 4325
4310 4311 4312 4313 4314 4315 4316 4317 4319 4320 4321 4322 4323 4324 4325 4326
4311 4312 4313 4314 4315 4316 4317 4318 4320 4321 4322 4323 4324 4325 4326 4327
4312 4313 4314 4315 4316 4317 4318 4319 4321 4322 4323 4324 4325 4326 4327 4328
4313 4314 4315 4316 4317 4318 4319 4320 4322 4323 4324 4325 4326 4327 4328 4329
4314 4315 4316 4317 4318 4319 4320 4321 4323 4324 4325 4326 4327 4328 4329 4330
4315 4316 4317 4318 4319 4320 4321 4322 4324 4325 4326 4327 4328 4329 4330 4331
4316 4317 4318 4319 4320 4321 4322 4323 4325 4326 4327 4328 4329 4330 4331 4332
4317 4318 4319 4320 4321 4322 4323 4324 4326 4327 4328 4329 4330 4331 4332 4333
4318 4319 4320 4321 4322 4323 4324 4325 4327 4328 4329 4330 4331 4332 4333 4334
4319 4320 4321 4322 4323 4324 4325 4326 4328 4329 4330 4331 4332 4333 4334 4335
4320 4321 4322 4323 4324 4325 4326 4327 4329 4330 4331 4332 4333 4334 4335 4336
4321 4322 4323 4324 4325 4326 4327 4328 4330 4331 4332 4333 4334 4335 4336 4337
4322 4323 4324 4325 4326 4327 4328 4329 4331 4332 4333 4334 4335 4336 4337 4338
4323 4324 4325 4326 4327 4328 4329 4330 4332 4333 4334 4335 4336 4337 4338 4339
4324 4325 4326 4327 4328 4329 4330 4331 4333 4334 4335 4336 4337 4338 4339 4340
4325 4326 4327 4328 4329 4330 4331 4332 4334 4335 4336 4337 4338 4339 4340 4341
4326 4327 4328 4329 4330 4331 4332 4333 4335 4336 4337 4338 4339 4340 4341 4342
4327 4328 4329 4330 4331 4332 4333 4334 4336 4337 4338 4339 4340 4341 4342 4343
4328 4329 4330 4331 4332 4333 4334 4335 4337 4338 4339 4340 4341 4342 4343 4344
4329 4330 4331 4332 4333 4334 4335 4336 4338 4339 4340 4341 4342 4343 4344 4345
4330 4331 4332 4333 4334 4335 4336 4337 4339 4340 4341 4342 4343 4344 4345 4346
4331 4332 4333 4334 4335 4336 4337 4338 4340 4341 4342 4343 4344 4345 4346 4347
4332 4333 4334 4335 4336 4337 4338 4339 4341 4342 4343 4344 4345 4346 4347 4348
4333 4334 4335 4336 4337 4338 4339 4340 4342 4343 4344 4345 4346 4347 4348 4349
4334 4335 4336 4337 4338 4339 4340 4341 4343 4344 4345 4346 4347 4348 4349 4350
4335 4336 4337 4338 4339 4340 4341 4342 4344 4345 4346 4347 4348 4349 4350 4351
4336 4337 4338 4339 4340 4341 4342 4343 4345 4346 4347 4348 4349 4350 4351 4352
4337 4338 4339 4340 4341 4342 4343 4344 4346 4347 4348 4349 4350 4351 4352 4353
4338 4339 4340 4341 4342 4343 4344 4345 4347 4348 4349 4350 4351 4352 4353 4354
4339 4340 4341 4342 4343 4344 4345 4346 4348 4349 4350 4351 4352 4353 4354 4355
4340 4341 4342 4343 4344 4345 4346 4347 4349 4350 4351 4352 4353 4354 4355 4356
4341 4342 4343 4344 4345 4346 4347 4348 4350 4351 4352 4353 4354 4355 4356 4357
4342 4343 4344 4345 4346 4347 4348 4349 4351 4352 4353 4354 4355 4356 4357 4358
4343 4344 4345 4346 4347 4348 4349 4350 4352 4353 4354 4355 4356 4357 4358 4359
4344 4345 4346 4347 4348 4349 4350 4351 4353 4354 4355 4356 4357 4358 4359 4360
4345 4346 4347 4348 4349 4350 4351 4352 4354 4355 4356 4357 4358 4359 4360 4361
4346 4347 4348 4349 4350 4351 4352 4353 4355 4356 4357 4358 4359 4360 4361 4362
4347 4348 4349 4350 4351 4352 4353 4354 4356 4357 4358 4359 4360 4361 4362 4363
4348 4349 4350 4351 4352 4353 4354 4355 4357 4358 4359 4360 4361 4362 4363 4364
4349 4350 4351 4352 4353 4354 4355 4356 4358 4359 4360 4361 4362 4363 4364 4365
4350 4351 4352 4353 4354 4355 4356 4357 4359 4360 4361 4362 4363 4364 4365 4366
4351 4352 4353 4354 4355 4356 4357 4358 4360 4361 4362 4363 4364 4365 4366 4367
4352 4353 4354 4355 4356 4357 4358 4359 4361 4362 4363 4364 4365 4366 4367 4368
4353 4354 4355 4356 4357 4358 4359 4360 4362 4363 4364 4365 4366 4367 4368 4369
4354 4355 4356 4357 4358 4359 4360 4361 4363 4364 4365 4366 4367 4368 4369 4370
4355 4356 4357 4358 4359 4360 4361 4362 4364 4365 4366 4367 4368 4369 4370 4371
4356 4357 4358 4359 4360 4361 4362 4363 4365 4366 4367 4368 4369 4370 4371 4372
4357 4358 4359 4360 4361 4362 4363 4364 4366 4367 4368 4369 4370 4371 4372 4373
4358 4359 4360 4361 4362 4363 4364 4365 4367 4368 4369 4370 4371 4372 4373 4374
4359 4360 4361 4362 4363 4364 4365 4366 4368 4369 4370 4371 4372 4373 4374 4375
4360 4361 4362 4363 4364 4365 4366 4367 4369 4370 4371 4372 4373 4374 4375 4376
4361 4362 4363 4364 4365 4366 4367 4368 4370 4371 4372 4373 4374 4375 4376 4377
4362 4363 4364 4365 4366 4367 4368 4369 4371 4372 4373 4374 4375 4376 4377 4378
4363 4364 4365 4366 4367 4368 4369 4370 4372 4373 4374 4375 4376 4377 4378 4379
4364 4365 4366 4367 4368 4369 4370 4371 4373 4374 4375 4376 4377 4378 4379 4380
4365 4366 4367 4368 4369 4370 4371 4372 4374 4375 4376 4377 4378 4379 4380 4381
4366 4367 4368 4369 4370 4371 4372 4373 4375 4376 4377 4378 4379 4380 4381 4382
4367 4368 4369 4370 4371 4372 4373 4374 4376 4377 4378 4379 4380 4381 4382 4383
4368 4369 4370 4371 4372 4373 4374 4375 4377 4378 4379 4380 4381 4382 4383 4384
4369 4370 4371 4372 4373 4374 4375 4376 4378 4379 4380 4381 4382 4383 4384 4385
4370 4371 4372 4373 4374 4375 4376 4377 4379 4380 4381 4382 4383 4384 4385 4386
4371 4372 4373 4374 4375 4376 4377 4378 4380 4381 4382 4383 4384 4385 4386 4387
4372 4373 4374 4375 4376 4377 4378 4379 4381 4382 4383 4384 4385 4386 4387 4388
4373 4374 4375 4376 4377 4378 4379 4380 4382 4383 4384 4385 4386 4387 4388 4389
4374 4375 4376 4377 4378 4379 4380 4381 4383 4384 4385 4386 4387 4388 4389 4390
4375 4376 4377 4378 4379 4380 4381 4382 4384 4385 4386 4387 4388 4389 4390 4391
4376 4377 4378 4379 4380 4381 4382 4383 4385 4386 4387 4388 4389 4390 4391 4392
4377 4378 4379 4380 4381 4382 4383 4384 4386 4387 4388 4389 4390 4391 4392 4393
4378 4379 4380 4381 4382 4383 4384 4385 4387 4388 4389 4390 4391 4392 4393 4394
4379 4380 4381 4382 4383 4384 4385 4386 4388 4389 4390 4391 4392 4393 4394 4395
4380 4381 4382 4383 4384 4385 4386 4387 4389 4390 4391 4392 4393 4394 4395 4396
4381 4382 4383 4384 4385 4386 4387 4388 4390 4391 4392 4393 4394 4395 4396 4397
4382 4383 4384 4385 4386 4387 4388 4389 4391 4392 4393 4394 4395 4396 4397 4398
4383 4384 4385 4386 4387 4388 4389 4390 4392 4393 4394 4395 4396 4397 4398 4399
4384 4385 4386 4387 4388 4389 4390 4391 4393 4394 4395 4396 4397 4398 4399 4400
4385 4386 4387 4388 4389 4390 4391 4392 4394 4395 4396 4397 4398 4399 4400 4401
4386 4387 4388 4389 4390 4391 4392 4393 4395 4396 4397 4398 4399 4400 4401 4402
4387 4388 4389 4390 4391 4392 4393 4394 4396 4397 4398 4399 4400 4401 4402 4403
4388 4389 4390 4391 4392 4393 4394 4395 4397 4398 4399 4400 4401 4402 4403 4404
4389 4390 4391 4392 4393 4394 4395 4396 4398 4399 4400 4401 4402 4403 4404 4405
4390 4391 4392 4393 4394 4395 4396 4397 4399 4400 4401 4402 4403 4404 4405 4406
4391 4392 4393 4394 4395 4396 4397 4398 4400 4401 4402 4403 4404 4405 4406 4407
4392 4393 4394 4395 4396 4397 4398 4399 4401 4402 4403 4404 4405 4406 4407 4408
4393 4394 4395 4396 4397 4398 4399 4400 4402 4403 4404 4405 4406 4407 4408 4409
4394 4395 4396 4397 4398 4399 4400 4401 4403 4404 4405 4406 4407 4408 4409 4410
4395 4396 4397 4398 4399 4400 4401 4402 4404 4405 4406 4407 4408 4409 4410 4411
4396 4397 4398 4399 4400 4401 4402 4403 4405 4406 4407 4408 4409 4410 4411 4412
4397 4398 4399 4400 4401 4402 4403 4404 4406 4407 4408 4409 4410 4411 4412 4413
4398 4399 4400 4401 4402 4403 4404 4405 4407 4408 4409 4410 4411 4412 4413 4414
4399 4400 4401 4402 4403 4404 4405 4406 4408 4409 4410 4411 4412 4413 4414 4415
4400 4401 4402 4403 4404 4405 4406 4407 4409 4410 4411 4412 4413 4414 4415 4416
4401 4402 4403 4404 4405 4406 4407 4408 4410 4411 4412 4413 4414 4415 4416 4417
4402 4403 4404 4405 4406 4407 4408 4409 4411 4412 4413 4414 4415 4416 4417 4418
4403 4404 4405 4406 4407 4408 4409 4410 4412 4413 4414 4415 4416 4417 4418 4419
4404 4405 4406 4407 4408 4409 4410 4411 4413 4414 4415 4416 4417 4418 4419 4420
4405 4406 4407 4408 4409 4410 4411 4412 4414 4415 4416 4417 4418 4419 4420 4421
4406 4407 4408 4409 4410 4411 4412 4413 4415 4416 4417 4418 4419 4420 4421 4422
4407 4408 4409 4410 4411 4412 4413 4414 4416 4417 4418 4419 4420 4421 4422 4423
4408 4409 4410 4411 4412 4413 4414 4415 4417 4418 4419 4420 4421 4422 4423 4424
4409 4410 4411 4412 4413 4414 4415 4416 4418 4419 4420 4421 4422 4423 4424 4425
4410 4411 4412 4413 4414 4415 4416 4417 4419 4420 4421 4422 4423 4424 4425 4426
4411 4412 4413 4414 4415 4416 4417 4418 4420 4421 4422 4423 4424 4425 4426 4427
4412 4413 4414 4415 4416 4417 4418 4419 4421 4422 4423 4424 4425 4426 4427 4428
4413 4414 4415 4416 4417 4418 4419 4420 4422 4423 4424 4425 4426 4427 4428 4429
4414 4415 4416 4417 4418 4419 4420 4421 4423 4424 4425 4426 4427 4428 4429 4430
4415 4416 4417 4418 4419 4420 4421 4422 4424 4425 4426 4427 4428 4429 4430 4431
4416 4417 4418 4419 4420 4421 4422 4423 4425 4426 4427 4428 4429 4430 4431 4432
4417 4418 4419 4420 4421 4422 4423 4424 4426 4427 4428 4429 4430 4431 4432 4433
4418 4419 4420 4421 4422 4423 4424 4425 4427 4428 4429 4430 4431 4432 4433 4434
4419 4420 4421 4422 4423 4424 4425 4426 4428 4429 4430 4431 4432 4433 4434 4435
4420 4421 4422 4423 4424 4425 4426 4427 4429 4430 4431 4432 4433 4434 4435 4436
4421 4422 4423 4424 4425 4426 4427 4428 4430 4431 4432 4433 4434 4435 4436 4437
4422 4423 4424 4425 4426 4427 4428 4429 4431 4432 4433 4434 4435 4436 4437 4438
4423 4424 4425 4426 4427 4428 4429 4430 4432 4433 4434 4435 4436 4437 4438 4439
4424 4425 4426 4427 4428 4429 4430 4431 4433 4434 4435 4436 4437 4438 4439 4440
4425 4426 4427 4428 4429 4430 4431 4432 4434 4435 4436 4437 4438 4439 4440 4441
4426 4427 4428 4429 4430 4431 4432 4433 4435 4436 4437 4438 4439 4440 4441 4442
4427 4428 4429 4430 4431 4432 4433 4434 4436 4437 4438 4439 4440 4441 4442 4443
4428 4429 4430 4431 4432 4433 4434 4435 4437 4438 4439 4440 4441 4442 4443 4444
4429 4430 4431 4432 4433 4434 4435 4436 4438 4439 4440 4441 4442 4443 4444 4445
4430 4431 4432 4433 4434 4435 4436 4437 4439 4440 4441 4442 4443 4444 4445 4446
4431 4432 4433 4434 4435 4436 4437 4438 4440 4441 4442 4443 4444 4445 4446 4447
4432 4433 4434 4435 4436 4437 4438 4439 4441 4442 4443 4444 4445 4446 4447 4448
4433 4434 4435 4436 4437 4438 4439 4440 4442 4443 4444 4445 4446 4447 4448 4449
4434 4435 4436 4437 4438 4439 4440 4441 4443 4444 4445 4446 4447 4448 4449 4450
4435 4436 4437 4438 4439 4440 4441 4442 4444 4445 4446 4447 4448 4449 4450 4451
4436 4437 4438 4439 4440 4441 4442 4443 4445 4446 4447 4448 4449 4450 4451 4452
4437 4438 4439 4440 4441 4442 4443 4444 4446 4447 4448 4449 4450 4451 4452 4453
4438 4439 4440 4441 4442 4443 4444 4445 4447 4448 4449 4450 4451 4452 4453 4454
4439 4440 4441 4442 4443 4444 4445 4446 4448 4449 4450 4451 4452 4453 4454 4455
4440 4441 4442 4443 4444 4445 4446 4447 4449 4450 4451 4452 4453 4454 4455 4456
4441 4442 4443 4444 4445 4446 4447 4448 4450 4451 4452 4453 4454 4455 4456 4457
4442 4443 4444 4445 4446 4447 4448 4449 4451 4452 4453 4454 4455 4456 4457 4458
4443 4444 4445 4446 4447 4448 4449 4450 4452 4453 4454 4455 4456 4457 4458 4459
4444 4445 4446 4447 4448 4449 4450 4451 4453 4454 4455 4456 4457 4458 4459 4460
4445 4446 4447 4448 4449 4450 4451 4452 4454 4455 4456 4457 4458 4459 4460 4461
4446 4447 4448 4449 4450 4451 4452 4453 4455 4456 4457 4458 4459 4460 4461 4462
4447 4448 4449 4450 4451 4452 4453 4454 4456 4457 4458 4459 4460 4461 4462 4463
4448 4449 4450 4451 4452 4453 4454 4455 4457 4458 4459 4460 4461 4462 4463 4464
4449 4450 4451 4452 4453 4454 4455 4456 4458 4459 4460 4461 4462 4463 4464 4465
4450 4451 4452 4453 4454 4455 4456 4457 4459 4460 4461 4462 4463 4464 4465 4466
4451 4452 4453 4454 4455 4456 4457 4458 4460 4461 4462 4463 4464 4465 4466 4467
4452 4453 4454 4455 4456 4457 4458 4459 4461 4462 4463 4464 4465 4466 4467 4468
4453 4454 4455 4456 4457 4458 4459 4460 4462 4463 4464 4465 4466 4467 4468 4469
4454 4455 4456 4457 4458 4459 4460 4461 4463 4464 4465 4466 4467 4468 4469 4470
4455 4456 4457 4458 4459 4460 4461 4462 4464 4465 4466 4467 4468 4469 4470 4471
4456 4457 4458 4459 4460 4461 4462 4463 4465 4466 4467 4468 4469 4470 4471 4472
4457 4458 4459 4460 4461 4462 4463 4464 4466 4467 4468 4469 4470 4471 4472 4473
4458 4459 4460 4461 4462 4463 4464 4465 4467 4468 4469 4470 4471 4472 4473 4474
4459 4460 4461 4462 4463 4464 4465 4466 4468 4469 4470 4471 4472 4473 4474 4475
4460 4461 4462 4463 4464 4465 4466 4467 4469 4470 4471 4472 4473 4474 4475 4476
4461 4462 4463 4464 4465 4466 4467 4468 4470 4471 4472 4473 4474 4475 4476 4477
4462 4463 4464 4465 4466 4467 4468 4469 4471 4472 4473 4474 4475 4476 4477 4478
4463 4464 4465 4466 4467 4468 4469 4470 4472 4473 4474 4475 4476 4477 4478 4479
4464 4465 4466 4467 4468 4469 4470 4471 4473 4474 4475 4476 4477 4478 4479 4480
4465 4466 4467 4468 4469 4470 4471 4472 4474 4475 4476 4477 4478 4479 4480 4481
4466 4467 4468 4469 4470 4471 4472 4473 4475 4476 4477 4478 4479 4480 4481 4482
4467 4468 4469 4470 4471 4472 4473 4474 4476 4477 4478 4479 4480 4481 4482 4483
4468 4469 4470 4471 4472 4473 4474 4475 4477 4478 4479 4480 4481 4482 4483 4484
4469 4470 4471 4472 4473 4474 4475 4476 4478 4479 4480 4481 4482 4483 4484 4485
4470 4471 4472 4473 4474 4475 4476 4477 4479 4480 4481 4482 4483 4484 4485 4486
4471 4472 4473 4474 4475 4476 4477 4478 4480 4481 4482 4483 4484 4485 4486 4487
4472 4473 4474 4475 4476 4477 4478 4479 4481 4482 4483 4484 4485 4486 4487 4488
4473 4474 4475 4476 4477 4478 4479 4480 4482 4483 4484 4485 4486 4487 4488 4489
4474 4475 4476 4477 4478 4479 4480 4481 4483 4484 4485 4486 4487 4488 4489 4490
4475 4476 4477 4478 4479 4480 4481 4482 4484 4485 4486 4487 4488 4489 4490 4491
4476 4477 4478 4479 4480 4481 4482 4483 4485 4486 4487 4488 4489 4490 4491 4492
4477 4478 4479 4480 4481 4482 4483 4484 4486 4487 4488 4489 4490 4491 4492 4493
4478 4479 4480 4481 4482 4483 4484 4485 4487 4488 4489 4490 4491 4492 4493 4494
4479 4480 4481 4482 4483 4484 4485 4486 4488 4489 4490 4491 4492 4493 4494 4495
4480 4481 4482 4483 4484 4485 4486 4487 4489 4490 4491 4492 4493 4494 4495 4496
4481 4482 4483 4484 4485 4486 4487 4488 4490 4491 4492 4493 4494 4495 4496 4497
4482 4483 4484 4485 4486 4487 4488 4489 4491 4492 4493 4494 4495 4496 4497 4498
4483 4484 4485 4486 4487 4488 4489 4490 4492 4493 4494 4495 4496 4497 4498 4499
4484 4485 4486 4487 4488 4489 4490 4491 4493 4494 4495 4496 4497 4498 4499 4500
4485 4486 4487 4488 4489 4490 4491 4492 4494 4495 4496 4497 4498 4499 4500 4501
4486 4487 4488 4489 4490 4491 4492 4493 4495 4496 4497 4498 4499 4500 4501 4502
4487 4488 4489 4490 4491 4492 4493 4494 4496 4497 4498 4499 4500 4501 4502 4503
4488 4489 4490 4491 4492 4493 4494 4495 4497 4498 4499 4500 4501 4502 4503 4504
4489 4490 4491 4492 4493 4494 4495 4496 4498 4499 4500 4501 4502 4503 4504 4505
4490 4491 4492 4493 4494 4495 4496 4497 4499 4500 4501 4502 4503 4504 4505 4506
4491 4492 4493 4494 4495 4496 4497 4498 4500 4501 4502 4503 4504 4505 4506 4507
4492 4493 4494 4495 4496 4497 4498 4499 4501 4502 4503 4504 4505 4506 4507 4508
4493 4494 4495 4496 4497 4498 4499 4500 4502 4503 4504 4505 4506 4507 4508 4509
4494 4495 4496 4497 4498 4499 4500 4501 4503 4504 4505 4506 4507 4508 4509 4510
4495 4496 4497 4498 4499 4500 4501 4502 4504 4505 4506 4507 4508 4509 4510 4511
4496 4497 4498 4499 4500 4501 4502 4503 4505 4506 4507 4508 4509 4510 4511 4512
4497 4498 4499 4500 4501 4502 4503 4504 4506 4507 4508 4509 4510 4511 4512 4513
4498 4499 4500 4501 4502 4503 4504 4505 4507 4508 4509 4510 4511 4512 4513 4514
4499 4500 4501 4502 4503 4504 4505 4506 4508 4509 4510 4511 4512 4513 4514 4515
4500 4501 4502 4503 4504 4505 4506 4507 4509 4510 4511 4512 4513 4514 4515 4516
4501 4502 4503 4504 4505 4506 4507 4508 4510 4511 4512 4513 4514 4515 4516 4517
4502 4503 4504 4505 4506 4507 4508 4509 4511 4512 4513 4514 4515 4516 4517 4518
4503 4504 4505 4506 4507 4508 4509 4510 4512 4513 4514 4515 4516 4517 4518 4519
4504 4505 4506 4507 4508 4509 4510 4511 4513 4514 4515 4516 4517 4518 4519 4520
4505 4506 4507 4508 4509 4510 4511 4512 4514 4515 4516 4517 4518 4519 4520 4521
4506 4507 4508 4509 4510 4511 4512 4513 4515 4516 4517 4518 4519 4520 4521 4522
4507 4508 4509 4510 4511 4512 4513 4514 4516 4517 4518 4519 4520 4521 4522 4523
4508 4509 4510 4511 4512 4513 4514 4515 4517 4518 4519 4520 4521 4522 4523 4524
4509 4510 4511 4512 4513 4514 4515 4516 4518 4519 4520 4521 4522 4523 4524 4525
4510 4511 4512 4513 4514 4515 4516 4517 4519 4520 4521 4522 4523 4524 4525 4526
4511 4512 4513 4514 4515 4516 4517 4518 4520 4521 4522 4523 4524 4525 4526 4527
4512 4513 4514 4515 4516 4517 4518 4519 4521 4522 4523 4524 4525 4526 4527 4528
4513 4514 4515 4516 4517 4518 4519 4520 4522 4523 4524 4525 4526 4527 4528 4529
4514 4515 4516 4517 4518 4519 4520 4521 4523 4524 4525 4526 4527 4528 4529 4530
4515 4516 4517 4518 4519 4520 4521 4522 4524 4525 4526 4527 4528 4529 4530 4531
4516 4517 4518 4519 4520 4521 4522 4523 4525 4526 4527 4528 4529 4530 4531 4532
4517 4518 4519 4520 4521 4522 4523 4524 4526 4527 4528 4529 4530 4531 4532 4533
4518 4519 4520 4521 4522 4523 4524 4525 4527 4528 4529 4530 4531 4532 4533 4534
4519 4520 4521 4522 4523 4524 4525 4526 4528 4529 4530 4531 4532 4533 4534 4535
4520 4521 4522 4523 4524 4525 4526 4527 4529 4530 4531 4532 4533 4534 4535 4536
4521 4522 4523 4524 4525 4526 4527 4528 4530 4531 4532 4533 4534 4535 4536 4537
4522 4523 4524 4525 4526 4527 4528 4529 4531 4532 4533 4534 4535 4536 4537 4538
4523 4524 4525 4526 4527 4528 4529 4530 4532 4533 4534 4535 4536 4537 4538 4539
4524 4525 4526 4527 4528 4529 4530 4531 4533 4534 4535 4536 4537 4538 4539 4540
4525 4526 4527 4528 4529 4530 4531 4532 4534 4535 4536 4537 4538 4539 4540 4541
4526 4527 4528 4529 4530 4531 4532 4533 4535 4536 4537 4538 4539 4540 4541 4542
4527 4528 4529 4530 4531 4532 4533 4534 4536 4537 4538 4539 4540 4541 4542 4543
4528 4529 4530 4531 4532 4533 4534 4535 4537 4538 4539 4540 4541 4542 4543 4544
4529 4530 4531 4532 4533 4534 4535 4536 4538 4539 4540 4541 4542 4543 4544 4545
4530 4531 4532 4533 4534 4535 4536 4537 4539 4540 4541 4542 4543 4544 4545 4546
4531 4532 4533 4534 4535 4536 4537 4538 4540 4541 4542 4543 4544 4545 4546 4547
4532 4533 4534 4535 4536 4537 4538 4539 4541 4542 4543 4544 4545 4546 4547 4548
4533 4534 4535 4536 4537 4538 4539 4540 4542 4543 4544 4545 4546 4547 4548 4549
4534 4535 4536 4537 4538 4539 4540 4541 4543 4544 4545 4546 4547 4548 4549 4550
4535 4536 4537 4538 4539 4540 4541 4542 4544 4545 4546 4547 4548 4549 4550 4551
4536 4537 4538 4539 4540 4541 4542 4543 4545 4546 4547 4548 4549 4550 4551 4552
4537 4538 4539 4540 4541 4542 4543 4544 4546 4547 4548 4549 4550 4551 4552 4553
4538 4539 4540 4541 4542 4543 4544 4545 4547 4548 4549 4550 4551 4552 4553 4554
4539 4540 4541 4542 4543 4544 4545 4546 4548 4549 4550 4551 4552 4553 4554 4555
4540 4541 4542 4543 4544 4545 4546 4547 4549 4550 4551 4552 4553 4554 4555 4556
4541 4542 4543 4544 4545 4546 4547 4548 4550 4551 4552 4553 4554 4555 4556 4557
4542 4543 4544 4545 4546 4547 4548 4549 4551 4552 4553 4554 4555 4556 4557 4558
4543 4544 4545 4546 4547 4548 4549 4550 4552 4553 4554 4555 4556 4557 4558 4559
4544 4545 4546 4547 4548 4549 4550 4551 4553 4554 4555 4556 4557 4558 4559 4560
4545 4546 4547 4548 4549 4550 4551 4552 4554 4555 4556 4557 4558 4559 4560 4561
4546 4547 4548 4549 4550 4551 4552 4553 4555 4556 4557 4558 4559 4560 4561 4562
4547 4548 4549 4550 4551 4552 4553 4554 4556 4557 4558 4559 4560 4561 4562 4563
4548 4549 4550 4551 4552 4553 4554 4555 4557 4558 4559 4560 4561 4562 4563 4564
4549 4550 4551 4552 4553 4554 4555 4556 4558 4559 4560 4561 4562 4563 4564 4565
4550 4551 4552 4553 4554 4555 4556 4557 4559 4560 4561 4562 4563 4564 4565 4566
4551 4552 4553 4554 4555 4556 4557 4558 4560 4561 4562 4563 4564 4565 4566 4567
4552 4553 4554 4555 4556 4557 4558 4559 4561 4562 4563 4564 4565 4566 4567 4568
4553 4554 4555 4556 4557 4558 4559 4560 4562 4563 4564 4565 4566 4567 4568 4569
4554 4555 4556 4557 4558 4559 4560 4561 4563 4564 4565 4566 4567 4568 4569 4570
4555 4556 4557 4558 4559 4560 4561 4562 4564 4565 4566 4567 4568 4569 4570 4571
4556 4557 4558 4559 4560 4561 4562 4563 4565 4566 4567 4568 4569 4570 4571 4572
4557 4558 4559 4560 4561 4562 4563 4564 4566 4567 4568 4569 4570 4571 4572 4573
4558 4559 4560 4561 4562 4563 4564 4565 4567 4568 4569 4570 4571 4572 4573 4574
4559 4560 4561 4562 4563 4564 4565 4566 4568 4569 4570 4571 4572 4573 4574 4575
4560 4561 4562 4563 4564 4565 4566 4567 4569 4570 4571 4572 4573 4574 4575 4576
4561 4562 4563 4564 4565 4566 4567 4568 4570 4571 4572 4573 4574 4575 4576 4577
4562 4563 4564 4565 4566 4567 4568 4569 4571 4572 4573 4574 4575 4576 4577 4578
4563 4564 4565 4566 4567 4568 4569 4570 4572 4573 4574 4575 4576 4577 4578 4579
4564 4565 4566 4567 4568 4569 4570 4571 4573 4574 4575 4576 4577 4578 4579 4580
4565 4566 4567 4568 4569 4570 4571 4572 4574 4575 4576 4577 4578 4579 4580 4581
4566 4567 4568 4569 4570 4571 4572 4573 4575 4576 4577 4578 4579 4580 4581 4582
4567 4568 4569 4570 4571 4572 4573 4574 4576 4577 4578 4579 4580 4581 4582 4583
4568 4569 4570 4571 4572 4573 4574 4575 4577 4578 4579 4580 4581 4582 4583 4584
4569 4570 4571 4572 4573 4574 4575 4576 4578 4579 4580 4581 4582 4583 4584 4585
4570 4571 4572 4573 4574 4575 4576 4577 4579 4580 4581 4582 4583 4584 4585 4586
4571 4572 4573 4574 4575 4576 4577 4578 4580 4581 4582 4583 4584 4585 4586 4587
4572 4573 4574 4575 4576 4577 4578 4579 4581 4582 4583 4584 4585 4586 4587 4588
4573 4574 4575 4576 4577 4578 4579 4580 4582 4583 4584 4585 4586 4587 4588 4589
4574 4575 4576 4577 4578 4579 4580 4581 4583 4584 4585 4586 4587 4588 4589 4590
4575 4576 4577 4578 4579 4580 4581 4582 4584 4585 4586 4587 4588 4589 4590 4591
4576 4577 4578 4579 4580 4581 4582 4583 4585 4586 4587 4588 4589 4590 4591 4592
4577 4578 4579 4580 4581 4582 4583 4584 4586 4587 4588 4589 4590 4591 4592 4593
4578 4579 4580 4581 4582 4583 4584 4585 4587 4588 4589 4590 4591 4592 4593 4594
4579 4580 4581 4582 4583 4584 4585 4586 4588 4589 4590 4591 4592 4593 4594 4595
4580 4581 4582 4583 4584 4585 4586 4587 4589 4590 4591 4592 4593 4594 4595 4596
4581 4582 4583 4584 4585 4586 4587 4588 4590 4591 4592 4593 4594 4595 4596 4597
4582 4583 4584 4585 4586 4587 4588 4589 4591 4592 4593 4594 4595 4596 4597 4598
4583 4584 4585 4586 4587 4588 4589 4590 4592 4593 4594 4595 4596 4597 4598 4599
4584 4585 4586 4587 4588 4589 4590 4591 4593 4594 4595 4596 4597 4598 4599 4600
4585 4586 4587 4588 4589 4590 4591 4592 4594 4595 4596 4597 4598 4599 4600 4601
4586 4587 4588 4589 4590 4591 4592 4593 4595 4596 4597 4598 4599 4600 4601 4602
4587 4588 4589 4590 4591 4592 4593 4594 4596 4597 4598 4599 4600 4601 4602 4603
4588 4589 4590 4591 4592 4593 4594 4595 4597 4598 4599 4600 4601 4602 4603 4604
4589 4590 4591 4592 4593 4594 4595 4596 4598 4599 4600 4601 4602 4603 4604 4605
4590 4591 4592 4593 4594 4595 4596 4597 4599 4600 4601 4602 4603 4604 4605 4606
4591 4592 4593 4594 4595 4596 4597 4598 4600 4601 4602 4603 4604 4605 4606 4607
4592 4593 4594 4595 4596 4597 4598 4599 4601 4602 4603 4604 4605 4606 4607 4608
4593 4594 4595 4596 4597 4598 4599 4600 4602 4603 4604 4605 4606 4607 4608 4609
4594 4595 4596 4597 4598 4599 4600 4601 4603 4604 4605 4606 4607 4608 4609 4610
4595 4596 4597 4598 4599 4600 4601 4602 4604 4605 4606 4607 4608 4609 4610 4611
4596 4597 4598 4599 4600 4601 4602 4603 4605 4606 4607 4608 4609 4610 4611 4612
4597 4598 4599 4600 4601 4602 4603 4604 4606 4607 4608 4609 4610 4611 4612 4613
4598 4599 4600 4601 4602 4603 4604 4605 4607 4608 4609 4610 4611 4612 4613 4614
4599 4600 4601 4602 4603 4604 4605 4606 4608 4609 4610 4611 4612 4613 4614 4615
4600 4601 4602 4603 4604 4605 4606 4607 4609 4610 4611 4612 4613 4614 4615 4616
4601 4602 4603 4604 4605 4606 4607 4608 4610 4611 4612 4613 4614 4615 4616 4617
4602 4603 4604 4605 4606 4607 4608 4609 4611 4612 4613 4614 4615 4616 4617 4618
4603 4604 4605 4606 4607 4608 4609 4610 4612 4613 4614 4615 4616 4617 4618 4619
4604 4605 4606 4607 4608 4609 4610 4611 4613 4614 4615 4616 4617 4618 4619 4620
4605 4606 4607 4608 4609 4610 4611 4612 4614 4615 4616 4617 4618 4619 4620 4621
4606 4607 4608 4609 4610 4611 4612 4613 4615 4616 4617 4618 4619 4620 4621 4622
4607 4608 4609 4610 4611 4612 4613 4614 4616 4617 4618 4619 4620 4621 4622 4623
4608 4609 4610 4611 4612 4613 4614 4615 4617 4618 4619 4620 4621 4622 4623 4624
4609 4610 4611 4612 4613 4614 4615 4616 4618 4619 4620 4621 4622 4623 4624 4625
4610 4611 4612 4613 4614 4615 4616 4617 4619 4620 4621 4622 4623 4624 4625 4626
4611 4612 4613 4614 4615 4616 4617 4618 4620 4621 4622 4623 4624 4625 4626 4627
4612 4613 4614 4615 4616 4617 4618 4619 4621 4622 4623 4624 4625 4626 4627 4628
4613 4614 4615 4616 4617 4618 4619 4620 4622 4623 4624 4625 4626 4627 4628 4629
4614 4615 4616 4617 4618 4619 4620 4621 4623 4624 4625 4626 4627 4628 4629 4630
4615 4616 4617 4618 4619 4620 4621 4622 4624 4625 4626 4627 4628 4629 4630 4631
4616 4617 4618 4619 4620 4621 4622 4623 4625 4626 4627 4628 4629 4630 4631 4632
4617 4618 4619 4620 4621 4622 4623 4624 4626 4627 4628 4629 4630 4631 4632 4633
4618 4619 4620 4621 4622 4623 4624 4625 4627 4628 4629 4630 4631 4632 4633 4634
4619 4620 4621 4622 4623 4624 4625 4626 4628 4629 4630 4631 4632 4633 4634 4635
4620 4621 4622 4623 4624 4625 4626 4627 4629 4630 4631 4632 4633 4634 4635 4636
4621 4622 4623 4624 4625 4626 4627 4628 4630 4631 4632 4633 4634 4635 4636 4637
4622 4623 4624 4625 4626 4627 4628 4629 4631 4632 4633 4634 4635 4636 4637 4638
4623 4624 4625 4626 4627 4628 4629 4630 4632 4633 4634 4635 4636 4637 4638 4639
4624 4625 4626 4627 4628 4629 4630 4631 4633 4634 4635 4636 4637 4638 4639 4640
4625 4626 4627 4628 4629 4630 4631 4632 4634 4635 4636 4637 4638 4639 4640 4641
4626 4627 4628 4629 4630 4631 4632 4633 4635 4636 4637 4638 4639 4640 4641 4642
4627 4628 4629 4630 4631 4632 4633 4634 4636 4637 4638 4639 4640 4641 4642 4643
4628 4629 4630 4631 4632 4633 4634 4635 4637 4638 4639 4640 4641 4642 4643 4644
4629 4630 4631 4632 4633 4634 4635 4636 4638 4639 4640 4641 4642 4643 4644 4645
4630 4631 4632 4633 4634 4635 4636 4637 4639 4640 4641 4642 4643 4644 4645 4646
4631 4632 4633 4634 4635 4636 4637 4638 4640 4641 4642 4643 4644 4645 4646 4647
4632 4633 4634 4635 4636 4637 4638 4639 4641 4642 4643 4644 4645 4646 4647 4648
4633 4634 4635 4636 4637 4638 4639 4640 4642 4643 4644 4645 4646 4647 4648 4649
4634 4635 4636 4637 4638 4639 4640 4641 4643 4644 4645 4646 4647 4648 4649 4650
4635 4636 4637 4638 4639 4640 4641 4642 4644 4645 4646 4647 4648 4649 4650 4651
4636 4637 4638 4639 4640 4641 4642 4643 4645 4646 4647 4648 4649 4650 4651 4652
4637 4638 4639 4640 4641 4642 4643 4644 4646 4647 4648 4649 4650 4651 4652 4653
4638 4639 4640 4641 4642 4643 4644 4645 4647 4648 4649 4650 4651 4652 4653 4654
4639 4640 4641 4642 4643 4644 4645 4646 4648 4649 4650 4651 4652 4653 4654 4655
4640 4641 4642 4643 4644 4645 4646 4647 4649 4650 4651 4652 4653 4654 4655 4656
4641 4642 4643 4644 4645 4646 4647 4648 4650 4651 4652 4653 4654 4655 4656 4657
4642 4643 4644 4645 4646 4647 4648 4649 4651 4652 4653 4654 4655 4656 4657 4658
4643 4644 4645 4646 4647 4648 4649 4650 4652 4653 4654 4655 4656 4657 4658 4659
4644 4645 4646 4647 4648 4649 4650 4651 4653 4654 4655 4656 4657 4658 4659 4660
4645 4646 4647 4648 4649 4650 4651 4652 4654 4655 4656 4657 4658 4659 4660 4661
4646 4647 4648 4649 4650 4651 4652 4653 4655 4656 4657 4658 4659 4660 4661 4662
4647 4648 4649 4650 4651 4652 4653 4654 4656 4657 4658 4659 4660 4661 4662 4663
4648 4649 4650 4651 4652 4653 4654 4655 4657 4658 4659 4660 4661 4662 4663 4664
4649 4650 4651 4652 4653 4654 4655 4656 4658 4659 4660 4661 4662 4663 4664 4665
4650 4651 4652 4653 4654 4655 4656 4657 4659 4660 4661 4662 4663 4664 4665 4666
4651 4652 4653 4654 4655 4656 4657 4658 4660 4661 4662 4663 4664 4665 4666 4667
4652 4653 4654 4655 4656 4657 4658 4659 4661 4662 4663 4664 4665 4666 4667 4668
4653 4654 4655 4656 4657 4658 4659 4660 4662 4663 4664 4665 4666 4667 4668 4669
4654 4655 4656 4657 4658 4659 4660 4661 4663 4664 4665 4666 4667 4668 4669 4670
4655 4656 4657 4658 4659 4660 4661 4662 4664 4665 4666 4667 4668 4669 4670 4671
4656 4657 4658 4659 4660 4661 4662 4663 4665 4666 4667 4668 4669 4670 4671 4672
4657 4658 4659 4660 4661 4662 4663 4664 4666 4667 4668 4669 4670 4671 4672 4673
4658 4659 4660 4661 4662 4663 4664 4665 4667 4668 4669 4670 4671 4672 4673 4674
4659 4660 4661 4662 4663 4664 4665 4666 4668 4669 4670 4671 4672 4673 4674 4675
4660 4661 4662 4663 4664 4665 4666 4667 4669 4670 4671 4672 4673 4674 4675 4676
4661 4662 4663 4664 4665 4666 4667 4668 4670 4671 4672 4673 4674 4675 4676 4677
4662 4663 4664 4665 4666 4667 4668 4669 4671 4672 4673 4674 4675 4676 4677 4678
4663 4664 4665 4666 4667 4668 4669 4670 4672 4673 4674 4675 4676 4677 4678 4679
4664 4665 4666 4667 4668 4669 4670 4671 4673 4674 4675 4676 4677 4678 4679 4680
4665 4666 4667 4668 4669 4670 4671 4672 4674 4675 4676 4677 4678 4679 4680 4681
4666 4667 4668 4669 4670 4671 4672 4673 4675 4676 4677 4678 4679 4680 4681 4682
4667 4668 4669 4670 4671 4672 4673 4674 4676 4677 4678 4679 4680 4681 4682 4683
4668 4669 4670 4671 4672 4673 4674 4675 4677 4678 4679 4680 4681 4682 4683 4684
4669 4670 4671 4672 4673 4674 4675 4676 4678 4679 4680 4681 4682 4683 4684 4685
4670 4671 4672 4673 4674 4675 4676 4677 4679 4680 4681 4682 4683 4684 4685 4686
4671 4672 4673 4674 4675 4676 4677 4678 4680 4681 4682 4683 4684 4685 4686 4687
4672 4673 4674 4675 4676 4677 4678 4679 4681 4682 4683 4684 4685 4686 4687 4688
4673 4674 4675 4676 4677 4678 4679 4680 4682 4683 4684 4685 4686 4687 4688 4689
4674 4675 4676 4677 4678 4679 4680 4681 4683 4684 4685 4686 4687 4688 4689 4690
4675 4676 4677 4678 4679 4680 4681 4682 4684 4685 4686 4687 4688 4689 4690 4691
4676 4677 4678 4679 4680 4681 4682 4683 4685 4686 4687 4688 4689 4690 4691 4692
4677 4678 4679 4680 4681 4682 4683 4684 4686 4687 4688 4689 4690 4691 4692 4693
4678 4679 4680 4681 4682 4683 4684 4685 4687 4688 4689 4690 4691 4692 4693 4694
4679 4680 4681 4682 4683 4684 4685 4686 4688 4689 4690 4691 4692 4693 4694 4695
4680 4681 4682 4683 4684 4685 4686 4687 4689 4690 4691 4692 4693 4694 4695 4696
4681 4682 4683 4684 4685 4686 4687 4688 4690 4691 4692 4693 4694 4695 4696 4697
4682 4683 4684 4685 4686 4687 4688 4689 4691 4692 4693 4694 4695 4696 4697 4698
4683 4684 4685 4686 4687 4688 4689 4690 4692 4693 4694 4695 4696 4697 4698 4699
4684 4685 4686 4687 4688 4689 4690 4691 4693 4694 4695 4696 4697 4698 4699 4700
4685 4686 4687 4688 4689 4690 4691 4692 4694 4695 4696 4697 4698 4699 4700 4701
4686 4687 4688 4689 4690 4691 4692 4693 4695 4696 4697 4698 4699 4700 4701 4702
4687 4688 4689 4690 4691 4692 4693 4694 4696 4697 4698 4699 4700 4701 4702 4703
4688 4689 4690 4691 4692 4693 4694 4695 4697 4698 4699 4700 4701 4702 4703 4704
4689 4690 4691 4692 4693 4694 4695 4696 4698 4699 4700 4701 4702 4703 4704 4705
4690 4691 4692 4693 4694 4695 4696 4697 4699 4700 4701 4702 4703 4704 4705 4706
4691 4692 4693 4694 4695 4696 4697 4698 4700 4701 4702 4703 4704 4705 4706 4707
4692 4693 4694 4695 4696 4697 4698 4699 4701 4702 4703 4704 4705 4706 4707 4708
4693 4694 4695 4696 4697 4698 4699 4700 4702 4703 4704 4705 4706 4707 4708 4709
4694 4695 4696 4697 4698 4699 4700 4701 4703 4704 4705 4706 4707 4708 4709 4710
4695 4696 4697 4698 4699 4700 4701 4702 4704 4705 4706 4707 4708 4709 4710 4711
4696 4697 4698 4699 4700 4701 4702 4703 4705 4706 4707 4708 4709 4710 4711 4712
4697 4698 4699 4700 4701 4702 4703 4704 4706 4707 4708 4709 4710 4711 4712 4713
4698 4699 4700 4701 4702 4703 4704 4705 4707 4708 4709 4710 4711 4712 4713 4714
4699 4700 4701 4702 4703 4704 4705 4706 4708 4709 4710 4711 4712 4713 4714 4715
4700 4701 4702 4703 4704 4705 4706 4707 4709 4710 4711 4712 4713 4714 4715 4716
4701 4702 4703 4704 4705 4706 4707 4708 4710 4711 4712 4713 4714 4715 4716 4717
4702 4703 4704 4705 4706 4707 4708 4709 4711 4712 4713 4714 4715 4716 4717 4718
4703 4704 4705 4706 4707 4708 4709 4710 4712 4713 4714 4715 4716 4717 4718 4719
4704 4705 4706 4707 4708 4709 4710 4711 4713 4714 4715 4716 4717 4718 4719 4720
4705 4706 4707 4708 4709 4710 4711 4712 4714 4715 4716 4717 4718 4719 4720 4721
4706 4707 4708 4709 4710 4711 4712 4713 4715 4716 4717 4718 4719 4720 4721 4722
4707 4708 4709 4710 4711 4712 4713 4714 4716 4717 4718 4719 4720 4721 4722 4723
4708 4709 4710 4711 4712 4713 4714 4715 4717 4718 4719 4720 4721 4722 4723 4724
4709 4710 4711 4712 4713 4714 4715 4716 4718 4719 4720 4721 4722 4723 4724 4725
4710 4711 4712 4713 4714 4715 4716 4717 4719 4720 4721 4722 4723 4724 4725 4726
4711 4712 4713 4714 4715 4716 4717 4718 4720 4721 4722 4723 4724 4725 4726 4727
4712 4713 4714 4715 4716 4717 4718 4719 4721 4722 4723 4724 4725 4726 4727 4728
4713 4714 4715 4716 4717 4718 4719 4720 4722 4723 4724 4725 4726 4727 4728 4729
4714 4715 4716 4717 4718 4719 4720 4721 4723 4724 4725 4726 4727 4728 4729 4730
4715 4716 4717 4718 4719 4720 4721 4722 4724 4725 4726 4727 4728 4729 4730 4731
4716 4717 4718 4719 4720 4721 4722 4723 4725 4726 4727 4728 4729 4730 4731 4732
4717 4718 4719 4720 4721 4722 4723 4724 4726 4727 4728 4729 4730 4731 4732 4733
4718 4719 4720 4721 4722 4723 4724 4725 4727 4728 4729 4730 4731 4732 4733 4734
4719 4720 4721 4722 4723 4724 4725 4726 4728 4729 4730 4731 4732 4733 4734 4735
4720 4721 4722 4723 4724 4725 4726 4727 4729 4730 4731 4732 4733 4734 4735 4736
4721 4722 4723 4724 4725 4726 4727 4728 4730 4731 4732 4733 4734 4735 4736 4737
4722 4723 4724 4725 4726 4727 4728 4729 4731 4732 4733 4734 4735 4736 4737 4738
4723 4724 4725 4726 4727 4728 4729 4730 4732 4733 4734 4735 4736 4737 4738 4739
4724 4725 4726 4727 4728 4729 4730 4731 4733 4734 4735 4736 4737 4738 4739 4740
4725 4726 4727 4728 4729 4730 4731 4732 4734 4735 4736 4737 4738 4739 4740 4741
4726 4727 4728 4729 4730 4731 4732 4733 4735 4736 4737 4738 4739 4740 4741 4742
4727 4728 4729 4730 4731 4732 4733 4734 4736 4737 4738 4739 4740 4741 4742 4743
4728 4729 4730 4731 4732 4733 4734 4735 4737 4738 4739 4740 4741 4742 4743 4744
4729 4730 4731 4732 4733 4734 4735 4736 4738 4739 4740 4741 4742 4743 4744 4745
4730 4731 4732 4733 4734 4735 4736 4737 4739 4740 4741 4742 4743 4744 4745 4746
4731 4732 4733 4734 4735 4736 4737 4738 4740 4741 4742 4743 4744 4745 4746 4747
4732 4733 4734 4735 4736 4737 4738 4739 4741 4742 4743 4744 4745 4746 4747 4748
4733 4734 4735 4736 4737 4738 4739 4740 4742 4743 4744 4745 4746 4747 4748 4749
4734 4735 4736 4737 4738 4739 4740 4741 4743 4744 4745 4746 4747 4748 4749 4750
4735 4736 4737 4738 4739 4740 4741 4742 4744 4745 4746 4747 4748 4749 4750 4751
4736 4737 4738 4739 4740 4741 4742 4743 4745 4746 4747 4748 4749 4750 4751 4752
4737 4738 4739 4740 4741 4742 4743 4744 4746 4747 4748 4749 4750 4751 4752 4753
4738 4739 4740 4741 4742 4743 4744 4745 4747 4748 4749 4750 4751 4752 4753 4754
4739 4740 4741 4742 4743 4744 4745 4746 4748 4749 4750 4751 4752 4753 4754 4755
4740 4741 4742 4743 4744 4745 4746 4747 4749 4750 4751 4752 4753 4754 4755 4756
4741 4742 4743 4744 4745 4746 4747 4748 4750 4751 4752 4753 4754 4755 4756 4757
4742 4743 4744 4745 4746 4747 4748 4749 4751 4752 4753 4754 4755 4756 4757 4758
4743 4744 4745 4746 4747 4748 4749 4750 4752 4753 4754 4755 4756 4757 4758 4759
4744 4745 4746 4747 4748 4749 4750 4751 4753 4754 4755 4756 4757 4758 4759 4760
4745 4746 4747 4748 4749 4750 4751 4752 4754 4755 4756 4757 4758 4759 4760 4761
4746 4747 4748 4749 4750 4751 4752 4753 4755 4756 4757 4758 4759 4760 4761 4762
4747 4748 4749 4750 4751 4752 4753 4754 4756 4757 4758 4759 4760 4761 4762 4763
4748 4749 4750 4751 4752 4753 4754 4755 4757 4758 4759 4760 4761 4762 4763 4764
4749 4750 4751 4752 4753 4754 4755 4756 4758 4759 4760 4761 4762 4763 4764 4765
4750 4751 4752 4753 4754 4755 4756 4757 4759 4760 4761 4762 4763 4764 4765 4766
4751 4752 4753 4754 4755 4756 4757 4758 4760 4761 4762 4763 4764 4765 4766 4767
4752 4753 4754 4755 4756 4757 4758 4759 4761 4762 4763 4764 4765 4766 4767 4768
4753 4754 4755 4756 4757 4758 4759 4760 4762 4763 4764 4765 4766 4767 4768 4769
4754 4755 4756 4757 4758 4759 4760 4761 4763 4764 4765 4766 4767 4768 4769 4770
4755 4756 4757 4758 4759 4760 4761 4762 4764 4765 4766 4767 4768 4769 4770 4771
4756 4757 4758 4759 4760 4761 4762 4763 4765 4766 4767 4768 4769 4770 4771 4772
4757 4758 4759 4760 4761 4762 4763 4764 4766 4767 4768 4769 4770 4771 4772 4773
4758 4759 4760 4761 4762 4763 4764 4765 4767 4768 4769 4770 4771 4772 4773 4774
4759 4760 4761 4762 4763 4764 4765 4766 4768 4769 4770 4771 4772 4773 4774 4775
4760 4761 4762 4763 4764 4765 4766 4767 4769 4770 4771 4772 4773 4774 4775 4776
4761 4762 4763 4764 4765 4766 4767 4768 4770 4771 4772 4773 4774 4775 4776 4777
4762 4763 4764 4765 4766 4767 4768 4769 4771 4772 4773 4774 4775 4776 4777 4778
4763 4764 4765 4766 4767 4768 4769 4770 4772 4773 4774 4775 4776 4777 4778 4779
4764 4765 4766 4767 4768 4769 4770 4771 4773 4774 4775 4776 4777 4778 4779 4780
4765 4766 4767 4768 4769 4770 4771 4772 4774 4775 4776 4777 4778 4779 4780 4781
4766 4767 4768 4769 4770 4771 4772 4773 4775 4776 4777 4778 4779 4780 4781 4782
4767 4768 4769 4770 4771 4772 4773 4774 4776 4777 4778 4779 4780 4781 4782 4783
4768 4769 4770 4771 4772 4773 4774 4775 4777 4778 4779 4780 4781 4782 4783 4784
4769 4770 4771 4772 4773 4774 4775 4776 4778 4779 4780 4781 4782 4783 4784 4785
4770 4771 4772 4773 4774 4775 4776 4777 4779 4780 4781 4782 4783 4784 4785 4786
4771 4772 4773 4774 4775 4776 4777 4778 4780 4781 4782 4783 4784 4785 4786 4787
4772 4773 4774 4775 4776 4777 4778 4779 4781 4782 4783 4784 4785 4786 4787 4788
4773 4774 4775 4776 4777 4778 4779 4780 4782 4783 4784 4785 4786 4787 4788 4789
4774 4775 4776 4777 4778 4779 4780 4781 4783 4784 4785 4786 4787 4788 4789 4790
4775 4776 4777 4778 4779 4780 4781 4782 4784 4785 4786 4787 4788 4789 4790 4791
4776 4777 4778 4779 4780 4781 4782 4783 4785 4786 4787 4788 4789 4790 4791 4792
4777 4778 4779 4780 4781 4782 4783 4784 4786 4787 4788 4789 4790 4791 4792 4793
4778 4779 4780 4781 4782 4783 4784 4785 4787 4788 4789 4790 4791 4792 4793 4794
4779 4780 4781 4782 4783 4784 4785 4786 4788 4789 4790 4791 4792 4793 4794 4795
4780 4781 4782 4783 4784 4785 4786 4787 4789 4790 4791 4792 4793 4794 4795 4796
4781 4782 4783 4784 4785 4786 4787 4788 4790 4791 4792 4793 4794 4795 4796 4797
4782 4783 4784 4785 4786 4787 4788 4789 4791 4792 4793 4794 4795 4796 4797 4798
4783 4784 4785 4786 4787 4788 4789 4790 4792 4793 4794 4795 4796 4797 4798 4799
4784 4785 4786 4787 4788 4789 4790 4791 4793 4794 4795 4796 4797 4798 4799 4800
4785 4786 4787 4788 4789 4790 4791 4792 4794 4795 4796 4797 4798 4799 4800 4801
4786 4787 4788 4789 4790 4791 4792 4793 4795 4796 4797 4798 4799 4800 4801 4802
4787 4788 4789 4790 4791 4792 4793 4794 4796 4797 4798 4799 4800 4801 4802 4803
4788 4789 4790 4791 4792 4793 4794 4795 4797 4798 4799 4800 4801 4802 4803 4804
4789 4790 4791 4792 4793 4794 4795 4796 4798 4799 4800 4801 4802 4803 4804 4805
4790 4791 4792 4793 4794 4795 4796 4797 4799 4800 4801 4802 4803 4804 4805 4806
4791 4792 4793 4794 4795 4796 4797 4798 4800 4801 4802 4803 4804 4805 4806 4807
4792 4793 4794 4795 4796 4797 4798 4799 4801 4802 4803 4804 4805 4806 4807 4808
4793 4794 4795 4796 4797 4798 4799 4800 4802 4803 4804 4805 4806 4807 4808 4809
4794 4795 4796 4797 4798 4799 4800 4801 4803 4804 4805 4806 4807 4808 4809 4810
4795 4796 4797 4798 4799 4800 4801 4802 4804 4805 4806 4807 4808 4809 4810 4811
4796 4797 4798 4799 4800 4801 4802 4803 4805 4806 4807 4808 4809 4810 4811 4812
4797 4798 4799 4800 4801 4802 4803 4804 4806 4807 4808 4809 4810 4811 4812 4813
4798 4799 4800 4801 4802 4803 4804 4805 4807 4808 4809 4810 4811 4812 4813 4814
4799 4800 4801 4802 4803 4804 4805 4806 4808 4809 4810 4811 4812 4813 4814 4815
4800 4801 4802 4803 4804 4805 4806 4807 4809 4810 4811 4812 4813 4814 4815 4816
4801 4802 4803 4804 4805 4806 4807 4808 4810 4811 4812 4813 4814 4815 4816 4817
4802 4803 4804 4805 4806 4807 4808 4809 4811 4812 4813 4814 4815 4816 4817 4818
4803 4804 4805 4806 4807 4808 4809 4810 4812 4813 4814 4815 4816 4817 4818 4819
4804 4805 4806 4807 4808 4809 4810 4811 4813 4814 4815 4816 4817 4818 4819 4820
4805 4806 4807 4808 4809 4810 4811 4812 4814 4815 4816 4817 4818 4819 4820 4821
4806 4807 4808 4809 4810 4811 4812 4813 4815 4816 4817 4818 4819 4820 4821 4822
4807 4808 4809 4810 4811 4812 4813 4814 4816 4817 4818 4819 4820 4821 4822 4823
4808 4809 4810 4811 4812 4813 4814 4815 4817 4818 4819 4820 4821 4822 4823 4824
4809 4810 4811 4812 4813 4814 4815 4816 4818 4819 4820 4821 4822 4823 4824 4825
4810 4811 4812 4813 4814 4815 4816 4817 4819 4820 4821 4822 4823 4824 4825 4826
4811 4812 4813 4814 4815 4816 4817 4818 4820 4821 4822 4823 4824 4825 4826 4827
4812 4813 4814 4815 4816 4817 4818 4819 4821 4822 4823 4824 4825 4826 4827 4828
4813 4814 4815 4816 4817 4818 4819 4820 4822 4823 4824 4825 4826 4827 4828 4829
4814 4815 4816 4817 4818 4819 4820 4821 4823 4824 4825 4826 4827 4828 4829 4830
4815 4816 4817 4818 4819 4820 4821 4822 4824 4825 4826 4827 4828 4829 4830 4831
4816 4817 4818 4819 4820 4821 4822 4823 4825 4826 4827 4828 4829 4830 4831 4832
4817 4818 4819 4820 4821 4822 4823 4824 4826 4827 4828 4829 4830 4831 4832 4833
4818 4819 4820 4821 4822 4823 4824 4825 4827 4828 4829 4830 4831 4832 4833 4834
4819 4820 4821 4822 4823 4824 4825 4826 4828 4829 4830 4831 4832 4833 4834 4835
4820 4821 4822 4823 4824 4825 4826 4827 4829 4830 4831 4832 4833 4834 4835 4836
4821 4822 4823 4824 4825 4826 4827 4828 4830 4831 4832 4833 4834 4835 4836 4837
4822 4823 4824 4825 4826 4827 4828 4829 4831 4832 4833 4834 4835 4836 4837 4838
4823 4824 4825 4826 4827 4828 4829 4830 4832 4833 4834 4835 4836 4837 4838 4839
4824 4825 4826 4827 4828 4829 4830 4831 4833 4834 4835 4836 4837 4838 4839 4840
4825 4826 4827 4828 4829 4830 4831 4832 4834 4835 4836 4837 4838 4839 4840 4841
4826 4827 4828 4829 4830 4831 4832 4833 4835 4836 4837 4838 4839 4840 4841 4842
4827 4828 4829 4830 4831 4832 4833 4834 4836 4837 4838 4839 4840 4841 4842 4843
4828 4829 4830 4831 4832 4833 4834 4835 4837 4838 4839 4840 4841 4842 4843 4844
4829 4830 4831 4832 4833 4834 4835 4836 4838 4839 4840 4841 4842 4843 4844 4845
4830 4831 4832 4833 4834 4835 4836 4837 4839 4840 4841 4842 4843 4844 4845 4846
4831 4832 4833 4834 4835 4836 4837 4838 4840 4841 4842 4843 4844 4845 4846 4847
4832 4833 4834 4835 4836 4837 4838 4839 4841 4842 4843 4844 4845 4846 4847 4848
4833 4834 4835 4836 4837 4838 4839 4840 4842 4843 4844 4845 4846 4847 4848 4849
4834 4835 4836 4837 4838 4839 4840 4841 4843 4844 4845 4846 4847 4848 4849 4850
4835 4836 4837 4838 4839 4840 4841 4842 4844 4845 4846 4847 4848 4849 4850 4851
4836 4837 4838 4839 4840 4841 4842 4843 4845 4846 4847 4848 4849 4850 4851 4852
4837 4838 4839 4840 4841 4842 4843 4844 4846 4847 4848 4849 4850 4851 4852 4853
4838 4839 4840 4841 4842 4843 4844 4845 4847 4848 4849 4850 4851 4852 4853 4854
4839 4840 4841 4842 4843 4844 4845 4846 4848 4849 4850 4851 4852 4853 4854 4855
4840 4841 4842 4843 4844 4845 4846 4847 4849 4850 4851 4852 4853 4854 4855 4856
4841 4842 4843 4844 4845 4846 4847 4848 4850 4851 4852 4853 4854 4855 4856 4857
4842 4843 4844 4845 4846 4847 4848 4849 4851 4852 4853 4854 4855 4856 4857 4858
4843 4844 4845 4846 4847 4848 4849 4850 4852 4853 4854 4855 4856 4857 4858 4859
4844 4845 4846 4847 4848 4849 4850 4851 4853 4854 4855 4856 4857 4858 4859 4860
4845 4846 4847 4848 4849 4850 4851 4852 4854 4855 4856 4857 4858 4859 4860 4861
4846 4847 4848 4849 4850 4851 4852 4853 4855 4856 4857 4858 4859 4860 4861 4862
4847 4848 4849 4850 4851 4852 4853 4854 4856 4857 4858 4859 4860 4861 4862 4863
4848 4849 4850 4851 4852 4853 4854 4855 4857 4858 4859 4860 4861 4862 4863 4864
4849 4850 4851 4852 4853 4854 4855 4856 4858 4859 4860 4861 4862 4863 4864 4865
4850 4851 4852 4853 4854 4855 4856 4857 4859 4860 4861 4862 4863 4864 4865 4866
4851 4852 4853 4854 4855 4856 4857 4858 4860 4861 4862 4863 4864 4865 4866 4867
4852 4853 4854 4855 4856 4857 4858 4859 4861 4862 4863 4864 4865 4866 4867 4868
4853 4854 4855 4856 4857 4858 4859 4860 4862 4863 4864 4865 4866 4867 4868 4869
4854 4855 4856 4857 4858 4859 4860 4861 4863 4864 4865 4866 4867 4868 4869 4870
4855 4856 4857 4858 4859 4860 4861 4862 4864 4865 4866 4867 4868 4869 4870 4871
4856 4857 4858 4859 4860 4861 4862 4863 4865 4866 4867 4868 4869 4870 4871 4872
4857 4858 4859 4860 4861 4862 4863 4864 4866 4867 4868 4869 4870 4871 4872 4873
4858 4859 4860 4861 4862 4863 4864 4865 4867 4868 4869 4870 4871 4872 4873 4874
4859 4860 4861 4862 4863 4864 4865 4866 4868 4869 4870 4871 4872 4873 4874 4875
4860 4861 4862 4863 4864 4865 4866 4867 4869 4870 4871 4872 4873 4874 4875 4876
4861 4862 4863 4864 4865 4866 4867 4868 4870 4871 4872 4873 4874 4875 4876 4877
4862 4863 4864 4865 4866 4867 4868 4869 4871 4872 4873 4874 4875 4876 4877 4878
4863 4864 4865 4866 4867 4868 4869 4870 4872 4873 4874 4875 4876 4877 4878 4879
4864 4865 4866 4867 4868 4869 4870 4871 4873 4874 4875 4876 4877 4878 4879 4880
4865 4866 4867 4868 4869 4870 4871 4872 4874 4875 4876 4877 4878 4879 4880 4881
4866 4867 4868 4869 4870 4871 4872 4873 4875 4876 4877 4878 4879 4880 4881 4882
4867 4868 4869 4870 4871 4872 4873 4874 4876 4877 4878 4879 4880 4881 4882 4883
4868 4869 4870 4871 4872 4873 4874 4875 4877 4878 4879 4880 4881 4882 4883 4884
4869 4870 4871 4872 4873 4874 4875 4876 4878 4879 4880 4881 4882 4883 4884 4885
4870 4871 4872 4873 4874 4875 4876 4877 4879 4880 4881 4882 4883 4884 4885 4886
4871 4872 4873 4874 4875 4876 4877 4878 4880 4881 4882 4883 4884 4885 4886 4887
4872 4873 4874 4875 4876 4877 4878 4879 4881 4882 4883 4884 4885 4886 4887 4888
4873 4874 4875 4876 4877 4878 4879 4880 4882 4883 4884 4885 4886 4887 4888 4889
4874 4875 4876 4877 4878 4879 4880 4881 4883 4884 4885 4886 4887 4888 4889 4890
4875 4876 4877 4878 4879 4880 4881 4882 4884 4885 4886 4887 4888 4889 4890 4891
4876 4877 4878 4879 4880 4881 4882 4883 4885 4886 4887 4888 4889 4890 4891 4892
4877 4878 4879 4880 4881 4882 4883 4884 4886 4887 4888 4889 4890 4891 4892 4893
4878 4879 4880 4881 4882 4883 4884 4885 4887 4888 4889 4890 4891 4892 4893 4894
4879 4880 4881 4882 4883 4884 4885 4886 4888 4889 4890 4891 4892 4893 4894 4895
4880 4881 4882 4883 4884 4885 4886 4887 4889 4890 4891 4892 4893 4894 4895 4896
4881 4882 4883 4884 4885 4886 4887 4888 4890 4891 4892 4893 4894 4895 4896 4897
4882 4883 4884 4885 4886 4887 4888 4889 4891 4892 4893 4894 4895 4896 4897 4898
4883 4884 4885 4886 4887 4888 4889 4890 4892 4893 4894 4895 4896 4897 4898 4899
4884 4885 4886 4887 4888 4889 4890 4891 4893 4894 4895 4896 4897 4898 4899 4900
4885 4886 4887 4888 4889 4890 4891 4892 4894 4895 4896 4897 4898 4899 4900 4901
4886 4887 4888 4889 4890 4891 4892 4893 4895 4896 4897 4898 4899 4900 4901 4902
4887 4888 4889 4890 4891 4892 4893 4894 4896 4897 4898 4899 4900 4901 4902 4903
4888 4889 4890 4891 4892 4893 4894 4895 4897 4898 4899 4900 4901 4902 4903 4904
4889 4890 4891 4892 4893 4894 4895 4896 4898 4899 4900 4901 4902 4903 4904 4905
4890 4891 4892 4893 4894 4895 4896 4897 4899 4900 4901 4902 4903 4904 4905 4906
4891 4892 4893 4894 4895 4896 4897 4898 4900 4901 4902 4903 4904 4905 4906 4907
4892 4893 4894 4895 4896 4897 4898 4899 4901 4902 4903 4904 4905 4906 4907 4908
4893 4894 4895 4896 4897 4898 4899 4900 4902 4903 4904 4905 4906 4907 4908 4909
4894 4895 4896 4897 4898 4899 4900 4901 4903 4904 4905 4906 4907 4908 4909 4910
4895 4896 4897 4898 4899 4900 4901 4902 4904 4905 4906 4907 4908 4909 4910 4911
4896 4897 4898 4899 4900 4901 4902 4903 4905 4906 4907 4908 4909 4910 4911 4912
4897 4898 4899 4900 4901 4902 4903 4904 4906 4907 4908 4909 4910 4911 4912 4913
4898 4899 4900 4901 4902 4903 4904 4905 4907 4908 4909 4910 4911 4912 4913 4914
4899 4900 4901 4902 4903 4904 4905 4906 4908 4909 4910 4911 4912 4913 4914 4915
4900 4901 4902 4903 4904 4905 4906 4907 4909 4910 4911 4912 4913 4914 4915 4916
4901 4902 4903 4904 4905 4906 4907 4908 4910 4911 4912 4913 4914 4915 4916 4917
4902 4903 4904 4905 4906 4907 4908 4909 4911 4912 4913 4914 4915 4916 4917 4918
4903 4904 4905 4906 4907 4908 4909 4910 4912 4913 4914 4915 4916 4917 4918 4919
4904 4905 4906 4907 4908 4909 4910 4911 4913 4914 4915 4916 4917 4918 4919 4920
4905 4906 4907 4908 4909 4910 4911 4912 4914 4915 4916 4917 4918 4919 4920 4921
4906 4907 4908 4909 4910 4911 4912 4913 4915 4916 4917 4918 4919 4920 4921 4922
4907 4908 4909 4910 4911 4912 4913 4914 4916 4917 4918 4919 4920 4921 4922 4923
4908 4909 4910 4911 4912 4913 4914 4915 4917 4918 4919 4920 4921 4922 4923 4924
4909 4910 4911 4912 4913 4914 4915 4916 4918 4919 4920 4921 4922 4923 4924 4925
4910 4911 4912 4913 4914 4915 4916 4917 4919 4920 4921 4922 4923 4924 4925 4926
4911 4912 4913 4914 4915 4916 4917 4918 4920 4921 4922 4923 4924 4925 4926 4927
4912 4913 4914 4915 4916 4917 4918 4919 4921 4922 4923 4924 4925 4926 4927 4928
4913 4914 4915 4916 4917 4918 4919 4920 4922 4923 4924 4925 4926 4927 4928 4929
4914 4915 4916 4917 4918 4919 4920 4921 4923 4924 4925 4926 4927 4928 4929 4930
4915 4916 4917 4918 4919 4920 4921 4922 4924 4925 4926 4927 4928 4929 4930 4931
4916 4917 4918 4919 4920 4921 4922 4923 4925 4926 4927 4928 4929 4930 4931 4932
4917 4918 4919 4920 4921 4922 4923 4924 4926 4927 4928 4929 4930 4931 4932 4933
4918 4919 4920 4921 4922 4923 4924 4925 4927 4928 4929 4930 4931 4932 4933 4934
4919 4920 4921 4922 4923 4924 4925 4926 4928 4929 4930 4931 4932 4933 4934 4935
4920 4921 4922 4923 4924 4925 4926 4927 4929 4930 4931 4932 4933 4934 4935 4936
4921 4922 4923 4924 4925 4926 4927 4928 4930 4931 4932 4933 4934 4935 4936 4937
4922 4923 4924 4925 4926 4927 4928 4929 4931 4932 4933 4934 4935 4936 4937 4938
4923 4924 4925 4926 4927 4928 4929 4930 4932 4933 4934 4935 4936 4937 4938 4939
4924 4925 4926 4927 4928 4929 4930 4931 4933 4934 4935 4936 4937 4938 4939 4940
4925 4926 4927 4928 4929 4930 4931 4932 4934 4935 4936 4937 4938 4939 4940 4941
4926 4927 4928 4929 4930 4931 4932 4933 4935 4936 4937 4938 4939 4940 4941 4942
4927 4928 4929 4930 4931 4932 4933 4934 4936 4937 4938 4939 4940 4941 4942 4943
4928 4929 4930 4931 4932 4933 4934 4935 4937 4938 4939 4940 4941 4942 4943 4944
4929 4930 4931 4932 4933 4934 4935 4936 4938 4939 4940 4941 4942 4943 4944 4945
4930 4931 4932 4933 4934 4935 4936 4937 4939 4940 4941 4942 4943 4944 4945 4946
4931 4932 4933 4934 4935 4936 4937 4938 4940 4941 4942 4943 4944 4945 4946 4947
4932 4933 4934 4935 4936 4937 4938 4939 4941 4942 4943 4944 4945 4946 4947 4948
4933 4934 4935 4936 4937 4938 4939 4940 4942 4943 4944 4945 4946 4947 4948 4949
4934 4935 4936 4937 4938 4939 4940 4941 4943 4944 4945 4946 4947 4948 4949 4950
4935 4936 4937 4938 4939 4940 4941 4942 4944 4945 4946 4947 4948 4949 4950 4951
4936 4937 4938 4939 4940 4941 4942 4943 4945 4946 4947 4948 4949 4950 4951 4952
4937 4938 4939 4940 4941 4942 4943 4944 4946 4947 4948 4949 4950 4951 4952 4953
4938 4939 4940 4941 4942 4943 4944 4945 4947 4948 4949 4950 4951 4952 4953 4954
4939 4940 4941 4942 4943 4944 4945 4946 4948 4949 4950 4951 4952 4953 4954 4955
4940 4941 4942 4943 4944 4945 4946 4947 4949 4950 4951 4952 4953 4954 4955 4956
4941 4942 4943 4944 4945 4946 4947 4948 4950 4951 4952 4953 4954 4955 4956 4957
4942 4943 4944 4945 4946 4947 4948 4949 4951 4952 4953 4954 4955 4956 4957 4958
4943 4944 4945 4946 4947 4948 4949 4950 4952 4953 4954 4955 4956 4957 4958 4959
4944 4945 4946 4947 4948 4949 4950 4951 4953 4954 4955 4956 4957 4958 4959 4960
4945 4946 4947 4948 4949 4950 4951 4952 4954 4955 4956 4957 4958 4959 4960 4961
4946 4947 4948 4949 4950 4951 4952 4953 4955 4956 4957 4958 4959 4960 4961 4962
4947 4948 4949 4950 4951 4952 4953 4954 4956 4957 4958 4959 4960 4961 4962 4963
4948 4949 4950 4951 4952 4953 4954 4955 4957 4958 4959 4960 4961 4962 4963 4964
4949 4950 4951 4952 4953 4954 4955 4956 4958 4959 4960 4961 4962 4963 4964 4965
4950 4951 4952 4953 4954 4955 4956 4957 4959 4960 4961 4962 4963 4964 4965 4966
4951 4952 4953 4954 4955 4956 4957 4958 4960 4961 4962 4963 4964 4965 4966 4967
4952 4953 4954 4955 4956 4957 4958 4959 4961 4962 4963 4964 4965 4966 4967 4968
4953 4954 4955 4956 4957 4958 4959 4960 4962 4963 4964 4965 4966 4967 4968 4969
4954 4955 4956 4957 4958 4959 4960 4961 4963 4964 4965 4966 4967 4968 4969 4970
4955 4956 4957 4958 4959 4960 4961 4962 4964 4965 4966 4967 4968 4969 4970 4971
4956 4957 4958 4959 4960 4961 4962 4963 4965 4966 4967 4968 4969 4970 4971 4972
4957 4958 4959 4960 4961 4962 4963 4964 4966 4967 4968 4969 4970 4971 4972 4973
4958 4959 4960 4961 4962 4963 4964 4965 4967 4968 4969 4970 4971 4972 4973 4974
4959 4960 4961 4962 4963 4964 4965 4966 4968 4969 4970 4971 4972 4973 4974 4975
4960 4961 4962 4963 4964 4965 4966 4967 4969 4970 4971 4972 4973 4974 4975 4976
4961 4962 4963 4964 4965 4966 4967 4968 4970 4971 4972 4973 4974 4975 4976 4977
4962 4963 4964 4965 4966 4967 4968 4969 4971 4972 4973 4974 4975 4976 4977 4978
4963 4964 4965 4966 4967 4968 4969 4970 4972 4973 4974 4975 4976 4977 4978 4979
4964 4965 4966 4967 4968 4969 4970 4971 4973 4974 4975 4976 4977 4978 4979 4980
4965 4966 4967 4968 4969 4970 4971 4972 4974 4975 4976 4977 4978 4979 4980 4981
4966 4967 4968 4969 4970 4971 4972 4973 4975 4976 4977 4978 4979 4980 4981 4982
4967 4968 4969 4970 4971 4972 4973 4974 4976 4977 4978 4979 4980 4981 4982 4983
4968 4969 4970 4971 4972 4973 4974 4975 4977 4978 4979 4980 4981 4982 4983 4984
4969 4970 4971 4972 4973 4974 4975 4976 4978 4979 4980 4981 4982 4983 4984 4985
4970 4971 4972 4973 4974 4975 4976 4977 4979 4980 4981 4982 4983 4984 4985 4986
4971 4972 4973 4974 4975 4976 4977 4978 4980 4981 4982 4983 4984 4985 4986 4987
4972 4973 4974 4975 4976 4977 4978 4979 4981 4982 4983 4984 4985 4986 4987 4988
4973 4974 4975 4976 4977 4978 4979 4980 4982 4983 4984 4985 4986 4987 4988 4989
4974 4975 4976 4977 4978 4979 4980 4981 4983 4984 4985 4986 4987 4988 4989 4990
4975 4976 4977 4978 4979 4980 4981 4982 4984 4985 4986 4987 4988 4989 4990 4991
4976 4977 4978 4979 4980 4981 4982 4983 4985 4986 4987 4988 4989 4990 4991 4992
4977 4978 4979 4980 4981 4982 4983 4984 4986 4987 4988 4989 4990 4991 4992 4993
4978 4979 4980 4981 4982 4983 4984 4985 4987 4988 4989 4990 4991 4992 4993 4994
4979 4980 4981 4982 4983 4984 4985 4986 4988 4989 4990 4991 4992 4993 4994 4995
4980 4981 4982 4983 4984 4985 4986 4987 4989 4990 4991 4992 4993 4994 4995 4996
4981 4982 4983 4984 4985 4986 4987 4988 4990 4991 4992 4993 4994 4995 4996 4997
4982 4983 4984 4985 4986 4987 4988 4989 4991 4992 4993 4994 4995 4996 4997 4998
4983 4984 4985 4986 4987 4988 4989 4990 4992 4993 4994 4995 4996 4997 4998 4999
4984 4985 4986 4987 4988 4989 4990 4991 4993 4994 4995 4996 4997 4998 4999 5000
4985 4986 4987 4988 4989 4990 4991 4992 4994 4995 4996 4997 4998 4999 5000 5001
4986 4987 4988 4989 4990 4991 4992 4993 4995 4996 4997 4998 4999 5000 5001 5002
4987 4988 4989 4990 4991 4992 4993 4994 4996 4997 4998 4999 5000 5001 5002 5003
4988 4989 4990 4991 4992 4993 4994 4995 4997 4998 4999 5000 5001 5002 5003 5004
4989 4990 4991 4992 4993 4994 4995 4996 4998 4999 5000 5001 5002 5003 5004 5005
4990 4991 4992 4993 4994 4995 4996 4997 4999 5000 5001 5002 5003 5004 5005 5006
4991 4992 4993 4994 4995 4996 4997 4998 5000 5001 5002 5003 5004 5005 5006 5007
4992 4993 4994 4995 4996 4997 4998 4999 5001 5002 5003 5004 5005 5006 5007 5008
4993 4994 4995 4996 4997 4998 4999 5000 5002 5003 5004 5005 5006 5007 5008 5009
4994 4995 4996 4997 4998 4999 5000 5001 5003 5004 5005 5006 5007 5008 5009 5010
4995 4996 4997 4998 4999 5000 5001 5002 5004 5005 5006 5007 5008 5009 5010 5011
4996 4997 4998 4999 5000 5001 5002 5003 5005 5006 5007 5008 5009 5010 5011 5012
4997 4998 4999 5000 5001 5002 5003 5004 5006 5007 5008 5009 5010 5011 5012 5013
4998 4999 5000 5001 5002 5003 5004 5005 5007 5008 5009 5010 5011 5012 5013 5014
4999 5000 5001 5002 5003 5004 5005 5006 5008 5009 5010 5011 5012 5013 5014 5015
5000 5001 5002 5003 5004 5005 5006 5007 5009 5010 5011 5012 5013 5014 5015 5016
5001 5002 5003 5004 5005 5006 5007 5008 5010 5011 5012 5013 5014 5015 5016 5017
5002 5003 5004 5005 5006 5007 5008 5009 5011 5012 5013 5014 5015 5016 5017 5018
5003 5004 5005 5006 5007 5008 5009 5010 5012 5013 5014 5015 5016 5017 5018 5019
5004 5005 5006 5007 5008 5009 5010 5011 5013 5014 5015 5016 5017 5018 5019 5020
5005 5006 5007 5008 5009 5010 5011 5012 5014 5015 5016 5017 5018 5019 5020 5021
5006 5007 5008 5009 5010 5011 5012 5013 5015 5016 5017 5018 5019 5020 5021 5022
5007 5008 5009 5010 5011 5012 5013 5014 5016 5017 5018 5019 5020 5021 5022 5023
5008 5009 5010 5011 5012 5013 5014 5015 5017 5018 5019 5020 5021 5022 5023 5024
5009 5010 5011 5012 5013 5014 5015 5016 5018 5019 5020 5021 5022 5023 5024 5025
5010 5011 5012 5013 5014 5015 5016 5017 5019 5020 5021 5022 5023 5024 5025 5026
5011 5012 5013 5014 5015 5016 5017 5018 5020 5021 5022 5023 5024 5025 5026 5027
5012 5013 5014 5015 5016 5017 5018 5019 5021 5022 5023 5024 5025 5026 5027 5028
5013 5014 5015 5016 5017 5018 5019 5020 5022 5023 5024 5025 5026 5027 5028 5029
5014 5015 5016 5017 5018 5019 5020 5021 5023 5024 5025 5026 5027 5028 5029 5030
5015 5016 5017 5018 5019 5020 5021 5022 5024 5025 5026 5027 5028 5029 5030 5031
5016 5017 5018 5019 5020 5021 5022 5023 5025 5026 5027 5028 5029 5030 5031 5032
5017 5018 5019 5020 5021 5022 5023 5024 5026 5027 5028 5029 5030 5031 5032 5033
5018 5019 5020 5021 5022 5023 5024 5025 5027 5028 5029 5030 5031 5032 5033 5034
5019 5020 5021 5022 5023 5024 5025 5026 5028 5029 5030 5031 5032 5033 5034 5035
5020 5021 5022 5023 5024 5025 5026 5027 5029 5030 5031 5032 5033 5034 5035 5036
5021 5022 5023 5024 5025 5026 5027 5028 5030 5031 5032 5033 5034 5035 5036 5037
5022 5023 5024 5025 5026 5027 5028 5029 5031 5032 5033 5034 5035 5036 5037 5038
5023 5024 5025 5026 5027 5028 5029 5030 5032 5033 5034 5035 5036 5037 5038 5039
5024 5025 5026 5027 5028 5029 5030 5031 5033 5034 5035 5036 5037 5038 5039 5040
5025 5026 5027 5028 5029 5030 5031 5032 5034 5035 5036 5037 5038 5039 5040 5041
5026 5027 5028 5029 5030 5031 5032 5033 5035 5036 5037 5038 5039 5040 5041 5042
5027 5028 5029 5030 5031 5032 5033 5034 5036 5037 5038 5039 5040 5041 5042 5043
5028 5029 5030 5031 5032 5033 5034 5035 5037 5038 5039 5040 5041 5042 5043 5044
5029 5030 5031 5032 5033 5034 5035 5036 5038 5039 5040 5041 5042 5043 5044 5045
5030 5031 5032 5033 5034 5035 5036 5037 5039 5040 5041 5042 5043 5044 5045 5046
5031 5032 5033 5034 5035 5036 5037 5038 5040 5041 5042 5043 5044 5045 5046 5047
5032 5033 5034 5035 5036 5037 5038 5039 5041 5042 5043 5044 5045 5046 5047 5048
5033 5034 5035 5036 5037 5038 5039 5040 5042 5043 5044 5045 5046 5047 5048 5049
5034 5035 5036 5037 5038 5039 5040 5041 5043 5044 5045 5046 5047 5048 5049 5050
5035 5036 5037 5038 5039 5040 5041 5042 5044 5045 5046 5047 5048 5049 5050 5051
5036 5037 5038 5039 5040 5041 5042 5043 5045 5046 5047 5048 5049 5050 5051 5052
5037 5038 5039 5040 5041 5042 5043 5044 5046 5047 5048 5049 5050 5051 5052 5053
5038 5039 5040 5041 5042 5043 5044 5045 5047 5048 5049 5050 5051 5052 5053 5054
5039 5040 5041 5042 5043 5044 5045 5046 5048 5049 5050 5051 5052 5053 5054 5055
5040 5041 5042 5043 5044 5045 5046 5047 5049 5050 5051 5052 5053 5054 5055 5056
5041 5042 5043 5044 5045 5046 5047 5048 5050 5051 5052 5053 5054 5055 5056 5057
5042 5043 5044 5045 5046 5047 5048 5049 5051 5052 5053 5054 5055 5056 5057 5058
5043 5044 5045 5046 5047 5048 5049 5050 5052 5053 5054 5055 5056 5057 5058 5059
5044 5045 5046 5047 5048 5049 5050 5051 5053 5054 5055 5056 5057 5058 5059 5060
5045 5046 5047 5048 5049 5050 5051 5052 5054 5055 5056 5057 5058 5059 5060 5061
5046 5047 5048 5049 5050 5051 5052 5053 5055 5056 5057 5058 5059 5060 5061 5062
5047 5048 5049 5050 5051 5052 5053 5054 5056 5057 5058 5059 5060 5061 5062 5063
5048 5049 5050 5051 5052 5053 5054 5055 5057 5058 5059 5060 5061 5062 5063 5064
5049 5050 5051 5052 5053 5054 5055 5056 5058 5059 5060 5061 5062 5063 5064 5065
5050 5051 5052 5053 5054 5055 5056 5057 5059 5060 5061 5062 5063 5064 5065 5066
5051 5052 5053 5054 5055 5056 5057 5058 5060 5061 5062 5063 5064 5065 5066 5067
5052 5053 5054 5055 5056 5057 5058 5059 5061 5062 5063 5064 5065 5066 5067 5068
5053 5054 5055 5056 5057 5058 5059 5060 5062 5063 5064 5065 5066 5067 5068 5069
5054 5055 5056 5057 5058 5059 5060 5061 5063 5064 5065 5066 5067 5068 5069 5070
5055 5056 5057 5058 5059 5060 5061 5062 5064 5065 5066 5067 5068 5069 5070 5071
5056 5057 5058 5059 5060 5061 5062 5063 5065 5066 5067 5068 5069 5070 5071 5072
5057 5058 5059 5060 5061 5062 5063 5064 5066 5067 5068 5069 5070 5071 5072 5073
5058 5059 5060 5061 5062 5063 5064 5065 5067 5068 5069 5070 5071 5072 5073 5074
5059 5060 5061 5062 5063 5064 5065 5066 5068 5069 5070 5071 5072 5073 5074 5075
5060 5061 5062 5063 5064 5065 5066 5067 5069 5070 5071 5072 5073 5074 5075 5076
5061 5062 5063 5064 5065 5066 5067 5068 5070 5071 5072 5073 5074 5075 5076 5077
5062 5063 5064 5065 5066 5067 5068 5069 5071 5072 5073 5074 5075 5076 5077 5078
5063 5064 5065 5066 5067 5068 5069 5070 5072 5073 5074 5075 5076 5077 5078 5079
5064 5065 5066 5067 5068 5069 5070 5071 5073 5074 5075 5076 5077 5078 5079 5080
5065 5066 5067 5068 5069 5070 5071 5072 5074 5075 5076 5077 5078 5079 5080 5081
5066 5067 5068 5069 5070 5071 5072 5073 5075 5076 5077 5078 5079 5080 5081 5082
5067 5068 5069 5070 5071 5072 5073 5074 5076 5077 5078 5079 5080 5081 5082 5083
5068 5069 5070 5071 5072 5073 5074 5075 5077 5078 5079 5080 5081 5082 5083 5084
5069 5070 5071 5072 5073 5074 5075 5076 5078 5079 5080 5081 5082 5083 5084 5085
5070 5071 5072 5073 5074 5075 5076 5077 5079 5080 5081 5082 5083 5084 5085 5086
5071 5072 5073 5074 5075 5076 5077 5078 5080 5081 5082 5083 5084 5085 5086 5087
5072 5073 5074 5075 5076 5077 5078 5079 5081 5082 5083 5084 5085 5086 5087 5088
5073 5074 5075 5076 5077 5078 5079 5080 5082 5083 5084 5085 5086 5087 5088 5089
5074 5075 5076 5077 5078 5079 5080 5081 5083 5084 5085 5086 5087 5088 5089 5090
5075 5076 5077 5078 5079 5080 5081 5082 5084 5085 5086 5087 5088 5089 5090 5091
5076 5077 5078 5079 5080 5081 5082 5083 5085 5086 5087 5088 5089 5090 5091 5092
5077 5078 5079 5080 5081 5082 5083 5084 5086 5087 5088 5089 5090 5091 5092 5093
5078 5079 5080 5081 5082 5083 5084 5085 5087 5088 5089 5090 5091 5092 5093 5094
5079 5080 5081 5082 5083 5084 5085 5086 5088 5089 5090 5091 5092 5093 5094 5095
5080 5081 5082 5083 5084 5085 5086 5087 5089 5090 5091 5092 5093 5094 5095 5096
5081 5082 5083 5084 5085 5086 5087 5088 5090 5091 5092 5093 5094 5095 5096 5097
5082 5083 5084 5085 5086 5087 5088 5089 5091 5092 5093 5094 5095 5096 5097 5098
5083 5084 5085 5086 5087 5088 5089 5090 5092 5093 5094 5095 5096 5097 5098 5099
5084 5085 5086 5087 5088 5089 5090 5091 5093 5094 5095 5096 5097 5098 5099 5100
5085 5086 5087 5088 5089 5090 5091 5092 5094 5095 5096 5097 5098 5099 5100 5101
5086 5087 5088 5089 5090 5091 5092 5093 5095 5096 5097 5098 5099 5100 5101 5102
5087 5088 5089 5090 5091 5092 5093 5094 5096 5097 5098 5099 5100 5101 5102 5103
5088 5089 5090 5091 5092 5093 5094 5095 5097 5098 5099 5100 5101 5102 5103 5104
5089 5090 5091 5092 5093 5094 5095 5096 5098 5099 5100 5101 5102 5103 5104 5105
5090 5091 5092 5093 5094 5095 5096 5097 5099 5100 5101 5102 5103 5104 5105 5106
5091 5092 5093 5094 5095 5096 5097 5098 5100 5101 5102 5103 5104 5105 5106 5107
5092 5093 5094 5095 5096 5097 5098 5099 5101 5102 5103 5104 5105 5106 5107 5108
5093 5094 5095 5096 5097 5098 5099 5100 5102 5103 5104 5105 5106 5107 5108 5109
5094 5095 5096 5097 5098 5099 5100 5101 5103 5104 5105 5106 5107 5108 5109 5110
5095 5096 5097 5098 5099 5100 5101 5102 5104 5105 5106 5107 5108 5109 5110 5111
5096 5097 5098 5099 5100 5101 5102 5103 5105 5106 5107 5108 5109 5110 5111 5112
5097 5098 5099 5100 5101 5102 5103 5104 5106 5107 5108 5109 5110 5111 5112 5113
5098 5099 5100 5101 5102 5103 5104 5105 5107 5108 5109 5110 5111 5112 5113 5114
5099 5100 5101 5102 5103 5104 5105 5106 5108 5109 5110 5111 5112 5113 5114 5115
5100 5101 5102 5103 5104 5105 5106 5107 5109 5110 5111 5112 5113 5114 5115 5116
5101 5102 5103 5104 5105 5106 5107 5108 5110 5111 5112 5113 5114 5115 5116 5117
5102 5103 5104 5105 5106 5107 5108 5109 5111 5112 5113 5114 5115 5116 5117 5118
5103 5104 5105 5106 5107 5108 5109 5110 5112 5113 5114 5115 5116 5117 5118 5119
5104 5105 5106 5107 5108 5109 5110 5111 5113 5114 5115 5116 5117 5118 5119 5120
5105 5106 5107 5108 5109 5110 5111 5112 5114 5115 5116 5117 5118 5119 5120 5121
5106 5107 5108 5109 5110 5111 5112 5113 5115 5116 5117 5118 5119 5120 5121 5122
5107 5108 5109 5110 5111 5112 5113 5114 5116 5117 5118 5119 5120 5121 5122 5123
5108 5109 5110 5111 5112 5113 5114 5115 5117 5118 5119 5120 5121 5122 5123 5124
5109 5110 5111 5112 5113 5114 5115 5116 5118 5119 5120 5121 5122 5123 5124 5125
5110 5111 5112 5113 5114 5115 5116 5117 5119 5120 5121 5122 5123 5124 5125 5126
5111 5112 5113 5114 5115 5116 5117 5118 5120 5121 5122 5123 5124 5125 5126 5127
5112 5113 5114 5115 5116 5117 5118 5119 5121 5122 5123 5124 5125 5126 5127 5128
5113 5114 5115 5116 5117 5118 5119 5120 5122 5123 5124 5125 5126 5127 5128 5129
5114 5115 5116 5117 5118 5119 5120 5121 5123 5124 5125 5126 5127 5128 5129 5130
5115 5116 5117 5118 5119 5120 5121 5122 5124 5125 5126 5127 5128 5129 5130 5131
5116 5117 5118 5119 5120 5121 5122 5123 5125 5126 5127 5128 5129 5130 5131 5132
5117 5118 5119 5120 5121 5122 5123 5124 5126 5127 5128 5129 5130 5131 5132 5133
5118 5119 5120 5121 5122 5123 5124 5125 5127 5128 5129 5130 5131 5132 5133 5134
5119 5120 5121 5122 5123 5124 5125 5126 5128 5129 5130 5131 5132 5133 5134 5135
5120 5121 5122 5123 5124 5125 5126 5127 5129 5130 5131 5132 5133 5134 5135 5136
5121 5122 5123 5124 5125 5126 5127 5128 5130 5131 5132 5133 5134 5135 5136 5137
5122 5123 5124 5125 5126 5127 5128 5129 5131 5132 5133 5134 5135 5136 5137 5138
5123 5124 5125 5126 5127 5128 5129 5130 5132 5133 5134 5135 5136 5137 5138 5139
5124 5125 5126 5127 5128 5129 5130 5131 5133 5134 5135 5136 5137 5138 5139 5140
5125 5126 5127 5128 5129 5130 5131 5132 5134 5135 5136 5137 5138 5139 5140 5141
5126 5127 5128 5129 5130 5131 5132 5133 5135 5136 5137 5138 5139 5140 5141 5142
5127 5128 5129 5130 5131 5132 5133 5134 5136 5137 5138 5139 5140 5141 5142 5143
5128 5129 5130 5131 5132 5133 5134 5135 5137 5138 5139 5140 5141 5142 5143 5144
5129 5130 5131 5132 5133 5134 5135 5136 5138 5139 5140 5141 5142 5143 5144 5145
5130 5131 5132 5133 5134 5135 5136 5137 5139 5140 5141 5142 5143 5144 5145 5146
5131 5132 5133 5134 5135 5136 5137 5138 5140 5141 5142 5143 5144 5145 5146 5147
5132 5133 5134 5135 5136 5137 5138 5139 5141 5142 5143 5144 5145 5146 5147 5148
5133 5134 5135 5136 5137 5138 5139 5140 5142 5143 5144 5145 5146 5147 5148 5149
5134 5135 5136 5137 5138 5139 5140 5141 5143 5144 5145 5146 5147 5148 5149 5150
5135 5136 5137 5138 5139 5140 5141 5142 5144 5145 5146 5147 5148 5149 5150 5151
5136 5137 5138 5139 5140 5141 5142 5143 5145 5146 5147 5148 5149 5150 5151 5152
5137 5138 5139 5140 5141 5142 5143 5144 5146 5147 5148 5149 5150 5151 5152 5153
5138 5139 5140 5141 5142 5143 5144 5145 5147 5148 5149 5150 5151 5152 5153 5154
5139 5140 5141 5142 5143 5144 5145 5146 5148 5149 5150 5151 5152 5153 5154 5155
5140 5141 5142 5143 5144 5145 5146 5147 5149 5150 5151 5152 5153 5154 5155 5156
5141 5142 5143 5144 5145 5146 5147 5148 5150 5151 5152 5153 5154 5155 5156 5157
5142 5143 5144 5145 5146 5147 5148 5149 5151 5152 5153 5154 5155 5156 5157 5158
5143 5144 5145 5146 5147 5148 5149 5150 5152 5153 5154 5155 5156 5157 5158 5159
5144 5145 5146 5147 5148 5149 5150 5151 5153 5154 5155 5156 5157 5158 5159 5160
5145 5146 5147 5148 5149 5150 5151 5152 5154 5155 5156 5157 5158 5159 5160 5161
5146 5147 5148 5149 5150 5151 5152 5153 5155 5156 5157 5158 5159 5160 5161 5162
5147 5148 5149 5150 5151 5152 5153 5154 5156 5157 5158 5159 5160 5161 5162 5163
5148 5149 5150 5151 5152 5153 5154 5155 5157 5158 5159 5160 5161 5162 5163 5164
5149 5150 5151 5152 5153 5154 5155 5156 5158 5159 5160 5161 5162 5163 5164 5165
5150 5151 5152 5153 5154 5155 5156 5157 5159 5160 5161 5162 5163 5164 5165 5166
5151 5152 5153 5154 5155 5156 5157 5158 5160 5161 5162 5163 5164 5165 5166 5167
5152 5153 5154 5155 5156 5157 5158 5159 5161 5162 5163 5164 5165 5166 5167 5168
5153 5154 5155 5156 5157 5158 5159 5160 5162 5163 5164 5165 5166 5167 5168 5169
5154 5155 5156 5157 5158 5159 5160 5161 5163 5164 5165 5166 5167 5168 5169 5170
5155 5156 5157 5158 5159 5160 5161 5162 5164 5165 5166 5167 5168 5169 5170 5171
5156 5157 5158 5159 5160 5161 5162 5163 5165 5166 5167 5168 5169 5170 5171 5172
5157 5158 5159 5160 5161 5162 5163 5164 5166 5167 5168 5169 5170 5171 5172 5173
5158 5159 5160 5161 5162 5163 5164 5165 5167 5168 5169 5170 5171 5172 5173 5174
5159 5160 5161 5162 5163 5164 5165 5166 5168 5169 5170 5171 5172 5173 5174 5175
5160 5161 5162 5163 5164 5165 5166 5167 5169 5170 5171 5172 5173 5174 5175 5176
5161 5162 5163 5164 5165 5166 5167 5168 5170 5171 5172 5173 5174 5175 5176 5177
5162 5163 5164 5165 5166 5167 5168 5169 5171 5172 5173 5174 5175 5176 5177 5178
5163 5164 5165 5166 5167 5168 5169 5170 5172 5173 5174 5175 5176 5177 5178 5179
5164 5165 5166 5167 5168 5169 5170 5171 5173 5174 5175 5176 5177 5178 5179 5180
5165 5166 5167 5168 5169 5170 5171 5172 5174 5175 5176 5177 5178 5179 5180 5181
5166 5167 5168 5169 5170 5171 5172 5173 5175 5176 5177 5178 5179 5180 5181 5182
5167 5168 5169 5170 5171 5172 5173 5174 5176 5177 5178 5179 5180 5181 5182 5183
5168 5169 5170 5171 5172 5173 5174 5175 5177 5178 5179 5180 5181 5182 5183 5184
5169 5170 5171 5172 5173 5174 5175 5176 5178 5179 5180 5181 5182 5183 5184 5185
5170 5171 5172 5173 5174 5175 5176 5177 5179 5180 5181 5182 5183 5184 5185 5186
5171 5172 5173 5174 5175 5176 5177 5178 5180 5181 5182 5183 5184 5185 5186 5187
5172 5173 5174 5175 5176 5177 5178 5179 5181 5182 5183 5184 5185 5186 5187 5188
5173 5174 5175 5176 5177 5178 5179 5180 5182 5183 5184 5185 5186 5187 5188 5189
5174 5175 5176 5177 5178 5179 5180 5181 5183 5184 5185 5186 5187 5188 5189 5190
5175 5176 5177 5178 5179 5180 5181 5182 5184 5185 5186 5187 5188 5189 5190 5191
5176 5177 5178 5179 5180 5181 5182 5183 5185 5186 5187 5188 5189 5190 5191 5192
5177 5178 5179 5180 5181 5182 5183 5184 5186 5187 5188 5189 5190 5191 5192 5193
5178 5179 5180 5181 5182 5183 5184 5185 5187 5188 5189 5190 5191 5192 5193 5194
5179 5180 5181 5182 5183 5184 5185 5186 5188 5189 5190 5191 5192 5193 5194 5195
5180 5181 5182 5183 5184 5185 5186 5187 5189 5190 5191 5192 5193 5194 5195 5196
5181 5182 5183 5184 5185 5186 5187 5188 5190 5191 5192 5193 5194 5195 5196 5197
5182 5183 5184 5185 5186 5187 5188 5189 5191 5192 5193 5194 5195 5196 5197 5198
5183 5184 5185 5186 5187 5188 5189 5190 5192 5193 5194 5195 5196 5197 5198 5199
5184 5185 5186 5187 5188 5189 5190 5191 5193 5194 5195 5196 5197 5198 5199 5200
5185 5186 5187 5188 5189 5190 5191 5192 5194 5195 5196 5197 5198 5199 5200 5201
5186 5187 5188 5189 5190 5191 5192 5193 5195 5196 5197 5198 5199 5200 5201 5202
5187 5188 5189 5190 5191 5192 5193 5194 5196 5197 5198 5199 5200 5201 5202 5203
5188 5189 5190 5191 5192 5193 5194 5195 5197 5198 5199 5200 5201 5202 5203 5204
5189 5190 5191 5192 5193 5194 5195 5196 5198 5199 5200 5201 5202 5203 5204 5205
5190 5191 5192 5193 5194 5195 5196 5197 5199 5200 5201 5202 5203 5204 5205 5206
5191 5192 5193 5194 5195 5196 5197 5198 5200 5201 5202 5203 5204 5205 5206 5207
5192 5193 5194 5195 5196 5197 5198 5199 5201 5202 5203 5204 5205 5206 5207 5208
5193 5194 5195 5196 5197 5198 5199 5200 5202 5203 5204 5205 5206 5207 5208 5209
5194 5195 5196 5197 5198 5199 5200 5201 5203 5204 5205 5206 5207 5208 5209 5210
5195 5196 5197 5198 5199 5200 5201 5202 5204 5205 5206 5207 5208 5209 5210 5211
5196 5197 5198 5199 5200 5201 5202 5203 5205 5206 5207 5208 5209 5210 5211 5212
5197 5198 5199 5200 5201 5202 5203 5204 5206 5207 5208 5209 5210 5211 5212 5213
5198 5199 5200 5201 5202 5203 5204 5205 5207 5208 5209 5210 5211 5212 5213 5214
5199 5200 5201 5202 5203 5204 5205 5206 5208 5209 5210 5211 5212 5213 5214 5215
5200 5201 5202 5203 5204 5205 5206 5207 5209 5210 5211 5212 5213 5214 5215 5216
5201 5202 5203 5204 5205 5206 5207 5208 5210 5211 5212 5213 5214 5215 5216 5217
5202 5203 5204 5205 5206 5207 5208 5209 5211 5212 5213 5214 5215 5216 5217 5218
5203 5204 5205 5206 5207 5208 5209 5210 5212 5213 5214 5215 5216 5217 5218 5219
5204 5205 5206 5207 5208 5209 5210 5211 5213 5214 5215 5216 5217 5218 5219 5220
5205 5206 5207 5208 5209 5210 5211 5212 5214 5215 5216 5217 5218 5219 5220 5221
5206 5207 5208 5209 5210 5211 5212 5213 5215 5216 5217 5218 5219 5220 5221 5222
5207 5208 5209 5210 5211 5212 5213 5214 5216 5217 5218 5219 5220 5221 5222 5223
5208 5209 5210 5211 5212 5213 5214 5215 5217 5218 5219 5220 5221 5222 5223 5224
5209 5210 5211 5212 5213 5214 5215 5216 5218 5219 5220 5221 5222 5223 5224 5225
5210 5211 5212 5213 5214 5215 5216 5217 5219 5220 5221 5222 5223 5224 5225 5226
5211 5212 5213 5214 5215 5216 5217 5218 5220 5221 5222 5223 5224 5225 5226 5227
5212 5213 5214 5215 5216 5217 5218 5219 5221 5222 5223 5224 5225 5226 5227 5228
5213 5214 5215 5216 5217 5218 5219 5220 5222 5223 5224 5225 5226 5227 5228 5229
5214 5215 5216 5217 5218 5219 5220 5221 5223 5224 5225 5226 5227 5228 5229 5230
5215 5216 5217 5218 5219 5220 5221 5222 5224 5225 5226 5227 5228 5229 5230 5231
5216 5217 5218 5219 5220 5221 5222 5223 5225 5226 5227 5228 5229 5230 5231 5232
5217 5218 5219 5220 5221 5222 5223 5224 5226 5227 5228 5229 5230 5231 5232 5233
5218 5219 5220 5221 5222 5223 5224 5225 5227 5228 5229 5230 5231 5232 5233 5234
5219 5220 5221 5222 5223 5224 5225 5226 5228 5229 5230 5231 5232 5233 5234 5235
5220 5221 5222 5223 5224 5225 5226 5227 5229 5230 5231 5232 5233 5234 5235 5236
5221 5222 5223 5224 5225 5226 5227 5228 5230 5231 5232 5233 5234 5235 5236 5237
5222 5223 5224 5225 5226 5227 5228 5229 5231 5232 5233 5234 5235 5236 5237 5238
5223 5224 5225 5226 5227 5228 5229 5230 5232 5233 5234 5235 5236 5237 5238 5239
5224 5225 5226 5227 5228 5229 5230 5231 5233 5234 5235 5236 5237 5238 5239 5240
5225 5226 5227 5228 5229 5230 5231 5232 5234 5235 5236 5237 5238 5239 5240 5241
5226 5227 5228 5229 5230 5231 5232 5233 5235 5236 5237 5238 5239 5240 5241 5242
5227 5228 5229 5230 5231 5232 5233 5234 5236 5237 5238 5239 5240 5241 5242 5243
5228 5229 5230 5231 5232 5233 5234 5235 5237 5238 5239 5240 5241 5242 5243 5244
5229 5230 5231 5232 5233 5234 5235 5236 5238 5239 5240 5241 5242 5243 5244 5245
5230 5231 5232 5233 5234 5235 5236 5237 5239 5240 5241 5242 5243 5244 5245 5246
5231 5232 5233 5234 5235 5236 5237 5238 5240 5241 5242 5243 5244 5245 5246 5247
5232 5233 5234 5235 5236 5237 5238 5239 5241 5242 5243 5244 5245 5246 5247 5248
5233 5234 5235 5236 5237 5238 5239 5240 5242 5243 5244 5245 5246 5247 5248 5249
5234 5235 5236 5237 5238 5239 5240 5241 5243 5244 5245 5246 5247 5248 5249 5250
5235 5236 5237 5238 5239 5240 5241 5242 5244 5245 5246 5247 5248 5249 5250 5251
5236 5237 5238 5239 5240 5241 5242 5243 5245 5246 5247 5248 5249 5250 5251 5252
5237 5238 5239 5240 5241 5242 5243 5244 5246 5247 5248 5249 5250 5251 5252 5253
5238 5239 5240 5241 5242 5243 5244 5245 5247 5248 5249 5250 5251 5252 5253 5254
5239 5240 5241 5242 5243 5244 5245 5246 5248 5249 5250 5251 5252 5253 5254 5255
5240 5241 5242 5243 5244 5245 5246 5247 5249 5250 5251 5252 5253 5254 5255 5256
5241 5242 5243 5244 5245 5246 5247 5248 5250 5251 5252 5253 5254 5255 5256 5257
5242 5243 5244 5245 5246 5247 5248 5249 5251 5252 5253 5254 5255 5256 5257 5258
5243 5244 5245 5246 5247 5248 5249 5250 5252 5253 5254 5255 5256 5257 5258 5259
5244 5245 5246 5247 5248 5249 5250 5251 5253 5254 5255 5256 5257 5258 5259 5260
5245 5246 5247 5248 5249 5250 5251 5252 5254 5255 5256 5257 5258 5259 5260 5261
5246 5247 5248 5249 5250 5251 5252 5253 5255 5256 5257 5258 5259 5260 5261 5262
5247 5248 5249 5250 5251 5252 5253 5254 5256 5257 5258 5259 5260 5261 5262 5263
5248 5249 5250 5251 5252 5253 5254 5255 5257 5258 5259 5260 5261 5262 5263 5264
5249 5250 5251 5252 5253 5254 5255 5256 5258 5259 5260 5261 5262 5263 5264 5265
5250 5251 5252 5253 5254 5255 5256 5257 5259 5260 5261 5262 5263 5264 5265 5266
5251 5252 5253 5254 5255 5256 5257 5258 5260 5261 5262 5263 5264 5265 5266 5267
5252 5253 5254 5255 5256 5257 5258 5259 5261 5262 5263 5264 5265 5266 5267 5268
5253 5254 5255 5256 5257 5258 5259 5260 5262 5263 5264 5265 5266 5267 5268 5269
5254 5255 5256 5257 5258 5259 5260 5261 5263 5264 5265 5266 5267 5268 5269 5270
5255 5256 5257 5258 5259 5260 5261 5262 5264 5265 5266 5267 5268 5269 5270 5271
5256 5257 5258 5259 5260 5261 5262 5263 5265 5266 5267 5268 5269 5270 5271 5272
5257 5258 5259 5260 5261 5262 5263 5264 5266 5267 5268 5269 5270 5271 5272 5273
5258 5259 5260 5261 5262 5263 5264 5265 5267 5268 5269 5270 5271 5272 5273 5274
5259 5260 5261 5262 5263 5264 5265 5266 5268 5269 5270 5271 5272 5273 5274 5275
5260 5261 5262 5263 5264 5265 5266 5267 5269 5270 5271 5272 5273 5274 5275 5276
5261 5262 5263 5264 5265 5266 5267 5268 5270 5271 5272 5273 5274 5275 5276 5277
5262 5263 5264 5265 5266 5267 5268 5269 5271 5272 5273 5274 5275 5276 5277 5278
5263 5264 5265 5266 5267 5268 5269 5270 5272 5273 5274 5275 5276 5277 5278 5279
5264 5265 5266 5267 5268 5269 5270 5271 5273 5274 5275 5276 5277 5278 5279 5280
5265 5266 5267 5268 5269 5270 5271 5272 5274 5275 5276 5277 5278 5279 5280 5281
5266 5267 5268 5269 5270 5271 5272 5273 5275 5276 5277 5278 5279 5280 5281 5282
5267 5268 5269 5270 5271 5272 5273 5274 5276 5277 5278 5279 5280 5281 5282 5283
5268 5269 5270 5271 5272 5273 5274 5275 5277 5278 5279 5280 5281 5282 5283 5284
5269 5270 5271 5272 5273 5274 5275 5276 5278 5279 5280 5281 5282 5283 5284 5285
5270 5271 5272 5273 5274 5275 5276 5277 5279 5280 5281 5282 5283 5284 5285 5286
5271 5272 5273 5274 5275 5276 5277 5278 5280 5281 5282 5283 5284 5285 5286 5287
5272 5273 5274 5275 5276 5277 5278 5279 5281 5282 5283 5284 5285 5286 5287 5288
5273 5274 5275 5276 5277 5278 5279 5280 5282 5283 5284 5285 5286 5287 5288 5289
5274 5275 5276 5277 5278 5279 5280 5281 5283 5284 5285 5286 5287 5288 5289 5290
5275 5276 5277 5278 5279 5280 5281 5282 5284 5285 5286 5287 5288 5289 5290 5291
5276 5277 5278 5279 5280 5281 5282 5283 5285 5286 5287 5288 5289 5290 5291 5292
5277 5278 5279 5280 5281 5282 5283 5284 5286 5287 5288 5289 5290 5291 5292 5293
5278 5279 5280 5281 5282 5283 5284 5285 5287 5288 5289 5290 5291 5292 5293 5294
5279 5280 5281 5282 5283 5284 5285 5286 5288 5289 5290 5291 5292 5293 5294 5295
5280 5281 5282 5283 5284 5285 5286 5287 5289 5290 5291 5292 5293 5294 5295 5296
5281 5282 5283 5284 5285 5286 5287 5288 5290 5291 5292 5293 5294 5295 5296 5297
5282 5283 5284 5285 5286 5287 5288 5289 5291 5292 5293 5294 5295 5296 5297 5298
5283 5284 5285 5286 5287 5288 5289 5290 5292 5293 5294 5295 5296 5297 5298 5299
5284 5285 5286 5287 5288 5289 5290 5291 5293 5294 5295 5296 5297 5298 5299 5300
5285 5286 5287 5288 5289 5290 5291 5292 5294 5295 5296 5297 5298 5299 5300 5301
5286 5287 5288 5289 5290 5291 5292 5293 5295 5296 5297 5298 5299 5300 5301 5302
5287 5288 5289 5290 5291 5292 5293 5294 5296 5297 5298 5299 5300 5301 5302 5303
5288 5289 5290 5291 5292 5293 5294 5295 5297 5298 5299 5300 5301 5302 5303 5304
5289 5290 5291 5292 5293 5294 5295 5296 5298 5299 5300 5301 5302 5303 5304 5305
5290 5291 5292 5293 5294 5295 5296 5297 5299 5300 5301 5302 5303 5304 5305 5306
5291 5292 5293 5294 5295 5296 5297 5298 5300 5301 5302 5303 5304 5305 5306 5307
5292 5293 5294 5295 5296 5297 5298 5299 5301 5302 5303 5304 5305 5306 5307 5308
5293 5294 5295 5296 5297 5298 5299 5300 5302 5303 5304 5305 5306 5307 5308 5309
5294 5295 5296 5297 5298 5299 5300 5301 5303 5304 5305 5306 5307 5308 5309 5310
5295 5296 5297 5298 5299 5300 5301 5302 5304 5305 5306 5307 5308 5309 5310 5311
5296 5297 5298 5299 5300 5301 5302 5303 5305 5306 5307 5308 5309 5310 5311 5312
5297 5298 5299 5300 5301 5302 5303 5304 5306 5307 5308 5309 5310 5311 5312 5313
5298 5299 5300 5301 5302 5303 5304 5305 5307 5308 5309 5310 5311 5312 5313 5314
5299 5300 5301 5302 5303 5304 5305 5306 5308 5309 5310 5311 5312 5313 5314 5315
5300 5301 5302 5303 5304 5305 5306 5307 5309 5310 5311 5312 5313 5314 5315 5316
5301 5302 5303 5304 5305 5306 5307 5308 5310 5311 5312 5313 5314 5315 5316 5317
5302 5303 5304 5305 5306 5307 5308 5309 5311 5312 5313 5314 5315 5316 5317 5318
5303 5304 5305 5306 5307 5308 5309 5310 5312 5313 5314 5315 5316 5317 5318 5319
5304 5305 5306 5307 5308 5309 5310 5311 5313 5314 5315 5316 5317 5318 5319 5320
5305 5306 5307 5308 5309 5310 5311 5312 5314 5315 5316 5317 5318 5319 5320 5321
5306 5307 5308 5309 5310 5311 5312 5313 5315 5316 5317 5318 5319 5320 5321 5322
5307 5308 5309 5310 5311 5312 5313 5314 5316 5317 5318 5319 5320 5321 5322 5323
5308 5309 5310 5311 5312 5313 5314 5315 5317 5318 5319 5320 5321 5322 5323 5324
5309 5310 5311 5312 5313 5314 5315 5316 5318 5319 5320 5321 5322 5323 5324 5325
5310 5311 5312 5313 5314 5315 5316 5317 5319 5320 5321 5322 5323 5324 5325 5326
5311 5312 5313 5314 5315 5316 5317 5318 5320 5321 5322 5323 5324 5325 5326 5327
5312 5313 5314 5315 5316 5317 5318 5319 5321 5322 5323 5324 5325 5326 5327 5328
5313 5314 5315 5316 5317 5318 5319 5320 5322 5323 5324 5325 5326 5327 5328 5329
5314 5315 5316 5317 5318 5319 5320 5321 5323 5324 5325 5326 5327 5328 5329 5330
5315 5316 5317 5318 5319 5320 5321 5322 5324 5325 5326 5327 5328 5329 5330 5331
5316 5317 5318 5319 5320 5321 5322 5323 5325 5326 5327 5328 5329 5330 5331 5332
5317 5318 5319 5320 5321 5322 5323 5324 5326 5327 5328 5329 5330 5331 5332 5333
5318 5319 5320 5321 5322 5323 5324 5325 5327 5328 5329 5330 5331 5332 5333 5334
5319 5320 5321 5322 5323 5324 5325 5326 5328 5329 5330 5331 5332 5333 5334 5335
5320 5321 5322 5323 5324 5325 5326 5327 5329 5330 5331 5332 5333 5334 5335 5336
5321 5322 5323 5324 5325 5326 5327 5328 5330 5331 5332 5333 5334 5335 5336 5337
5322 5323 5324 5325 5326 5327 5328 5329 5331 5332 5333 5334 5335 5336 5337 5338
5323 5324 5325 5326 5327 5328 5329 5330 5332 5333 5334 5335 5336 5337 5338 5339
5324 5325 5326 5327 5328 5329 5330 5331 5333 5334 5335 5336 5337 5338 5339 5340
5325 5326 5327 5328 5329 5330 5331 5332 5334 5335 5336 5337 5338 5339 5340 5341
5326 5327 5328 5329 5330 5331 5332 5333 5335 5336 5337 5338 5339 5340 5341 5342
5327 5328 5329 5330 5331 5332 5333 5334 5336 5337 5338 5339 5340 5341 5342 5343
5328 5329 5330 5331 5332 5333 5334 5335 5337 5338 5339 5340 5341 5342 5343 5344
5329 5330 5331 5332 5333 5334 5335 5336 5338 5339 5340 5341 5342 5343 5344 5345
5330 5331 5332 5333 5334 5335 5336 5337 5339 5340 5341 5342 5343 5344 5345 5346
5331 5332 5333 5334 5335 5336 5337 5338 5340 5341 5342 5343 5344 5345 5346 5347
5332 5333 5334 5335 5336 5337 5338 5339 5341 5342 5343 5344 5345 5346 5347 5348
5333 5334 5335 5336 5337 5338 5339 5340 5342 5343 5344 5345 5346 5347 5348 5349
5334 5335 5336 5337 5338 5339 5340 5341 5343 5344 5345 5346 5347 5348 5349 5350
5335 5336 5337 5338 5339 5340 5341 5342 5344 5345 5346 5347 5348 5349 5350 5351
5336 5337 5338 5339 5340 5341 5342 5343 5345 5346 5347 5348 5349 5350 5351 5352
5337 5338 5339 5340 5341 5342 5343 5344 5346 5347 5348 5349 5350 5351 5352 5353
5338 5339 5340 5341 5342 5343 5344 5345 5347 5348 5349 5350 5351 5352 5353 5354
5339 5340 5341 5342 5343 5344 5345 5346 5348 5349 5350 5351 5352 5353 5354 5355
5340 5341 5342 5343 5344 5345 5346 5347 5349 5350 5351 5352 5353 5354 5355 5356
5341 5342 5343 5344 5345 5346 5347 5348 5350 5351 5352 5353 5354 5355 5356 5357
5342 5343 5344 5345 5346 5347 5348 5349 5351 5352 5353 5354 5355 5356 5357 5358
5343 5344 5345 5346 5347 5348 5349 5350 5352 5353 5354 5355 5356 5357 5358 5359
5344 5345 5346 5347 5348 5349 5350 5351 5353 5354 5355 5356 5357 5358 5359 5360
5345 5346 5347 5348 5349 5350 5351 5352 5354 5355 5356 5357 5358 5359 5360 5361
5346 5347 5348 5349 5350 5351 5352 5353 5355 5356 5357 5358 5359 5360 5361 5362
5347 5348 5349 5350 5351 5352 5353 5354 5356 5357 5358 5359 5360 5361 5362 5363
5348 5349 5350 5351 5352 5353 5354 5355 5357 5358 5359 5360 5361 5362 5363 5364
5349 5350 5351 5352 5353 5354 5355 5356 5358 5359 5360 5361 5362 5363 5364 5365
5350 5351 5352 5353 5354 5355 5356 5357 5359 5360 5361 5362 5363 5364 5365 5366
5351 5352 5353 5354 5355 5356 5357 5358 5360 5361 5362 5363 5364 5365 5366 5367
5352 5353 5354 5355 5356 5357 5358 5359 5361 5362 5363 5364 5365 5366 5367 5368
5353 5354 5355 5356 5357 5358 5359 5360 5362 5363 5364 5365 5366 5367 5368 5369
5354 5355 5356 5357 5358 5359 5360 5361 5363 5364 5365 5366 5367 5368 5369 5370
5355 5356 5357 5358 5359 5360 5361 5362 5364 5365 5366 5367 5368 5369 5370 5371
5356 5357 5358 5359 5360 5361 5362 5363 5365 5366 5367 5368 5369 5370 5371 5372
5357 5358 5359 5360 5361 5362 5363 5364 5366 5367 5368 5369 5370 5371 5372 5373
5358 5359 5360 5361 5362 5363 5364 5365 5367 5368 5369 5370 5371 5372 5373 5374
5359 5360 5361 5362 5363 5364 5365 5366 5368 5369 5370 5371 5372 5373 5374 5375
5360 5361 5362 5363 5364 5365 5366 5367 5369 5370 5371 5372 5373 5374 5375 5376
5361 5362 5363 5364 5365 5366 5367 5368 5370 5371 5372 5373 5374 5375 5376 5377
5362 5363 5364 5365 5366 5367 5368 5369 5371 5372 5373 5374 5375 5376 5377 5378
5363 5364 5365 5366 5367 5368 5369 5370 5372 5373 5374 5375 5376 5377 5378 5379
5364 5365 5366 5367 5368 5369 5370 5371 5373 5374 5375 5376 5377 5378 5379 5380
5365 5366 5367 5368 5369 5370 5371 5372 5374 5375 5376 5377 5378 5379 5380 5381
5366 5367 5368 5369 5370 5371 5372 5373 5375 5376 5377 5378 5379 5380 5381 5382
5367 5368 5369 5370 5371 5372 5373 5374 5376 5377 5378 5379 5380 5381 5382 5383
5368 5369 5370 5371 5372 5373 5374 5375 5377 5378 5379 5380 5381 5382 5383 5384
5369 5370 5371 5372 5373 5374 5375 5376 5378 5379 5380 5381 5382 5383 5384 5385
5370 5371 5372 5373 5374 5375 5376 5377 5379 5380 5381 5382 5383 5384 5385 5386
5371 5372 5373 5374 5375 5376 5377 5378 5380 5381 5382 5383 5384 5385 5386 5387
5372 5373 5374 5375 5376 5377 5378 5379 5381 5382 5383 5384 5385 5386 5387 5388
5373 5374 5375 5376 5377 5378 5379 5380 5382 5383 5384 5385 5386 5387 5388 5389
5374 5375 5376 5377 5378 5379 5380 5381 5383 5384 5385 5386 5387 5388 5389 5390
5375 5376 5377 5378 5379 5380 5381 5382 5384 5385 5386 5387 5388 5389 5390 5391
5376 5377 5378 5379 5380 5381 5382 5383 5385 5386 5387 5388 5389 5390 5391 5392
5377 5378 5379 5380 5381 5382 5383 5384 5386 5387 5388 5389 5390 5391 5392 5393
5378 5379 5380 5381 5382 5383 5384 5385 5387 5388 5389 5390 5391 5392 5393 5394
5379 5380 5381 5382 5383 5384 5385 5386 5388 5389 5390 5391 5392 5393 5394 5395
5380 5381 5382 5383 5384 5385 5386 5387 5389 5390 5391 5392 5393 5394 5395 5396
5381 5382 5383 5384 5385 5386 5387 5388 5390 5391 5392 5393 5394 5395 5396 5397
5382 5383 5384 5385 5386 5387 5388 5389 5391 5392 5393 5394 5395 5396 5397 5398
5383 5384 5385 5386 5387 5388 5389 5390 5392 5393 5394 5395 5396 5397 5398 5399
5384 5385 5386 5387 5388 5389 5390 5391 5393 5394 5395 5396 5397 5398 5399 5400
5385 5386 5387 5388 5389 5390 5391 5392 5394 5395 5396 5397 5398 5399 5400 5401
5386 5387 5388 5389 5390 5391 5392 5393 5395 5396 5397 5398 5399 5400 5401 5402
5387 5388 5389 5390 5391 5392 5393 5394 5396 5397 5398 5399 5400 5401 5402 5403
5388 5389 5390 5391 5392 5393 5394 5395 5397 5398 5399 5400 5401 5402 5403 5404
5389 5390 5391 5392 5393 5394 5395 5396 5398 5399 5400 5401 5402 5403 5404 5405
5390 5391 5392 5393 5394 5395 5396 5397 5399 5400 5401 5402 5403 5404 5405 5406
5391 5392 5393 5394 5395 5396 5397 5398 5400 5401 5402 5403 5404 5405 5406 5407
5392 5393 5394 5395 5396 5397 5398 5399 5401 5402 5403 5404 5405 5406 5407 5408
5393 5394 5395 5396 5397 5398 5399 5400 5402 5403 5404 5405 5406 5407 5408 5409
5394 5395 5396 5397 5398 5399 5400 5401 5403 5404 5405 5406 5407 5408 5409 5410
5395 5396 5397 5398 5399 5400 5401 5402 5404 5405 5406 5407 5408 5409 5410 5411
5396 5397 5398 5399 5400 5401 5402 5403 5405 5406 5407 5408 5409 5410 5411 5412
5397 5398 5399 5400 5401 5402 5403 5404 5406 5407 5408 5409 5410 5411 5412 5413
5398 5399 5400 5401 5402 5403 5404 5405 5407 5408 5409 5410 5411 5412 5413 5414
5399 5400 5401 5402 5403 5404 5405 5406 5408 5409 5410 5411 5412 5413 5414 5415
5400 5401 5402 5403 5404 5405 5406 5407 5409 5410 5411 5412 5413 5414 5415 5416
5401 5402 5403 5404 5405 5406 5407 5408 5410 5411 5412 5413 5414 5415 5416 5417
5402 5403 5404 5405 5406 5407 5408 5409 5411 5412 5413 5414 5415 5416 5417 5418
5403 5404 5405 5406 5407 5408 5409 5410 5412 5413 5414 5415 5416 5417 5418 5419
5404 5405 5406 5407 5408 5409 5410 5411 5413 5414 5415 5416 5417 5418 5419 5420
5405 5406 5407 5408 5409 5410 5411 5412 5414 5415 5416 5417 5418 5419 5420 5421
5406 5407 5408 5409 5410 5411 5412 5413 5415 5416 5417 5418 5419 5420 5421 5422
5407 5408 5409 5410 5411 5412 5413 5414 5416 5417 5418 5419 5420 5421 5422 5423
5408 5409 5410 5411 5412 5413 5414 5415 5417 5418 5419 5420 5421 5422 5423 5424
5409 5410 5411 5412 5413 5414 5415 5416 5418 5419 5420 5421 5422 5423 5424 5425
5410 5411 5412 5413 5414 5415 5416 5417 5419 5420 5421 5422 5423 5424 5425 5426
5411 5412 5413 5414 5415 5416 5417 5418 5420 5421 5422 5423 5424 5425 5426 5427
5412 5413 5414 5415 5416 5417 5418 5419 5421 5422 5423 5424 5425 5426 5427 5428
5413 5414 5415 5416 5417 5418 5419 5420 5422 5423 5424 5425 5426 5427 5428 5429
5414 5415 5416 5417 5418 5419 5420 5421 5423 5424 5425 5426 5427 5428 5429 5430
5415 5416 5417 5418 5419 5420 5421 5422 5424 5425 5426 5427 5428 5429 5430 5431
5416 5417 5418 5419 5420 5421 5422 5423 5425 5426 5427 5428 5429 5430 5431 5432
5417 5418 5419 5420 5421 5422 5423 5424 5426 5427 5428 5429 5430 5431 5432 5433
5418 5419 5420 5421 5422 5423 5424 5425 5427 5428 5429 5430 5431 5432 5433 5434
5419 5420 5421 5422 5423 5424 5425 5426 5428 5429 5430 5431 5432 5433 5434 5435
5420 5421 5422 5423 5424 5425 5426 5427 5429 5430 5431 5432 5433 5434 5435 5436
5421 5422 5423 5424 5425 5426 5427 5428 5430 5431 5432 5433 5434 5435 5436 5437
5422 5423 5424 5425 5426 5427 5428 5429 5431 5432 5433 5434 5435 5436 5437 5438
5423 5424 5425 5426 5427 5428 5429 5430 5432 5433 5434 5435 5436 5437 5438 5439
5424 5425 5426 5427 5428 5429 5430 5431 5433 5434 5435 5436 5437 5438 5439 5440
5425 5426 5427 5428 5429 5430 5431 5432 5434 5435 5436 5437 5438 5439 5440 5441
5426 5427 5428 5429 5430 5431 5432 5433 5435 5436 5437 5438 5439 5440 5441 5442
5427 5428 5429 5430 5431 5432 5433 5434 5436 5437 5438 5439 5440 5441 5442 5443
5428 5429 5430 5431 5432 5433 5434 5435 5437 5438 5439 5440 5441 5442 5443 5444
5429 5430 5431 5432 5433 5434 5435 5436 5438 5439 5440 5441 5442 5443 5444 5445
5430 5431 5432 5433 5434 5435 5436 5437 5439 5440 5441 5442 5443 5444 5445 5446
5431 5432 5433 5434 5435 5436 5437 5438 5440 5441 5442 5443 5444 5445 5446 5447
5432 5433 5434 5435 5436 5437 5438 5439 5441 5442 5443 5444 5445 5446 5447 5448
5433 5434 5435 5436 5437 5438 5439 5440 5442 5443 5444 5445 5446 5447 5448 5449
5434 5435 5436 5437 5438 5439 5440 5441 5443 5444 5445 5446 5447 5448 5449 5450
5435 5436 5437 5438 5439 5440 5441 5442 5444 5445 5446 5447 5448 5449 5450 5451
5436 5437 5438 5439 5440 5441 5442 5443 5445 5446 5447 5448 5449 5450 5451 5452
5437 5438 5439 5440 5441 5442 5443 5444 5446 5447 5448 5449 5450 5451 5452 5453
5438 5439 5440 5441 5442 5443 5444 5445 5447 5448 5449 5450 5451 5452 5453 5454
5439 5440 5441 5442 5443 5444 5445 5446 5448 5449 5450 5451 5452 5453 5454 5455
5440 5441 5442 5443 5444 5445 5446 5447 5449 5450 5451 5452 5453 5454 5455 5456
5441 5442 5443 5444 5445 5446 5447 5448 5450 5451 5452 5453 5454 5455 5456 5457
5442 5443 5444 5445 5446 5447 5448 5449 5451 5452 5453 5454 5455 5456 5457 5458
5443 5444 5445 5446 5447 5448 5449 5450 5452 5453 5454 5455 5456 5457 5458 5459
5444 5445 5446 5447 5448 5449 5450 5451 5453 5454 5455 5456 5457 5458 5459 5460
5445 5446 5447 5448 5449 5450 5451 5452 5454 5455 5456 5457 5458 5459 5460 5461
5446 5447 5448 5449 5450 5451 5452 5453 5455 5456 5457 5458 5459 5460 5461 5462
5447 5448 5449 5450 5451 5452 5453 5454 5456 5457 5458 5459 5460 5461 5462 5463
5448 5449 5450 5451 5452 5453 5454 5455 5457 5458 5459 5460 5461 5462 5463 5464
5449 5450 5451 5452 5453 5454 5455 5456 5458 5459 5460 5461 5462 5463 5464 5465
5450 5451 5452 5453 5454 5455 5456 5457 5459 5460 5461 5462 5463 5464 5465 5466
5451 5452 5453 5454 5455 5456 5457 5458 5460 5461 5462 5463 5464 5465 5466 5467
5452 5453 5454 5455 5456 5457 5458 5459 5461 5462 5463 5464 5465 5466 5467 5468
5453 5454 5455 5456 5457 5458 5459 5460 5462 5463 5464 5465 5466 5467 5468 5469
5454 5455 5456 5457 5458 5459 5460 5461 5463 5464 5465 5466 5467 5468 5469 5470
5455 5456 5457 5458 5459 5460 5461 5462 5464 5465 5466 5467 5468 5469 5470 5471
5456 5457 5458 5459 5460 5461 5462 5463 5465 5466 5467 5468 5469 5470 5471 5472
5457 5458 5459 5460 5461 5462 5463 5464 5466 5467 5468 5469 5470 5471 5472 5473
5458 5459 5460 5461 5462 5463 5464 5465 5467 5468 5469 5470 5471 5472 5473 5474
5459 5460 5461 5462 5463 5464 5465 5466 5468 5469 5470 5471 5472 5473 5474 5475
5460 5461 5462 5463 5464 5465 5466 5467 5469 5470 5471 5472 5473 5474 5475 5476
5461 5462 5463 5464 5465 5466 5467 5468 5470 5471 5472 5473 5474 5475 5476 5477
5462 5463 5464 5465 5466 5467 5468 5469 5471 5472 5473 5474 5475 5476 5477 5478
5463 5464 5465 5466 5467 5468 5469 5470 5472 5473 5474 5475 5476 5477 5478 5479
5464 5465 5466 5467 5468 5469 5470 5471 5473 5474 5475 5476 5477 5478 5479 5480
5465 5466 5467 5468 5469 5470 5471 5472 5474 5475 5476 5477 5478 5479 5480 5481
5466 5467 5468 5469 5470 5471 5472 5473 5475 5476 5477 5478 5479 5480 5481 5482
5467 5468 5469 5470 5471 5472 5473 5474 5476 5477 5478 5479 5480 5481 5482 5483
5468 5469 5470 5471 5472 5473 5474 5475 5477 5478 5479 5480 5481 5482 5483 5484
5469 5470 5471 5472 5473 5474 5475 5476 5478 5479 5480 5481 5482 5483 5484 5485
5470 5471 5472 5473 5474 5475 5476 5477 5479 5480 5481 5482 5483 5484 5485 5486
5471 5472 5473 5474 5475 5476 5477 5478 5480 5481 5482 5483 5484 5485 5486 5487
5472 5473 5474 5475 5476 5477 5478 5479 5481 5482 5483 5484 5485 5486 5487 5488
5473 5474 5475 5476 5477 5478 5479 5480 5482 5483 5484 5485 5486 5487 5488 5489
5474 5475 5476 5477 5478 5479 5480 5481 5483 5484 5485 5486 5487 5488 5489 5490
5475 5476 5477 5478 5479 5480 5481 5482 5484 5485 5486 5487 5488 5489 5490 5491
5476 5477 5478 5479 5480 5481 5482 5483 5485 5486 5487 5488 5489 5490 5491 5492
5477 5478 5479 5480 5481 5482 5483 5484 5486 5487 5488 5489 5490 5491 5492 5493
5478 5479 5480 5481 5482 5483 5484 5485 5487 5488 5489 5490 5491 5492 5493 5494
5479 5480 5481 5482 5483 5484 5485 5486 5488 5489 5490 5491 5492 5493 5494 5495
5480 5481 5482 5483 5484 5485 5486 5487 5489 5490 5491 5492 5493 5494 5495 5496
5481 5482 5483 5484 5485 5486 5487 5488 5490 5491 5492 5493 5494 5495 5496 5497
5482 5483 5484 5485 5486 5487 5488 5489 5491 5492 5493 5494 5495 5496 5497 5498
5483 5484 5485 5486 5487 5488 5489 5490 5492 5493 5494 5495 5496 5497 5498 5499
5484 5485 5486 5487 5488 5489 5490 5491 5493 5494 5495 5496 5497 5498 5499 5500
5485 5486 5487 5488 5489 5490 5491 5492 5494 5495 5496 5497 5498 5499 5500 5501
5486 5487 5488 5489 5490 5491 5492 5493 5495 5496 5497 5498 5499 5500 5501 5502
5487 5488 5489 5490 5491 5492 5493 5494 5496 5497 5498 5499 5500 5501 5502 5503
5488 5489 5490 5491 5492 5493 5494 5495 5497 5498 5499 5500 5501 5502 5503 5504
5489 5490 5491 5492 5493 5494 5495 5496 5498 5499 5500 5501 5502 5503 5504 5505
5490 5491 5492 5493 5494 5495 5496 5497 5499 5500 5501 5502 5503 5504 5505 5506
5491 5492 5493 5494 5495 5496 5497 5498 5500 5501 5502 5503 5504 5505 5506 5507
5492 5493 5494 5495 5496 5497 5498 5499 5501 5502 5503 5504 5505 5506 5507 5508
5493 5494 5495 5496 5497 5498 5499 5500 5502 5503 5504 5505 5506 5507 5508 5509
5494 5495 5496 5497 5498 5499 5500 5501 5503 5504 5505 5506 5507 5508 5509 5510
5495 5496 5497 5498 5499 5500 5501 5502 5504 5505 5506 5507 5508 5509 5510 5511
5496 5497 5498 5499 5500 5501 5502 5503 5505 5506 5507 5508 5509 5510 5511 5512
5497 5498 5499 5500 5501 5502 5503 5504 5506 5507 5508 5509 5510 5511 5512 5513
5498 5499 5500 5501 5502 5503 5504 5505 5507 5508 5509 5510 5511 5512 5513 5514
5499 5500 5501 5502 5503 5504 5505 5506 5508 5509 5510 5511 5512 5513 5514 5515
5500 5501 5502 5503 5504 5505 5506 5507 5509 5510 5511 5512 5513 5514 5515 5516
5501 5502 5503 5504 5505 5506 5507 5508 5510 5511 5512 5513 5514 5515 5516 5517
5502 5503 5504 5505 5506 5507 5508 5509 5511 5512 5513 5514 5515 5516 5517 5518
5503 5504 5505 5506 5507 5508 5509 5510 5512 5513 5514 5515 5516 5517 5518 5519
5504 5505 5506 5507 5508 5509 5510 5511 5513 5514 5515 5516 5517 5518 5519 5520
5505 5506 5507 5508 5509 5510 5511 5512 5514 5515 5516 5517 5518 5519 5520 5521
5506 5507 5508 5509 5510 5511 5512 5513 5515 5516 5517 5518 5519 5520 5521 5522
5507 5508 5509 5510 5511 5512 5513 5514 5516 5517 5518 5519 5520 5521 5522 5523
5508 5509 5510 5511 5512 5513 5514 5515 5517 5518 5519 5520 5521 5522 5523 5524
5509 5510 5511 5512 5513 5514 5515 5516 5518 5519 5520 5521 5522 5523 5524 5525
5510 5511 5512 5513 5514 5515 5516 5517 5519 5520 5521 5522 5523 5524 5525 5526
5511 5512 5513 5514 5515 5516 5517 5518 5520 5521 5522 5523 5524 5525 5526 5527
5512 5513 5514 5515 5516 5517 5518 5519 5521 5522 5523 5524 5525 5526 5527 5528
5513 5514 5515 5516 5517 5518 5519 5520 5522 5523 5524 5525 5526 5527 5528 5529
5514 5515 5516 5517 5518 5519 5520 5521 5523 5524 5525 5526 5527 5528 5529 5530
5515 5516 5517 5518 5519 5520 5521 5522 5524 5525 5526 5527 5528 5529 5530 5531
5516 5517 5518 5519 5520 5521 5522 5523 5525 5526 5527 5528 5529 5530 5531 5532
5517 5518 5519 5520 5521 5522 5523 5524 5526 5527 5528 5529 5530 5531 5532 5533
5518 5519 5520 5521 5522 5523 5524 5525 5527 5528 5529 5530 5531 5532 5533 5534
5519 5520 5521 5522 5523 5524 5525 5526 5528 5529 5530 5531 5532 5533 5534 5535
5520 5521 5522 5523 5524 5525 5526 5527 5529 5530 5531 5532 5533 5534 5535 5536
5521 5522 5523 5524 5525 5526 5527 5528 5530 5531 5532 5533 5534 5535 5536 5537
5522 5523 5524 5525 5526 5527 5528 5529 5531 5532 5533 5534 5535 5536 5537 5538
5523 5524 5525 5526 5527 5528 5529 5530 5532 5533 5534 5535 5536 5537 5538 5539
5524 5525 5526 5527 5528 5529 5530 5531 5533 5534 5535 5536 5537 5538 5539 5540
5525 5526 5527 5528 5529 5530 5531 5532 5534 5535 5536 5537 5538 5539 5540 5541
5526 5527 5528 5529 5530 5531 5532 5533 5535 5536 5537 5538 5539 5540 5541 5542
5527 5528 5529 5530 5531 5532 5533 5534 5536 5537 5538 5539 5540 5541 5542 5543
5528 5529 5530 5531 5532 5533 5534 5535 5537 5538 5539 5540 5541 5542 5543 5544
5529 5530 5531 5532 5533 5534 5535 5536 5538 5539 5540 5541 5542 5543 5544 5545
5530 5531 5532 5533 5534 5535 5536 5537 5539 5540 5541 5542 5543 5544 5545 5546
5531 5532 5533 5534 5535 5536 5537 5538 5540 5541 5542 5543 5544 5545 5546 5547
5532 5533 5534 5535 5536 5537 5538 5539 5541 5542 5543 5544 5545 5546 5547 5548
5533 5534 5535 5536 5537 5538 5539 5540 5542 5543 5544 5545 5546 5547 5548 5549
5534 5535 5536 5537 5538 5539 5540 5541 5543 5544 5545 5546 5547 5548 5549 5550
5535 5536 5537 5538 5539 5540 5541 5542 5544 5545 5546 5547 5548 5549 5550 5551
5536 5537 5538 5539 5540 5541 5542 5543 5545 5546 5547 5548 5549 5550 5551 5552
5537 5538 5539 5540 5541 5542 5543 5544 5546 5547 5548 5549 5550 5551 5552 5553
5538 5539 5540 5541 5542 5543 5544 5545 5547 5548 5549 5550 5551 5552 5553 5554
5539 5540 5541 5542 5543 5544 5545 5546 5548 5549 5550 5551 5552 5553 5554 5555
5540 5541 5542 5543 5544 5545 5546 5547 5549 5550 5551 5552 5553 5554 5555 5556
5541 5542 5543 5544 5545 5546 5547 5548 5550 5551 5552 5553 5554 5555 5556 5557
5542 5543 5544 5545 5546 5547 5548 5549 5551 5552 5553 5554 5555 5556 5557 5558
5543 5544 5545 5546 5547 5548 5549 5550 5552 5553 5554 5555 5556 5557 5558 5559
5544 5545 5546 5547 5548 5549 5550 5551 5553 5554 5555 5556 5557 5558 5559 5560
5545 5546 5547 5548 5549 5550 5551 5552 5554 5555 5556 5557 5558 5559 5560 5561
5546 5547 5548 5549 5550 5551 5552 5553 5555 5556 5557 5558 5559 5560 5561 5562
5547 5548 5549 5550 5551 5552 5553 5554 5556 5557 5558 5559 5560 5561 5562 5563
5548 5549 5550 5551 5552 5553 5554 5555 5557 5558 5559 5560 5561 5562 5563 5564
5549 5550 5551 5552 5553 5554 5555 5556 5558 5559 5560 5561 5562 5563 5564 5565
5550 5551 5552 5553 5554 5555 5556 5557 5559 5560 5561 5562 5563 5564 5565 5566
5551 5552 5553 5554 5555 5556 5557 5558 5560 5561 5562 5563 5564 5565 5566 5567
5552 5553 5554 5555 5556 5557 5558 5559 5561 5562 5563 5564 5565 5566 5567 5568
5553 5554 5555 5556 5557 5558 5559 5560 5562 5563 5564 5565 5566 5567 5568 5569
5554 5555 5556 5557 5558 5559 5560 5561 5563 5564 5565 5566 5567 5568 5569 5570
5555 5556 5557 5558 5559 5560 5561 5562 5564 5565 5566 5567 5568 5569 5570 5571
5556 5557 5558 5559 5560 5561 5562 5563 5565 5566 5567 5568 5569 5570 5571 5572
5557 5558 5559 5560 5561 5562 5563 5564 5566 5567 5568 5569 5570 5571 5572 5573
5558 5559 5560 5561 5562 5563 5564 5565 5567 5568 5569 5570 5571 5572 5573 5574
5559 5560 5561 5562 5563 5564 5565 5566 5568 5569 5570 5571 5572 5573 5574 5575
5560 5561 5562 5563 5564 5565 5566 5567 5569 5570 5571 5572 5573 5574 5575 5576
5561 5562 5563 5564 5565 5566 5567 5568 5570 5571 5572 5573 5574 5575 5576 5577
5562 5563 5564 5565 5566 5567 5568 5569 5571 5572 5573 5574 5575 5576 5577 5578
5563 5564 5565 5566 5567 5568 5569 5570 5572 5573 5574 5575 5576 5577 5578 5579
5564 5565 5566 5567 5568 5569 5570 5571 5573 5574 5575 5576 5577 5578 5579 5580
5565 5566 5567 5568 5569 5570 5571 5572 5574 5575 5576 5577 5578 5579 5580 5581
5566 5567 5568 5569 5570 5571 5572 5573 5575 5576 5577 5578 5579 5580 5581 5582
5567 5568 5569 5570 5571 5572 5573 5574 5576 5577 5578 5579 5580 5581 5582 5583
5568 5569 5570 5571 5572 5573 5574 5575 5577 5578 5579 5580 5581 5582 5583 5584
5569 5570 5571 5572 5573 5574 5575 5576 5578 5579 5580 5581 5582 5583 5584 5585
5570 5571 5572 5573 5574 5575 5576 5577 5579 5580 5581 5582 5583 5584 5585 5586
5571 5572 5573 5574 5575 5576 5577 5578 5580 5581 5582 5583 5584 5585 5586 5587
5572 5573 5574 5575 5576 5577 5578 5579 5581 5582 5583 5584 5585 5586 5587 5588
5573 5574 5575 5576 5577 5578 5579 5580 5582 5583 5584 5585 5586 5587 5588 5589
5574 5575 5576 5577 5578 5579 5580 5581 5583 5584 5585 5586 5587 5588 5589 5590
5575 5576 5577 5578 5579 5580 5581 5582 5584 5585 5586 5587 5588 5589 5590 5591
5576 5577 5578 5579 5580 5581 5582 5583 5585 5586 5587 5588 5589 5590 5591 5592
5577 5578 5579 5580 5581 5582 5583 5584 5586 5587 5588 5589 5590 5591 5592 5593
5578 5579 5580 5581 5582 5583 5584 5585 5587 5588 5589 5590 5591 5592 5593 5594
5579 5580 5581 5582 5583 5584 5585 5586 5588 5589 5590 5591 5592 5593 5594 5595
5580 5581 5582 5583 5584 5585 5586 5587 5589 5590 5591 5592 5593 5594 5595 5596
5581 5582 5583 5584 5585 5586 5587 5588 5590 5591 5592 5593 5594 5595 5596 5597
5582 5583 5584 5585 5586 5587 5588 5589 5591 5592 5593 5594 5595 5596 5597 5598
5583 5584 5585 5586 5587 5588 5589 5590 5592 5593 5594 5595 5596 5597 5598 5599
5584 5585 5586 5587 5588 5589 5590 5591 5593 5594 5595 5596 5597 5598 5599 5600
5585 5586 5587 5588 5589 5590 5591 5592 5594 5595 5596 5597 5598 5599 5600 5601
5586 5587 5588 5589 5590 5591 5592 5593 5595 5596 5597 5598 5599 5600 5601 5602
5587 5588 5589 5590 5591 5592 5593 5594 5596 5597 5598 5599 5600 5601 5602 5603
5588 5589 5590 5591 5592 5593 5594 5595 5597 5598 5599 5600 5601 5602 5603 5604
5589 5590 5591 5592 5593 5594 5595 5596 5598 5599 5600 5601 5602 5603 5604 5605
5590 5591 5592 5593 5594 5595 5596 5597 5599 5600 5601 5602 5603 5604 5605 5606
5591 5592 5593 5594 5595 5596 5597 5598 5600 5601 5602 5603 5604 5605 5606 5607
5592 5593 5594 5595 5596 5597 5598 5599 5601 5602 5603 5604 5605 5606 5607 5608
5593 5594 5595 5596 5597 5598 5599 5600 5602 5603 5604 5605 5606 5607 5608 5609
5594 5595 5596 5597 5598 5599 5600 5601 5603 5604 5605 5606 5607 5608 5609 5610
5595 5596 5597 5598 5599 5600 5601 5602 5604 5605 5606 5607 5608 5609 5610 5611
5596 5597 5598 5599 5600 5601 5602 5603 5605 5606 5607 5608 5609 5610 5611 5612
5597 5598 5599 5600 5601 5602 5603 5604 5606 5607 5608 5609 5610 5611 5612 5613
5598 5599 5600 5601 5602 5603 5604 5605 5607 5608 5609 5610 5611 5612 5613 5614
5599 5600 5601 5602 5603 5604 5605 5606 5608 5609 5610 5611 5612 5613 5614 5615
5600 5601 5602 5603 5604 5605 5606 5607 5609 5610 5611 5612 5613 5614 5615 5616
5601 5602 5603 5604 5605 5606 5607 5608 5610 5611 5612 5613 5614 5615 5616 5617
5602 5603 5604 5605 5606 5607 5608 5609 5611 5612 5613 5614 5615 5616 5617 5618
5603 5604 5605 5606 5607 5608 5609 5610 5612 5613 5614 5615 5616 5617 5618 5619
5604 5605 5606 5607 5608 5609 5610 5611 5613 5614 5615 5616 5617 5618 5619 5620
5605 5606 5607 5608 5609 5610 5611 5612 5614 5615 5616 5617 5618 5619 5620 5621
5606 5607 5608 5609 5610 5611 5612 5613 5615 5616 5617 5618 5619 5620 5621 5622
5607 5608 5609 5610 5611 5612 5613 5614 5616 5617 5618 5619 5620 5621 5622 5623
5608 5609 5610 5611 5612 5613 5614 5615 5617 5618 5619 5620 5621 5622 5623 5624
5609 5610 5611 5612 5613 5614 5615 5616 5618 5619 5620 5621 5622 5623 5624 5625
5610 5611 5612 5613 5614 5615 5616 5617 5619 5620 5621 5622 5623 5624 5625 5626
5611 5612 5613 5614 5615 5616 5617 5618 5620 5621 5622 5623 5624 5625 5626 5627
5612 5613 5614 5615 5616 5617 5618 5619 5621 5622 5623 5624 5625 5626 5627 5628
5613 5614 5615 5616 5617 5618 5619 5620 5622 5623 5624 5625 5626 5627 5628 5629
5614 5615 5616 5617 5618 5619 5620 5621 5623 5624 5625 5626 5627 5628 5629 5630
5615 5616 5617 5618 5619 5620 5621 5622 5624 5625 5626 5627 5628 5629 5630 5631
5616 5617 5618 5619 5620 5621 5622 5623 5625 5626 5627 5628 5629 5630 5631 5632
5617 5618 5619 5620 5621 5622 5623 5624 5626 5627 5628 5629 5630 5631 5632 5633
5618 5619 5620 5621 5622 5623 5624 5625 5627 5628 5629 5630 5631 5632 5633 5634
5619 5620 5621 5622 5623 5624 5625 5626 5628 5629 5630 5631 5632 5633 5634 5635
5620 5621 5622 5623 5624 5625 5626 5627 5629 5630 5631 5632 5633 5634 5635 5636
5621 5622 5623 5624 5625 5626 5627 5628 5630 5631 5632 5633 5634 5635 5636 5637
5622 5623 5624 5625 5626 5627 5628 5629 5631 5632 5633 5634 5635 5636 5637 5638
5623 5624 5625 5626 5627 5628 5629 5630 5632 5633 5634 5635 5636 5637 5638 5639
5624 5625 5626 5627 5628 5629 5630 5631 5633 5634 5635 5636 5637 5638 5639 5640
5625 5626 5627 5628 5629 5630 5631 5632 5634 5635 5636 5637 5638 5639 5640 5641
5626 5627 5628 5629 5630 5631 5632 5633 5635 5636 5637 5638 5639 5640 5641 5642
5627 5628 5629 5630 5631 5632 5633 5634 5636 5637 5638 5639 5640 5641 5642 5643
5628 5629 5630 5631 5632 5633 5634 5635 5637 5638 5639 5640 5641 5642 5643 5644
5629 5630 5631 5632 5633 5634 5635 5636 5638 5639 5640 5641 5642 5643 5644 5645
5630 5631 5632 5633 5634 5635 5636 5637 5639 5640 5641 5642 5643 5644 5645 5646
5631 5632 5633 5634 5635 5636 5637 5638 5640 5641 5642 5643 5644 5645 5646 5647
5632 5633 5634 5635 5636 5637 5638 5639 5641 5642 5643 5644 5645 5646 5647 5648
5633 5634 5635 5636 5637 5638 5639 5640 5642 5643 5644 5645 5646 5647 5648 5649
5634 5635 5636 5637 5638 5639 5640 5641 5643 5644 5645 5646 5647 5648 5649 5650
5635 5636 5637 5638 5639 5640 5641 5642 5644 5645 5646 5647 5648 5649 5650 5651
5636 5637 5638 5639 5640 5641 5642 5643 5645 5646 5647 5648 5649 5650 5651 5652
5637 5638 5639 5640 5641 5642 5643 5644 5646 5647 5648 5649 5650 5651 5652 5653
5638 5639 5640 5641 5642 5643 5644 5645 5647 5648 5649 5650 5651 5652 5653 5654
5639 5640 5641 5642 5643 5644 5645 5646 5648 5649 5650 5651 5652 5653 5654 5655
5640 5641 5642 5643 5644 5645 5646 5647 5649 5650 5651 5652 5653 5654 5655 5656
5641 5642 5643 5644 5645 5646 5647 5648 5650 5651 5652 5653 5654 5655 5656 5657
5642 5643 5644 5645 5646 5647 5648 5649 5651 5652 5653 5654 5655 5656 5657 5658
5643 5644 5645 5646 5647 5648 5649 5650 5652 5653 5654 5655 5656 5657 5658 5659
5644 5645 5646 5647 5648 5649 5650 5651 5653 5654 5655 5656 5657 5658 5659 5660
5645 5646 5647 5648 5649 5650 5651 5652 5654 5655 5656 5657 5658 5659 5660 5661
5646 5647 5648 5649 5650 5651 5652 5653 5655 5656 5657 5658 5659 5660 5661 5662
5647 5648 5649 5650 5651 5652 5653 5654 5656 5657 5658 5659 5660 5661 5662 5663
5648 5649 5650 5651 5652 5653 5654 5655 5657 5658 5659 5660 5661 5662 5663 5664
5649 5650 5651 5652 5653 5654 5655 5656 5658 5659 5660 5661 5662 5663 5664 5665
5650 5651 5652 5653 5654 5655 5656 5657 5659 5660 5661 5662 5663 5664 5665 5666
5651 5652 5653 5654 5655 5656 5657 5658 5660 5661 5662 5663 5664 5665 5666 5667
5652 5653 5654 5655 5656 5657 5658 5659 5661 5662 5663 5664 5665 5666 5667 5668
5653 5654 5655 5656 5657 5658 5659 5660 5662 5663 5664 5665 5666 5667 5668 5669
5654 5655 5656 5657 5658 5659 5660 5661 5663 5664 5665 5666 5667 5668 5669 5670
5655 5656 5657 5658 5659 5660 5661 5662 5664 5665 5666 5667 5668 5669 5670 5671
5656 5657 5658 5659 5660 5661 5662 5663 5665 5666 5667 5668 5669 5670 5671 5672
5657 5658 5659 5660 5661 5662 5663 5664 5666 5667 5668 5669 5670 5671 5672 5673
5658 5659 5660 5661 5662 5663 5664 5665 5667 5668 5669 5670 5671 5672 5673 5674
5659 5660 5661 5662 5663 5664 5665 5666 5668 5669 5670 5671 5672 5673 5674 5675
5660 5661 5662 5663 5664 5665 5666 5667 5669 5670 5671 5672 5673 5674 5675 5676
5661 5662 5663 5664 5665 5666 5667 5668 5670 5671 5672 5673 5674 5675 5676 5677
5662 5663 5664 5665 5666 5667 5668 5669 5671 5672 5673 5674 5675 5676 5677 5678
5663 5664 5665 5666 5667 5668 5669 5670 5672 5673 5674 5675 5676 5677 5678 5679
5664 5665 5666 5667 5668 5669 5670 5671 5673 5674 5675 5676 5677 5678 5679 5680
5665 5666 5667 5668 5669 5670 5671 5672 5674 5675 5676 5677 5678 5679 5680 5681
5666 5667 5668 5669 5670 5671 5672 5673 5675 5676 5677 5678 5679 5680 5681 5682
5667 5668 5669 5670 5671 5672 5673 5674 5676 5677 5678 5679 5680 5681 5682 5683
5668 5669 5670 5671 5672 5673 5674 5675 5677 5678 5679 5680 5681 5682 5683 5684
5669 5670 5671 5672 5673 5674 5675 5676 5678 5679 5680 5681 5682 5683 5684 5685
5670 5671 5672 5673 5674 5675 5676 5677 5679 5680 5681 5682 5683 5684 5685 5686
5671 5672 5673 5674 5675 5676 5677 5678 5680 5681 5682 5683 5684 5685 5686 5687
5672 5673 5674 5675 5676 5677 5678 5679 5681 5682 5683 5684 5685 5686 5687 5688
5673 5674 5675 5676 5677 5678 5679 5680 5682 5683 5684 5685 5686 5687 5688 5689
5674 5675 5676 5677 5678 5679 5680 5681 5683 5684 5685 5686 5687 5688 5689 5690
5675 5676 5677 5678 5679 5680 5681 5682 5684 5685 5686 5687 5688 5689 5690 5691
5676 5677 5678 5679 5680 5681 5682 5683 5685 5686 5687 5688 5689 5690 5691 5692
5677 5678 5679 5680 5681 5682 5683 5684 5686 5687 5688 5689 5690 5691 5692 5693
5678 5679 5680 5681 5682 5683 5684 5685 5687 5688 5689 5690 5691 5692 5693 5694
5679 5680 5681 5682 5683 5684 5685 5686 5688 5689 5690 5691 5692 5693 5694 5695
5680 5681 5682 5683 5684 5685 5686 5687 5689 5690 5691 5692 5693 5694 5695 5696
5681 5682 5683 5684 5685 5686 5687 5688 5690 5691 5692 5693 5694 5695 5696 5697
5682 5683 5684 5685 5686 5687 5688 5689 5691 5692 5693 5694 5695 5696 5697 5698
5683 5684 5685 5686 5687 5688 5689 5690 5692 5693 5694 5695 5696 5697 5698 5699
5684 5685 5686 5687 5688 5689 5690 5691 5693 5694 5695 5696 5697 5698 5699 5700
5685 5686 5687 5688 5689 5690 5691 5692 5694 5695 5696 5697 5698 5699 5700 5701
5686 5687 5688 5689 5690 5691 5692 5693 5695 5696 5697 5698 5699 5700 5701 5702
5687 5688 5689 5690 5691 5692 5693 5694 5696 5697 5698 5699 5700 5701 5702 5703
5688 5689 5690 5691 5692 5693 5694 5695 5697 5698 5699 5700 5701 5702 5703 5704
5689 5690 5691 5692 5693 5694 5695 5696 5698 5699 5700 5701 5702 5703 5704 5705
5690 5691 5692 5693 5694 5695 5696 5697 5699 5700 5701 5702 5703 5704 5705 5706
5691 5692 5693 5694 5695 5696 5697 5698 5700 5701 5702 5703 5704 5705 5706 5707
5692 5693 5694 5695 5696 5697 5698 5699 5701 5702 5703 5704 5705 5706 5707 5708
5693 5694 5695 5696 5697 5698 5699 5700 5702 5703 5704 5705 5706 5707 5708 5709
5694 5695 5696 5697 5698 5699 5700 5701 5703 5704 5705 5706 5707 5708 5709 5710
5695 5696 5697 5698 5699 5700 5701 5702 5704 5705 5706 5707 5708 5709 5710 5711
5696 5697 5698 5699 5700 5701 5702 5703 5705 5706 5707 5708 5709 5710 5711 5712
5697 5698 5699 5700 5701 5702 5703 5704 5706 5707 5708 5709 5710 5711 5712 5713
5698 5699 5700 5701 5702 5703 5704 5705 5707 5708 5709 5710 5711 5712 5713 5714
5699 5700 5701 5702 5703 5704 5705 5706 5708 5709 5710 5711 5712 5713 5714 5715
5700 5701 5702 5703 5704 5705 5706 5707 5709 5710 5711 5712 5713 5714 5715 5716
5701 5702 5703 5704 5705 5706 5707 5708 5710 5711 5712 5713 5714 5715 5716 5717
5702 5703 5704 5705 5706 5707 5708 5709 5711 5712 5713 5714 5715 5716 5717 5718
5703 5704 5705 5706 5707 5708 5709 5710 5712 5713 5714 5715 5716 5717 5718 5719
5704 5705 5706 5707 5708 5709 5710 5711 5713 5714 5715 5716 5717 5718 5719 5720
5705 5706 5707 5708 5709 5710 5711 5712 5714 5715 5716 5717 5718 5719 5720 5721
5706 5707 5708 5709 5710 5711 5712 5713 5715 5716 5717 5718 5719 5720 5721 5722
5707 5708 5709 5710 5711 5712 5713 5714 5716 5717 5718 5719 5720 5721 5722 5723
5708 5709 5710 5711 5712 5713 5714 5715 5717 5718 5719 5720 5721 5722 5723 5724
5709 5710 5711 5712 5713 5714 5715 5716 5718 5719 5720 5721 5722 5723 5724 5725
5710 5711 5712 5713 5714 5715 5716 5717 5719 5720 5721 5722 5723 5724 5725 5726
5711 5712 5713 5714 5715 5716 5717 5718 5720 5721 5722 5723 5724 5725 5726 5727
5712 5713 5714 5715 5716 5717 5718 5719 5721 5722 5723 5724 5725 5726 5727 5728
5713 5714 5715 5716 5717 5718 5719 5720 5722 5723 5724 5725 5726 5727 5728 5729
5714 5715 5716 5717 5718 5719 5720 5721 5723 5724 5725 5726 5727 5728 5729 5730
5715 5716 5717 5718 5719 5720 5721 5722 5724 5725 5726 5727 5728 5729 5730 5731
5716 5717 5718 5719 5720 5721 5722 5723 5725 5726 5727 5728 5729 5730 5731 5732
5717 5718 5719 5720 5721 5722 5723 5724 5726 5727 5728 5729 5730 5731 5732 5733
5718 5719 5720 5721 5722 5723 5724 5725 5727 5728 5729 5730 5731 5732 5733 5734
5719 5720 5721 5722 5723 5724 5725 5726 5728 5729 5730 5731 5732 5733 5734 5735
5720 5721 5722 5723 5724 5725 5726 5727 5729 5730 5731 5732 5733 5734 5735 5736
5721 5722 5723 5724 5725 5726 5727 5728 5730 5731 5732 5733 5734 5735 5736 5737
5722 5723 5724 5725 5726 5727 5728 5729 5731 5732 5733 5734 5735 5736 5737 5738
5723 5724 5725 5726 5727 5728 5729 5730 5732 5733 5734 5735 5736 5737 5738 5739
5724 5725 5726 5727 5728 5729 5730 5731 5733 5734 5735 5736 5737 5738 5739 5740
5725 5726 5727 5728 5729 5730 5731 5732 5734 5735 5736 5737 5738 5739 5740 5741
5726 5727 5728 5729 5730 5731 5732 5733 5735 5736 5737 5738 5739 5740 5741 5742
5727 5728 5729 5730 5731 5732 5733 5734 5736 5737 5738 5739 5740 5741 5742 5743
5728 5729 5730 5731 5732 5733 5734 5735 5737 5738 5739 5740 5741 5742 5743 5744
5729 5730 5731 5732 5733 5734 5735 5736 5738 5739 5740 5741 5742 5743 5744 5745
5730 5731 5732 5733 5734 5735 5736 5737 5739 5740 5741 5742 5743 5744 5745 5746
5731 5732 5733 5734 5735 5736 5737 5738 5740 5741 5742 5743 5744 5745 5746 5747
5732 5733 5734 5735 5736 5737 5738 5739 5741 5742 5743 5744 5745 5746 5747 5748
5733 5734 5735 5736 5737 5738 5739 5740 5742 5743 5744 5745 5746 5747 5748 5749
5734 5735 5736 5737 5738 5739 5740 5741 5743 5744 5745 5746 5747 5748 5749 5750
5735 5736 5737 5738 5739 5740 5741 5742 5744 5745 5746 5747 5748 5749 5750 5751
5736 5737 5738 5739 5740 5741 5742 5743 5745 5746 5747 5748 5749 5750 5751 5752
5737 5738 5739 5740 5741 5742 5743 5744 5746 5747 5748 5749 5750 5751 5752 5753
5738 5739 5740 5741 5742 5743 5744 5745 5747 5748 5749 5750 5751 5752 5753 5754
5739 5740 5741 5742 5743 5744 5745 5746 5748 5749 5750 5751 5752 5753 5754 5755
5740 5741 5742 5743 5744 5745 5746 5747 5749 5750 5751 5752 5753 5754 5755 5756
5741 5742 5743 5744 5745 5746 5747 5748 5750 5751 5752 5753 5754 5755 5756 5757
5742 5743 5744 5745 5746 5747 5748 5749 5751 5752 5753 5754 5755 5756 5757 5758
5743 5744 5745 5746 5747 5748 5749 5750 5752 5753 5754 5755 5756 5757 5758 5759
5744 5745 5746 5747 5748 5749 5750 5751 5753 5754 5755 5756 5757 5758 5759 5760
5745 5746 5747 5748 5749 5750 5751 5752 5754 5755 5756 5757 5758 5759 5760 5761
5746 5747 5748 5749 5750 5751 5752 5753 5755 5756 5757 5758 5759 5760 5761 5762
5747 5748 5749 5750 5751 5752 5753 5754 5756 5757 5758 5759 5760 5761 5762 5763
5748 5749 5750 5751 5752 5753 5754 5755 5757 5758 5759 5760 5761 5762 5763 5764
5749 5750 5751 5752 5753 5754 5755 5756 5758 5759 5760 5761 5762 5763 5764 5765
5750 5751 5752 5753 5754 5755 5756 5757 5759 5760 5761 5762 5763 5764 5765 5766
5751 5752 5753 5754 5755 5756 5757 5758 5760 5761 5762 5763 5764 5765 5766 5767
5752 5753 5754 5755 5756 5757 5758 5759 5761 5762 5763 5764 5765 5766 5767 5768
5753 5754 5755 5756 5757 5758 5759 5760 5762 5763 5764 5765 5766 5767 5768 5769
5754 5755 5756 5757 5758 5759 5760 5761 5763 5764 5765 5766 5767 5768 5769 5770
5755 5756 5757 5758 5759 5760 5761 5762 5764 5765 5766 5767 5768 5769 5770 5771
5756 5757 5758 5759 5760 5761 5762 5763 5765 5766 5767 5768 5769 5770 5771 5772
5757 5758 5759 5760 5761 5762 5763 5764 5766 5767 5768 5769 5770 5771 5772 5773
5758 5759 5760 5761 5762 5763 5764 5765 5767 5768 5769 5770 5771 5772 5773 5774
5759 5760 5761 5762 5763 5764 5765 5766 5768 5769 5770 5771 5772 5773 5774 5775
5760 5761 5762 5763 5764 5765 5766 5767 5769 5770 5771 5772 5773 5774 5775 5776
5761 5762 5763 5764 5765 5766 5767 5768 5770 5771 5772 5773 5774 5775 5776 5777
5762 5763 5764 5765 5766 5767 5768 5769 5771 5772 5773 5774 5775 5776 5777 5778
5763 5764 5765 5766 5767 5768 5769 5770 5772 5773 5774 5775 5776 5777 5778 5779
5764 5765 5766 5767 5768 5769 5770 5771 5773 5774 5775 5776 5777 5778 5779 5780
5765 5766 5767 5768 5769 5770 5771 5772 5774 5775 5776 5777 5778 5779 5780 5781
5766 5767 5768 5769 5770 5771 5772 5773 5775 5776 5777 5778 5779 5780 5781 5782
5767 5768 5769 5770 5771 5772 5773 5774 5776 5777 5778 5779 5780 5781 5782 5783
5768 5769 5770 5771 5772 5773 5774 5775 5777 5778 5779 5780 5781 5782 5783 5784
5769 5770 5771 5772 5773 5774 5775 5776 5778 5779 5780 5781 5782 5783 5784 5785
5770 5771 5772 5773 5774 5775 5776 5777 5779 5780 5781 5782 5783 5784 5785 5786
5771 5772 5773 5774 5775 5776 5777 5778 5780 5781 5782 5783 5784 5785 5786 5787
5772 5773 5774 5775 5776 5777 5778 5779 5781 5782 5783 5784 5785 5786 5787 5788
5773 5774 5775 5776 5777 5778 5779 5780 5782 5783 5784 5785 5786 5787 5788 5789
5774 5775 5776 5777 5778 5779 5780 5781 5783 5784 5785 5786 5787 5788 5789 5790
5775 5776 5777 5778 5779 5780 5781 5782 5784 5785 5786 5787 5788 5789 5790 5791
5776 5777 5778 5779 5780 5781 5782 5783 5785 5786 5787 5788 5789 5790 5791 5792
5777 5778 5779 5780 5781 5782 5783 5784 5786 5787 5788 5789 5790 5791 5792 5793
5778 5779 5780 5781 5782 5783 5784 5785 5787 5788 5789 5790 5791 5792 5793 5794
5779 5780 5781 5782 5783 5784 5785 5786 5788 5789 5790 5791 5792 5793 5794 5795
5780 5781 5782 5783 5784 5785 5786 5787 5789 5790 5791 5792 5793 5794 5795 5796
5781 5782 5783 5784 5785 5786 5787 5788 5790 5791 5792 5793 5794 5795 5796 5797
5782 5783 5784 5785 5786 5787 5788 5789 5791 5792 5793 5794 5795 5796 5797 5798
5783 5784 5785 5786 5787 5788 5789 5790 5792 5793 5794 5795 5796 5797 5798 5799
5784 5785 5786 5787 5788 5789 5790 5791 5793 5794 5795 5796 5797 5798 5799 5800
5785 5786 5787 5788 5789 5790 5791 5792 5794 5795 5796 5797 5798 5799 5800 5801
5786 5787 5788 5789 5790 5791 5792 5793 5795 5796 5797 5798 5799 5800 5801 5802
5787 5788 5789 5790 5791 5792 5793 5794 5796 5797 5798 5799 5800 5801 5802 5803
5788 5789 5790 5791 5792 5793 5794 5795 5797 5798 5799 5800 5801 5802 5803 5804
5789 5790 5791 5792 5793 5794 5795 5796 5798 5799 5800 5801 5802 5803 5804 5805
5790 5791 5792 5793 5794 5795 5796 5797 5799 5800 5801 5802 5803 5804 5805 5806
5791 5792 5793 5794 5795 5796 5797 5798 5800 5801 5802 5803 5804 5805 5806 5807
5792 5793 5794 5795 5796 5797 5798 5799 5801 5802 5803 5804 5805 5806 5807 5808
5793 5794 5795 5796 5797 5798 5799 5800 5802 5803 5804 5805 5806 5807 5808 5809
5794 5795 5796 5797 5798 5799 5800 5801 5803 5804 5805 5806 5807 5808 5809 5810
5795 5796 5797 5798 5799 5800 5801 5802 5804 5805 5806 5807 5808 5809 5810 5811
5796 5797 5798 5799 5800 5801 5802 5803 5805 5806 5807 5808 5809 5810 5811 5812
5797 5798 5799 5800 5801 5802 5803 5804 5806 5807 5808 5809 5810 5811 5812 5813
5798 5799 5800 5801 5802 5803 5804 5805 5807 5808 5809 5810 5811 5812 5813 5814
5799 5800 5801 5802 5803 5804 5805 5806 5808 5809 5810 5811 5812 5813 5814 5815
5800 5801 5802 5803 5804 5805 5806 5807 5809 5810 5811 5812 5813 5814 5815 5816
5801 5802 5803 5804 5805 5806 5807 5808 5810 5811 5812 5813 5814 5815 5816 5817
5802 5803 5804 5805 5806 5807 5808 5809 5811 5812 5813 5814 5815 5816 5817 5818
5803 5804 5805 5806 5807 5808 5809 5810 5812 5813 5814 5815 5816 5817 5818 5819
5804 5805 5806 5807 5808 5809 5810 5811 5813 5814 5815 5816 5817 5818 5819 5820
5805 5806 5807 5808 5809 5810 5811 5812 5814 5815 5816 5817 5818 5819 5820 5821
5806 5807 5808 5809 5810 5811 5812 5813 5815 5816 5817 5818 5819 5820 5821 5822
5807 5808 5809 5810 5811 5812 5813 5814 5816 5817 5818 5819 5820 5821 5822 5823
5808 5809 5810 5811 5812 5813 5814 5815 5817 5818 5819 5820 5821 5822 5823 5824
5809 5810 5811 5812 5813 5814 5815 5816 5818 5819 5820 5821 5822 5823 5824 5825
5810 5811 5812 5813 5814 5815 5816 5817 5819 5820 5821 5822 5823 5824 5825 5826
5811 5812 5813 5814 5815 5816 5817 5818 5820 5821 5822 5823 5824 5825 5826 5827
5812 5813 5814 5815 5816 5817 5818 5819 5821 5822 5823 5824 5825 5826 5827 5828
5813 5814 5815 5816 5817 5818 5819 5820 5822 5823 5824 5825 5826 5827 5828 5829
5814 5815 5816 5817 5818 5819 5820 5821 5823 5824 5825 5826 5827 5828 5829 5830
5815 5816 5817 5818 5819 5820 5821 5822 5824 5825 5826 5827 5828 5829 5830 5831
5816 5817 5818 5819 5820 5821 5822 5823 5825 5826 5827 5828 5829 5830 5831 5832
5817 5818 5819 5820 5821 5822 5823 5824 5826 5827 5828 5829 5830 5831 5832 5833
5818 5819 5820 5821 5822 5823 5824 5825 5827 5828 5829 5830 5831 5832 5833 5834
5819 5820 5821 5822 5823 5824 5825 5826 5828 5829 5830 5831 5832 5833 5834 5835
5820 5821 5822 5823 5824 5825 5826 5827 5829 5830 5831 5832 5833 5834 5835 5836
5821 5822 5823 5824 5825 5826 5827 5828 5830 5831 5832 5833 5834 5835 5836 5837
5822 5823 5824 5825 5826 5827 5828 5829 5831 5832 5833 5834 5835 5836 5837 5838
5823 5824 5825 5826 5827 5828 5829 5830 5832 5833 5834 5835 5836 5837 5838 5839
5824 5825 5826 5827 5828 5829 5830 5831 5833 5834 5835 5836 5837 5838 5839 5840
5825 5826 5827 5828 5829 5830 5831 5832 5834 5835 5836 5837 5838 5839 5840 5841
5826 5827 5828 5829 5830 5831 5832 5833 5835 5836 5837 5838 5839 5840 5841 5842
5827 5828 5829 5830 5831 5832 5833 5834 5836 5837 5838 5839 5840 5841 5842 5843
5828 5829 5830 5831 5832 5833 5834 5835 5837 5838 5839 5840 5841 5842 5843 5844
5829 5830 5831 5832 5833 5834 5835 5836 5838 5839 5840 5841 5842 5843 5844 5845
5830 5831 5832 5833 5834 5835 5836 5837 5839 5840 5841 5842 5843 5844 5845 5846
5831 5832 5833 5834 5835 5836 5837 5838 5840 5841 5842 5843 5844 5845 5846 5847
5832 5833 5834 5835 5836 5837 5838 5839 5841 5842 5843 5844 5845 5846 5847 5848
5833 5834 5835 5836 5837 5838 5839 5840 5842 5843 5844 5845 5846 5847 5848 5849
5834 5835 5836 5837 5838 5839 5840 5841 5843 5844 5845 5846 5847 5848 5849 5850
5835 5836 5837 5838 5839 5840 5841 5842 5844 5845 5846 5847 5848 5849 5850 5851
5836 5837 5838 5839 5840 5841 5842 5843 5845 5846 5847 5848 5849 5850 5851 5852
5837 5838 5839 5840 5841 5842 5843 5844 5846 5847 5848 5849 5850 5851 5852 5853
5838 5839 5840 5841 5842 5843 5844 5845 5847 5848 5849 5850 5851 5852 5853 5854
5839 5840 5841 5842 5843 5844 5845 5846 5848 5849 5850 5851 5852 5853 5854 5855
5840 5841 5842 5843 5844 5845 5846 5847 5849 5850 5851 5852 5853 5854 5855 5856
5841 5842 5843 5844 5845 5846 5847 5848 5850 5851 5852 5853 5854 5855 5856 5857
5842 5843 5844 5845 5846 5847 5848 5849 5851 5852 5853 5854 5855 5856 5857 5858
5843 5844 5845 5846 5847 5848 5849 5850 5852 5853 5854 5855 5856 5857 5858 5859
5844 5845 5846 5847 5848 5849 5850 5851 5853 5854 5855 5856 5857 5858 5859 5860
5845 5846 5847 5848 5849 5850 5851 5852 5854 5855 5856 5857 5858 5859 5860 5861
5846 5847 5848 5849 5850 5851 5852 5853 5855 5856 5857 5858 5859 5860 5861 5862
5847 5848 5849 5850 5851 5852 5853 5854 5856 5857 5858 5859 5860 5861 5862 5863
5848 5849 5850 5851 5852 5853 5854 5855 5857 5858 5859 5860 5861 5862 5863 5864
5849 5850 5851 5852 5853 5854 5855 5856 5858 5859 5860 5861 5862 5863 5864 5865
5850 5851 5852 5853 5854 5855 5856 5857 5859 5860 5861 5862 5863 5864 5865 5866
5851 5852 5853 5854 5855 5856 5857 5858 5860 5861 5862 5863 5864 5865 5866 5867
5852 5853 5854 5855 5856 5857 5858 5859 5861 5862 5863 5864 5865 5866 5867 5868
5853 5854 5855 5856 5857 5858 5859 5860 5862 5863 5864 5865 5866 5867 5868 5869
5854 5855 5856 5857 5858 5859 5860 5861 5863 5864 5865 5866 5867 5868 5869 5870
5855 5856 5857 5858 5859 5860 5861 5862 5864 5865 5866 5867 5868 5869 5870 5871
5856 5857 5858 5859 5860 5861 5862 5863 5865 5866 5867 5868 5869 5870 5871 5872
5857 5858 5859 5860 5861 5862 5863 5864 5866 5867 5868 5869 5870 5871 5872 5873
5858 5859 5860 5861 5862 5863 5864 5865 5867 5868 5869 5870 5871 5872 5873 5874
5859 5860 5861 5862 5863 5864 5865 5866 5868 5869 5870 5871 5872 5873 5874 5875
5860 5861 5862 5863 5864 5865 5866 5867 5869 5870 5871 5872 5873 5874 5875 5876
5861 5862 5863 5864 5865 5866 5867 5868 5870 5871 5872 5873 5874 5875 5876 5877
5862 5863 5864 5865 5866 5867 5868 5869 5871 5872 5873 5874 5875 5876 5877 5878
5863 5864 5865 5866 5867 5868 5869 5870 5872 5873 5874 5875 5876 5877 5878 5879
5864 5865 5866 5867 5868 5869 5870 5871 5873 5874 5875 5876 5877 5878 5879 5880
5865 5866 5867 5868 5869 5870 5871 5872 5874 5875 5876 5877 5878 5879 5880 5881
5866 5867 5868 5869 5870 5871 5872 5873 5875 5876 5877 5878 5879 5880 5881 5882
5867 5868 5869 5870 5871 5872 5873 5874 5876 5877 5878 5879 5880 5881 5882 5883
5868 5869 5870 5871 5872 5873 5874 5875 5877 5878 5879 5880 5881 5882 5883 5884
5869 5870 5871 5872 5873 5874 5875 5876 5878 5879 5880 5881 5882 5883 5884 5885
5870 5871 5872 5873 5874 5875 5876 5877 5879 5880 5881 5882 5883 5884 5885 5886
5871 5872 5873 5874 5875 5876 5877 5878 5880 5881 5882 5883 5884 5885 5886 5887
5872 5873 5874 5875 5876 5877 5878 5879 5881 5882 5883 5884 5885 5886 5887 5888
5873 5874 5875 5876 5877 5878 5879 5880 5882 5883 5884 5885 5886 5887 5888 5889
5874 5875 5876 5877 5878 5879 5880 5881 5883 5884 5885 5886 5887 5888 5889 5890
5875 5876 5877 5878 5879 5880 5881 5882 5884 5885 5886 5887 5888 5889 5890 5891
5876 5877 5878 5879 5880 5881 5882 5883 5885 5886 5887 5888 5889 5890 5891 5892
5877 5878 5879 5880 5881 5882 5883 5884 5886 5887 5888 5889 5890 5891 5892 5893
5878 5879 5880 5881 5882 5883 5884 5885 5887 5888 5889 5890 5891 5892 5893 5894
5879 5880 5881 5882 5883 5884 5885 5886 5888 5889 5890 5891 5892 5893 5894 5895
5880 5881 5882 5883 5884 5885 5886 5887 5889 5890 5891 5892 5893 5894 5895 5896
5881 5882 5883 5884 5885 5886 5887 5888 5890 5891 5892 5893 5894 5895 5896 5897
5882 5883 5884 5885 5886 5887 5888 5889 5891 5892 5893 5894 5895 5896 5897 5898
5883 5884 5885 5886 5887 5888 5889 5890 5892 5893 5894 5895 5896 5897 5898 5899
5884 5885 5886 5887 5888 5889 5890 5891 5893 5894 5895 5896 5897 5898 5899 5900
5885 5886 5887 5888 5889 5890 5891 5892 5894 5895 5896 5897 5898 5899 5900 5901
5886 5887 5888 5889 5890 5891 5892 5893 5895 5896 5897 5898 5899 5900 5901 5902
5887 5888 5889 5890 5891 5892 5893 5894 5896 5897 5898 5899 5900 5901 5902 5903
5888 5889 5890 5891 5892 5893 5894 5895 5897 5898 5899 5900 5901 5902 5903 5904
5889 5890 5891 5892 5893 5894 5895 5896 5898 5899 5900 5901 5902 5903 5904 5905
5890 5891 5892 5893 5894 5895 5896 5897 5899 5900 5901 5902 5903 5904 5905 5906
5891 5892 5893 5894 5895 5896 5897 5898 5900 5901 5902 5903 5904 5905 5906 5907
5892 5893 5894 5895 5896 5897 5898 5899 5901 5902 5903 5904 5905 5906 5907 5908
5893 5894 5895 5896 5897 5898 5899 5900 5902 5903 5904 5905 5906 5907 5908 5909
5894 5895 5896 5897 5898 5899 5900 5901 5903 5904 5905 5906 5907 5908 5909 5910
5895 5896 5897 5898 5899 5900 5901 5902 5904 5905 5906 5907 5908 5909 5910 5911
5896 5897 5898 5899 5900 5901 5902 5903 5905 5906 5907 5908 5909 5910 5911 5912
5897 5898 5899 5900 5901 5902 5903 5904 5906 5907 5908 5909 5910 5911 5912 5913
5898 5899 5900 5901 5902 5903 5904 5905 5907 5908 5909 5910 5911 5912 5913 5914
5899 5900 5901 5902 5903 5904 5905 5906 5908 5909 5910 5911 5912 5913 5914 5915
5900 5901 5902 5903 5904 5905 5906 5907 5909 5910 5911 5912 5913 5914 5915 5916
5901 5902 5903 5904 5905 5906 5907 5908 5910 5911 5912 5913 5914 5915 5916 5917
5902 5903 5904 5905 5906 5907 5908 5909 5911 5912 5913 5914 5915 5916 5917 5918
5903 5904 5905 5906 5907 5908 5909 5910 5912 5913 5914 5915 5916 5917 5918 5919
5904 5905 5906 5907 5908 5909 5910 5911 5913 5914 5915 5916 5917 5918 5919 5920
5905 5906 5907 5908 5909 5910 5911 5912 5914 5915 5916 5917 5918 5919 5920 5921
5906 5907 5908 5909 5910 5911 5912 5913 5915 5916 5917 5918 5919 5920 5921 5922
5907 5908 5909 5910 5911 5912 5913 5914 5916 5917 5918 5919 5920 5921 5922 5923
5908 5909 5910 5911 5912 5913 5914 5915 5917 5918 5919 5920 5921 5922 5923 5924
5909 5910 5911 5912 5913 5914 5915 5916 5918 5919 5920 5921 5922 5923 5924 5925
5910 5911 5912 5913 5914 5915 5916 5917 5919 5920 5921 5922 5923 5924 5925 5926
5911 5912 5913 5914 5915 5916 5917 5918 5920 5921 5922 5923 5924 5925 5926 5927
5912 5913 5914 5915 5916 5917 5918 5919 5921 5922 5923 5924 5925 5926 5927 5928
5913 5914 5915 5916 5917 5918 5919 5920 5922 5923 5924 5925 5926 5927 5928 5929
5914 5915 5916 5917 5918 5919 5920 5921 5923 5924 5925 5926 5927 5928 5929 5930
5915 5916 5917 5918 5919 5920 5921 5922 5924 5925 5926 5927 5928 5929 5930 5931
5916 5917 5918 5919 5920 5921 5922 5923 5925 5926 5927 5928 5929 5930 5931 5932
5917 5918 5919 5920 5921 5922 5923 5924 5926 5927 5928 5929 5930 5931 5932 5933
5918 5919 5920 5921 5922 5923 5924 5925 5927 5928 5929 5930 5931 5932 5933 5934
5919 5920 5921 5922 5923 5924 5925 5926 5928 5929 5930 5931 5932 5933 5934 5935
5920 5921 5922 5923 5924 5925 5926 5927 5929 5930 5931 5932 5933 5934 5935 5936
5921 5922 5923 5924 5925 5926 5927 5928 5930 5931 5932 5933 5934 5935 5936 5937
5922 5923 5924 5925 5926 5927 5928 5929 5931 5932 5933 5934 5935 5936 5937 5938
5923 5924 5925 5926 5927 5928 5929 5930 5932 5933 5934 5935 5936 5937 5938 5939
5924 5925 5926 5927 5928 5929 5930 5931 5933 5934 5935 5936 5937 5938 5939 5940
5925 5926 5927 5928 5929 5930 5931 5932 5934 5935 5936 5937 5938 5939 5940 5941
5926 5927 5928 5929 5930 5931 5932 5933 5935 5936 5937 5938 5939 5940 5941 5942
5927 5928 5929 5930 5931 5932 5933 5934 5936 5937 5938 5939 5940 5941 5942 5943
5928 5929 5930 5931 5932 5933 5934 5935 5937 5938 5939 5940 5941 5942 5943 5944
5929 5930 5931 5932 5933 5934 5935 5936 5938 5939 5940 5941 5942 5943 5944 5945
5930 5931 5932 5933 5934 5935 5936 5937 5939 5940 5941 5942 5943 5944 5945 5946
5931 5932 5933 5934 5935 5936 5937 5938 5940 5941 5942 5943 5944 5945 5946 5947
5932 5933 5934 5935 5936 5937 5938 5939 5941 5942 5943 5944 5945 5946 5947 5948
5933 5934 5935 5936 5937 5938 5939 5940 5942 5943 5944 5945 5946 5947 5948 5949
5934 5935 5936 5937 5938 5939 5940 5941 5943 5944 5945 5946 5947 5948 5949 5950
5935 5936 5937 5938 5939 5940 5941 5942 5944 5945 5946 5947 5948 5949 5950 5951
5936 5937 5938 5939 5940 5941 5942 5943 5945 5946 5947 5948 5949 5950 5951 5952
5937 5938 5939 5940 5941 5942 5943 5944 5946 5947 5948 5949 5950 5951 5952 5953
5938 5939 5940 5941 5942 5943 5944 5945 5947 5948 5949 5950 5951 5952 5953 5954
5939 5940 5941 5942 5943 5944 5945 5946 5948 5949 5950 5951 5952 5953 5954 5955
5940 5941 5942 5943 5944 5945 5946 5947 5949 5950 5951 5952 5953 5954 5955 5956
5941 5942 5943 5944 5945 5946 5947 5948 5950 5951 5952 5953 5954 5955 5956 5957
5942 5943 5944 5945 5946 5947 5948 5949 5951 5952 5953 5954 5955 5956 5957 5958
5943 5944 5945 5946 5947 5948 5949 5950 5952 5953 5954 5955 5956 5957 5958 5959
5944 5945 5946 5947 5948 5949 5950 5951 5953 5954 5955 5956 5957 5958 5959 5960
5945 5946 5947 5948 5949 5950 5951 5952 5954 5955 5956 5957 5958 5959 5960 5961
5946 5947 5948 5949 5950 5951 5952 5953 5955 5956 5957 5958 5959 5960 5961 5962
5947 5948 5949 5950 5951 5952 5953 5954 5956 5957 5958 5959 5960 5961 5962 5963
5948 5949 5950 5951 5952 5953 5954 5955 5957 5958 5959 5960 5961 5962 5963 5964
5949 5950 5951 5952 5953 5954 5955 5956 5958 5959 5960 5961 5962 5963 5964 5965
5950 5951 5952 5953 5954 5955 5956 5957 5959 5960 5961 5962 5963 5964 5965 5966
5951 5952 5953 5954 5955 5956 5957 5958 5960 5961 5962 5963 5964 5965 5966 5967
5952 5953 5954 5955 5956 5957 5958 5959 5961 5962 5963 5964 5965 5966 5967 5968
5953 5954 5955 5956 5957 5958 5959 5960 5962 5963 5964 5965 5966 5967 5968 5969
5954 5955 5956 5957 5958 5959 5960 5961 5963 5964 5965 5966 5967 5968 5969 5970
5955 5956 5957 5958 5959 5960 5961 5962 5964 5965 5966 5967 5968 5969 5970 5971
5956 5957 5958 5959 5960 5961 5962 5963 5965 5966 5967 5968 5969 5970 5971 5972
5957 5958 5959 5960 5961 5962 5963 5964 5966 5967 5968 5969 5970 5971 5972 5973
5958 5959 5960 5961 5962 5963 5964 5965 5967 5968 5969 5970 5971 5972 5973 5974
5959 5960 5961 5962 5963 5964 5965 5966 5968 5969 5970 5971 5972 5973 5974 5975
5960 5961 5962 5963 5964 5965 5966 5967 5969 5970 5971 5972 5973 5974 5975 5976
5961 5962 5963 5964 5965 5966 5967 5968 5970 5971 5972 5973 5974 5975 5976 5977
5962 5963 5964 5965 5966 5967 5968 5969 5971 5972 5973 5974 5975 5976 5977 5978
5963 5964 5965 5966 5967 5968 5969 5970 5972 5973 5974 5975 5976 5977 5978 5979
5964 5965 5966 5967 5968 5969 5970 5971 5973 5974 5975 5976 5977 5978 5979 5980
5965 5966 5967 5968 5969 5970 5971 5972 5974 5975 5976 5977 5978 5979 5980 5981
5966 5967 5968 5969 5970 5971 5972 5973 5975 5976 5977 5978 5979 5980 5981 5982
5967 5968 5969 5970 5971 5972 5973 5974 5976 5977 5978 5979 5980 5981 5982 5983
5968 5969 5970 5971 5972 5973 5974 5975 5977 5978 5979 5980 5981 5982 5983 5984
5969 5970 5971 5972 5973 5974 5975 5976 5978 5979 5980 5981 5982 5983 5984 5985
5970 5971 5972 5973 5974 5975 5976 5977 5979 5980 5981 5982 5983 5984 5985 5986
5971 5972 5973 5974 5975 5976 5977 5978 5980 5981 5982 5983 5984 5985 5986 5987
5972 5973 5974 5975 5976 5977 5978 5979 5981 5982 5983 5984 5985 5986 5987 5988
5973 5974 5975 5976 5977 5978 5979 5980 5982 5983 5984 5985 5986 5987 5988 5989
5974 5975 5976 5977 5978 5979 5980 5981 5983 5984 5985 5986 5987 5988 5989 5990
5975 5976 5977 5978 5979 5980 5981 5982 5984 5985 5986 5987 5988 5989 5990 5991
5976 5977 5978 5979 5980 5981 5982 5983 5985 5986 5987 5988 5989 5990 5991 5992
5977 5978 5979 5980 5981 5982 5983 5984 5986 5987 5988 5989 5990 5991 5992 5993
5978 5979 5980 5981 5982 5983 5984 5985 5987 5988 5989 5990 5991 5992 5993 5994
5979 5980 5981 5982 5983 5984 5985 5986 5988 5989 5990 5991 5992 5993 5994 5995
5980 5981 5982 5983 5984 5985 5986 5987 5989 5990 5991 5992 5993 5994 5995 5996
5981 5982 5983 5984 5985 5986 5987 5988 5990 5991 5992 5993 5994 5995 5996 5997
5982 5983 5984 5985 5986 5987 5988 5989 5991 5992 5993 5994 5995 5996 5997 5998
5983 5984 5985 5986 5987 5988 5989 5990 5992 5993 5994 5995 5996 5997 5998 5999
5984 5985 5986 5987 5988 5989 5990 5991 5993 5994 5995 5996 5997 5998 5999 6000
5985 5986 5987 5988 5989 5990 5991 5992 5994 5995 5996 5997 5998 5999 6000 6001
5986 5987 5988 5989 5990 5991 5992 5993 5995 5996 5997 5998 5999 6000 6001 6002
5987 5988 5989 5990 5991 5992 5993 5994 5996 5997 5998 5999 6000 6001 6002 6003
5988 5989 5990 5991 5992 5993 5994 5995 5997 5998 5999 6000 6001 6002 6003 6004
5989 5990 5991 5992 5993 5994 5995 5996 5998 5999 6000 6001 6002 6003 6004 6005
5990 5991 5992 5993 5994 5995 5996 5997 5999 6000 6001 6002 6003 6004 6005 6006
5991 5992 5993 5994 5995 5996 5997 5998 6000 6001 6002 6003 6004 6005 6006 6007
5992 5993 5994 5995 5996 5997 5998 5999 6001 6002 6003 6004 6005 6006 6007 6008
5993 5994 5995 5996 5997 5998 5999 6000 6002 6003 6004 6005 6006 6007 6008 6009
5994 5995 5996 5997 5998 5999 6000 6001 6003 6004 6005 6006 6007 6008 6009 6010
5995 5996 5997 5998 5999 6000 6001 6002 6004 6005 6006 6007 6008 6009 6010 6011
5996 5997 5998 5999 6000 6001 6002 6003 6005 6006 6007 6008 6009 6010 6011 6012
5997 5998 5999 6000 6001 6002 6003 6004 6006 6007 6008 6009 6010 6011 6012 6013
5998 5999 6000 6001 6002 6003 6004 6005 6007 6008 6009 6010 6011 6012 6013 6014
5999 6000 6001 6002 6003 6004 6005 6006 6008 6009 6010 6011 6012 6013 6014 6015
6000 6001 6002 6003 6004 6005 6006 6007 6009 6010 6011 6012 6013 6014 6015 6016
6001 6002 6003 6004 6005 6006 6007 6008 6010 6011 6012 6013 6014 6015 6016 6017
6002 6003 6004 6005 6006 6007 6008 6009 6011 6012 6013 6014 6015 6016 6017 6018
6003 6004 6005 6006 6007 6008 6009 6010 6012 6013 6014 6015 6016 6017 6018 6019
6004 6005 6006 6007 6008 6009 6010 6011 6013 6014 6015 6016 6017 6018 6019 6020
6005 6006 6007 6008 6009 6010 6011 6012 6014 6015 6016 6017 6018 6019 6020 6021
6006 6007 6008 6009 6010 6011 6012 6013 6015 6016 6017 6018 6019 6020 6021 6022
6007 6008 6009 6010 6011 6012 6013 6014 6016 6017 6018 6019 6020 6021 6022 6023
6008 6009 6010 6011 6012 6013 6014 6015 6017 6018 6019 6020 6021 6022 6023 6024
6009 6010 6011 6012 6013 6014 6015 6016 6018 6019 6020 6021 6022 6023 6024 6025
6010 6011 6012 6013 6014 6015 6016 6017 6019 6020 6021 6022 6023 6024 6025 6026
6011 6012 6013 6014 6015 6016 6017 6018 6020 6021 6022 6023 6024 6025 6026 6027
6012 6013 6014 6015 6016 6017 6018 6019 6021 6022 6023 6024 6025 6026 6027 6028
6013 6014 6015 6016 6017 6018 6019 6020 6022 6023 6024 6025 6026 6027 6028 6029
6014 6015 6016 6017 6018 6019 6020 6021 6023 6024 6025 6026 6027 6028 6029 6030
6015 6016 6017 6018 6019 6020 6021 6022 6024 6025 6026 6027 6028 6029 6030 6031
6016 6017 6018 6019 6020 6021 6022 6023 6025 6026 6027 6028 6029 6030 6031 6032
6017 6018 6019 6020 6021 6022 6023 6024 6026 6027 6028 6029 6030 6031 6032 6033
6018 6019 6020 6021 6022 6023 6024 6025 6027 6028 6029 6030 6031 6032 6033 6034
6019 6020 6021 6022 6023 6024 6025 6026 6028 6029 6030 6031 6032 6033 6034 6035
6020 6021 6022 6023 6024 6025 6026 6027 6029 6030 6031 6032 6033 6034 6035 6036
6021 6022 6023 6024 6025 6026 6027 6028 6030 6031 6032 6033 6034 6035 6036 6037
6022 6023 6024 6025 6026 6027 6028 6029 6031 6032 6033 6034 6035 6036 6037 6038
6023 6024 6025 6026 6027 6028 6029 6030 6032 6033 6034 6035 6036 6037 6038 6039
6024 6025 6026 6027 6028 6029 6030 6031 6033 6034 6035 6036 6037 6038 6039 6040
6025 6026 6027 6028 6029 6030 6031 6032 6034 6035 6036 6037 6038 6039 6040 6041
6026 6027 6028 6029 6030 6031 6032 6033 6035 6036 6037 6038 6039 6040 6041 6042
6027 6028 6029 6030 6031 6032 6033 6034 6036 6037 6038 6039 6040 6041 6042 6043
6028 6029 6030 6031 6032 6033 6034 6035 6037 6038 6039 6040 6041 6042 6043 6044
6029 6030 6031 6032 6033 6034 6035 6036 6038 6039 6040 6041 6042 6043 6044 6045
6030 6031 6032 6033 6034 6035 6036 6037 6039 6040 6041 6042 6043 6044 6045 6046
6031 6032 6033 6034 6035 6036 6037 6038 6040 6041 6042 6043 6044 6045 6046 6047
6032 6033 6034 6035 6036 6037 6038 6039 6041 6042 6043 6044 6045 6046 6047 6048
6033 6034 6035 6036 6037 6038 6039 6040 6042 6043 6044 6045 6046 6047 6048 6049
6034 6035 6036 6037 6038 6039 6040 6041 6043 6044 6045 6046 6047 6048 6049 6050
6035 6036 6037 6038 6039 6040 6041 6042 6044 6045 6046 6047 6048 6049 6050 6051
6036 6037 6038 6039 6040 6041 6042 6043 6045 6046 6047 6048 6049 6050 6051 6052
6037 6038 6039 6040 6041 6042 6043 6044 6046 6047 6048 6049 6050 6051 6052 6053
6038 6039 6040 6041 6042 6043 6044 6045 6047 6048 6049 6050 6051 6052 6053 6054
6039 6040 6041 6042 6043 6044 6045 6046 6048 6049 6050 6051 6052 6053 6054 6055
6040 6041 6042 6043 6044 6045 6046 6047 6049 6050 6051 6052 6053 6054 6055 6056
6041 6042 6043 6044 6045 6046 6047 6048 6050 6051 6052 6053 6054 6055 6056 6057
6042 6043 6044 6045 6046 6047 6048 6049 6051 6052 6053 6054 6055 6056 6057 6058
6043 6044 6045 6046 6047 6048 6049 6050 6052 6053 6054 6055 6056 6057 6058 6059
6044 6045 6046 6047 6048 6049 6050 6051 6053 6054 6055 6056 6057 6058 6059 6060
6045 6046 6047 6048 6049 6050 6051 6052 6054 6055 6056 6057 6058 6059 6060 6061
6046 6047 6048 6049 6050 6051 6052 6053 6055 6056 6057 6058 6059 6060 6061 6062
6047 6048 6049 6050 6051 6052 6053 6054 6056 6057 6058 6059 6060 6061 6062 6063
6048 6049 6050 6051 6052 6053 6054 6055 6057 6058 6059 6060 6061 6062 6063 6064
6049 6050 6051 6052 6053 6054 6055 6056 6058 6059 6060 6061 6062 6063 6064 6065
6050 6051 6052 6053 6054 6055 6056 6057 6059 6060 6061 6062 6063 6064 6065 6066
6051 6052 6053 6054 6055 6056 6057 6058 6060 6061 6062 6063 6064 6065 6066 6067
6052 6053 6054 6055 6056 6057 6058 6059 6061 6062 6063 6064 6065 6066 6067 6068
6053 6054 6055 6056 6057 6058 6059 6060 6062 6063 6064 6065 6066 6067 6068 6069
6054 6055 6056 6057 6058 6059 6060 6061 6063 6064 6065 6066 6067 6068 6069 6070
6055 6056 6057 6058 6059 6060 6061 6062 6064 6065 6066 6067 6068 6069 6070 6071
6056 6057 6058 6059 6060 6061 6062 6063 6065 6066 6067 6068 6069 6070 6071 6072
6057 6058 6059 6060 6061 6062 6063 6064 6066 6067 6068 6069 6070 6071 6072 6073
6058 6059 6060 6061 6062 6063 6064 6065 6067 6068 6069 6070 6071 6072 6073 6074
6059 6060 6061 6062 6063 6064 6065 6066 6068 6069 6070 6071 6072 6073 6074 6075
6060 6061 6062 6063 6064 6065 6066 6067 6069 6070 6071 6072 6073 6074 6075 6076
6061 6062 6063 6064 6065 6066 6067 6068 6070 6071 6072 6073 6074 6075 6076 6077
6062 6063 6064 6065 6066 6067 6068 6069 6071 6072 6073 6074 6075 6076 6077 6078
6063 6064 6065 6066 6067 6068 6069 6070 6072 6073 6074 6075 6076 6077 6078 6079
6064 6065 6066 6067 6068 6069 6070 6071 6073 6074 6075 6076 6077 6078 6079 6080
6065 6066 6067 6068 6069 6070 6071 6072 6074 6075 6076 6077 6078 6079 6080 6081
6066 6067 6068 6069 6070 6071 6072 6073 6075 6076 6077 6078 6079 6080 6081 6082
6067 6068 6069 6070 6071 6072 6073 6074 6076 6077 6078 6079 6080 6081 6082 6083
6068 6069 6070 6071 6072 6073 6074 6075 6077 6078 6079 6080 6081 6082 6083 6084
6069 6070 6071 6072 6073 6074 6075 6076 6078 6079 6080 6081 6082 6083 6084 6085
6070 6071 6072 6073 6074 6075 6076 6077 6079 6080 6081 6082 6083 6084 6085 6086
6071 6072 6073 6074 6075 6076 6077 6078 6080 6081 6082 6083 6084 6085 6086 6087
6072 6073 6074 6075 6076 6077 6078 6079 6081 6082 6083 6084 6085 6086 6087 6088
6073 6074 6075 6076 6077 6078 6079 6080 6082 6083 6084 6085 6086 6087 6088 6089
6074 6075 6076 6077 6078 6079 6080 6081 6083 6084 6085 6086 6087 6088 6089 6090
6075 6076 6077 6078 6079 6080 6081 6082 6084 6085 6086 6087 6088 6089 6090 6091
6076 6077 6078 6079 6080 6081 6082 6083 6085 6086 6087 6088 6089 6090 6091 6092
6077 6078 6079 6080 6081 6082 6083 6084 6086 6087 6088 6089 6090 6091 6092 6093
6078 6079 6080 6081 6082 6083 6084 6085 6087 6088 6089 6090 6091 6092 6093 6094
6079 6080 6081 6082 6083 6084 6085 6086 6088 6089 6090 6091 6092 6093 6094 6095
6080 6081 6082 6083 6084 6085 6086 6087 6089 6090 6091 6092 6093 6094 6095 6096
6081 6082 6083 6084 6085 6086 6087 6088 6090 6091 6092 6093 6094 6095 6096 6097
6082 6083 6084 6085 6086 6087 6088 6089 6091 6092 6093 6094 6095 6096 6097 6098
6083 6084 6085 6086 6087 6088 6089 6090 6092 6093 6094 6095 6096 6097 6098 6099
6084 6085 6086 6087 6088 6089 6090 6091 6093 6094 6095 6096 6097 6098 6099 6100
6085 6086 6087 6088 6089 6090 6091 6092 6094 6095 6096 6097 6098 6099 6100 6101
6086 6087 6088 6089 6090 6091 6092 6093 6095 6096 6097 6098 6099 6100 6101 6102
6087 6088 6089 6090 6091 6092 6093 6094 6096 6097 6098 6099 6100 6101 6102 6103
6088 6089 6090 6091 6092 6093 6094 6095 6097 6098 6099 6100 6101 6102 6103 6104
6089 6090 6091 6092 6093 6094 6095 6096 6098 6099 6100 6101 6102 6103 6104 6105
6090 6091 6092 6093 6094 6095 6096 6097 6099 6100 6101 6102 6103 6104 6105 6106
6091 6092 6093 6094 6095 6096 6097 6098 6100 6101 6102 6103 6104 6105 6106 6107
6092 6093 6094 6095 6096 6097 6098 6099 6101 6102 6103 6104 6105 6106 6107 6108
6093 6094 6095 6096 6097 6098 6099 6100 6102 6103 6104 6105 6106 6107 6108 6109
6094 6095 6096 6097 6098 6099 6100 6101 6103 6104 6105 6106 6107 6108 6109 6110
6095 6096 6097 6098 6099 6100 6101 6102 6104 6105 6106 6107 6108 6109 6110 6111
6096 6097 6098 6099 6100 6101 6102 6103 6105 6106 6107 6108 6109 6110 6111 6112
6097 6098 6099 6100 6101 6102 6103 6104 6106 6107 6108 6109 6110 6111 6112 6113
6098 6099 6100 6101 6102 6103 6104 6105 6107 6108 6109 6110 6111 6112 6113 6114
6099 6100 6101 6102 6103 6104 6105 6106 6108 6109 6110 6111 6112 6113 6114 6115
6100 6101 6102 6103 6104 6105 6106 6107 6109 6110 6111 6112 6113 6114 6115 6116
6101 6102 6103 6104 6105 6106 6107 6108 6110 6111 6112 6113 6114 6115 6116 6117
6102 6103 6104 6105 6106 6107 6108 6109 6111 6112 6113 6114 6115 6116 6117 6118
6103 6104 6105 6106 6107 6108 6109 6110 6112 6113 6114 6115 6116 6117 6118 6119
6104 6105 6106 6107 6108 6109 6110 6111 6113 6114 6115 6116 6117 6118 6119 6120
6105 6106 6107 6108 6109 6110 6111 6112 6114 6115 6116 6117 6118 6119 6120 6121
6106 6107 6108 6109 6110 6111 6112 6113 6115 6116 6117 6118 6119 6120 6121 6122
6107 6108 6109 6110 6111 6112 6113 6114 6116 6117 6118 6119 6120 6121 6122 6123
6108 6109 6110 6111 6112 6113 6114 6115 6117 6118 6119 6120 6121 6122 6123 6124
6109 6110 6111 6112 6113 6114 6115 6116 6118 6119 6120 6121 6122 6123 6124 6125
6110 6111 6112 6113 6114 6115 6116 6117 6119 6120 6121 6122 6123 6124 6125 6126
6111 6112 6113 6114 6115 6116 6117 6118 6120 6121 6122 6123 6124 6125 6126 6127
6112 6113 6114 6115 6116 6117 6118 6119 6121 6122 6123 6124 6125 6126 6127 6128
6113 6114 6115 6116 6117 6118 6119 6120 6122 6123 6124 6125 6126 6127 6128 6129
6114 6115 6116 6117 6118 6119 6120 6121 6123 6124 6125 6126 6127 6128 6129 6130
6115 6116 6117 6118 6119 6120 6121 6122 6124 6125 6126 6127 6128 6129 6130 6131
6116 6117 6118 6119 6120 6121 6122 6123 6125 6126 6127 6128 6129 6130 6131 6132
6117 6118 6119 6120 6121 6122 6123 6124 6126 6127 6128 6129 6130 6131 6132 6133
6118 6119 6120 6121 6122 6123 6124 6125 6127 6128 6129 6130 6131 6132 6133 6134
6119 6120 6121 6122 6123 6124 6125 6126 6128 6129 6130 6131 6132 6133 6134 6135
6120 6121 6122 6123 6124 6125 6126 6127 6129 6130 6131 6132 6133 6134 6135 6136
6121 6122 6123 6124 6125 6126 6127 6128 6130 6131 6132 6133 6134 6135 6136 6137
6122 6123 6124 6125 6126 6127 6128 6129 6131 6132 6133 6134 6135 6136 6137 6138
6123 6124 6125 6126 6127 6128 6129 6130 6132 6133 6134 6135 6136 6137 6138 6139
6124 6125 6126 6127 6128 6129 6130 6131 6133 6134 6135 6136 6137 6138 6139 6140
6125 6126 6127 6128 6129 6130 6131 6132 6134 6135 6136 6137 6138 6139 6140 6141
6126 6127 6128 6129 6130 6131 6132 6133 6135 6136 6137 6138 6139 6140 6141 6142
6127 6128 6129 6130 6131 6132 6133 6134 6136 6137 6138 6139 6140 6141 6142 6143
6128 6129 6130 6131 6132 6133 6134 6135 6137 6138 6139 6140 6141 6142 6143 6144
6129 6130 6131 6132 6133 6134 6135 6136 6138 6139 6140 6141 6142 6143 6144 6145
6130 6131 6132 6133 6134 6135 6136 6137 6139 6140 6141 6142 6143 6144 6145 6146
6131 6132 6133 6134 6135 6136 6137 6138 6140 6141 6142 6143 6144 6145 6146 6147
6132 6133 6134 6135 6136 6137 6138 6139 6141 6142 6143 6144 6145 6146 6147 6148
6133 6134 6135 6136 6137 6138 6139 6140 6142 6143 6144 6145 6146 6147 6148 6149
6134 6135 6136 6137 6138 6139 6140 6141 6143 6144 6145 6146 6147 6148 6149 6150
6135 6136 6137 6138 6139 6140 6141 6142 6144 6145 6146 6147 6148 6149 6150 6151
6136 6137 6138 6139 6140 6141 6142 6143 6145 6146 6147 6148 6149 6150 6151 6152
6137 6138 6139 6140 6141 6142 6143 6144 6146 6147 6148 6149 6150 6151 6152 6153
6138 6139 6140 6141 6142 6143 6144 6145 6147 6148 6149 6150 6151 6152 6153 6154
6139 6140 6141 6142 6143 6144 6145 6146 6148 6149 6150 6151 6152 6153 6154 6155
6140 6141 6142 6143 6144 6145 6146 6147 6149 6150 6151 6152 6153 6154 6155 6156
6141 6142 6143 6144 6145 6146 6147 6148 6150 6151 6152 6153 6154 6155 6156 6157
6142 6143 6144 6145 6146 6147 6148 6149 6151 6152 6153 6154 6155 6156 6157 6158
6143 6144 6145 6146 6147 6148 6149 6150 6152 6153 6154 6155 6156 6157 6158 6159
6144 6145 6146 6147 6148 6149 6150 6151 6153 6154 6155 6156 6157 6158 6159 6160
6145 6146 6147 6148 6149 6150 6151 6152 6154 6155 6156 6157 6158 6159 6160 6161
6146 6147 6148 6149 6150 6151 6152 6153 6155 6156 6157 6158 6159 6160 6161 6162
6147 6148 6149 6150 6151 6152 6153 6154 6156 6157 6158 6159 6160 6161 6162 6163
6148 6149 6150 6151 6152 6153 6154 6155 6157 6158 6159 6160 6161 6162 6163 6164
6149 6150 6151 6152 6153 6154 6155 6156 6158 6159 6160 6161 6162 6163 6164 6165
6150 6151 6152 6153 6154 6155 6156 6157 6159 6160 6161 6162 6163 6164 6165 6166
6151 6152 6153 6154 6155 6156 6157 6158 6160 6161 6162 6163 6164 6165 6166 6167
6152 6153 6154 6155 6156 6157 6158 6159 6161 6162 6163 6164 6165 6166 6167 6168
6153 6154 6155 6156 6157 6158 6159 6160 6162 6163 6164 6165 6166 6167 6168 6169
6154 6155 6156 6157 6158 6159 6160 6161 6163 6164 6165 6166 6167 6168 6169 6170
6155 6156 6157 6158 6159 6160 6161 6162 6164 6165 6166 6167 6168 6169 6170 6171
6156 6157 6158 6159 6160 6161 6162 6163 6165 6166 6167 6168 6169 6170 6171 6172
6157 6158 6159 6160 6161 6162 6163 6164 6166 6167 6168 6169 6170 6171 6172 6173
6158 6159 6160 6161 6162 6163 6164 6165 6167 6168 6169 6170 6171 6172 6173 6174
6159 6160 6161 6162 6163 6164 6165 6166 6168 6169 6170 6171 6172 6173 6174 6175
6160 6161 6162 6163 6164 6165 6166 6167 6169 6170 6171 6172 6173 6174 6175 6176
6161 6162 6163 6164 6165 6166 6167 6168 6170 6171 6172 6173 6174 6175 6176 6177
6162 6163 6164 6165 6166 6167 6168 6169 6171 6172 6173 6174 6175 6176 6177 6178
6163 6164 6165 6166 6167 6168 6169 6170 6172 6173 6174 6175 6176 6177 6178 6179
6164 6165 6166 6167 6168 6169 6170 6171 6173 6174 6175 6176 6177 6178 6179 6180
6165 6166 6167 6168 6169 6170 6171 6172 6174 6175 6176 6177 6178 6179 6180 6181
6166 6167 6168 6169 6170 6171 6172 6173 6175 6176 6177 6178 6179 6180 6181 6182
6167 6168 6169 6170 6171 6172 6173 6174 6176 6177 6178 6179 6180 6181 6182 6183
6168 6169 6170 6171 6172 6173 6174 6175 6177 6178 6179 6180 6181 6182 6183 6184
6169 6170 6171 6172 6173 6174 6175 6176 6178 6179 6180 6181 6182 6183 6184 6185
6170 6171 6172 6173 6174 6175 6176 6177 6179 6180 6181 6182 6183 6184 6185 6186
6171 6172 6173 6174 6175 6176 6177 6178 6180 6181 6182 6183 6184 6185 6186 6187
6172 6173 6174 6175 6176 6177 6178 6179 6181 6182 6183 6184 6185 6186 6187 6188
6173 6174 6175 6176 6177 6178 6179 6180 6182 6183 6184 6185 6186 6187 6188 6189
6174 6175 6176 6177 6178 6179 6180 6181 6183 6184 6185 6186 6187 6188 6189 6190
6175 6176 6177 6178 6179 6180 6181 6182 6184 6185 6186 6187 6188 6189 6190 6191
6176 6177 6178 6179 6180 6181 6182 6183 6185 6186 6187 6188 6189 6190 6191 6192
6177 6178 6179 6180 6181 6182 6183 6184 6186 6187 6188 6189 6190 6191 6192 6193
6178 6179 6180 6181 6182 6183 6184 6185 6187 6188 6189 6190 6191 6192 6193 6194
6179 6180 6181 6182 6183 6184 6185 6186 6188 6189 6190 6191 6192 6193 6194 6195
6180 6181 6182 6183 6184 6185 6186 6187 6189 6190 6191 6192 6193 6194 6195 6196
6181 6182 6183 6184 6185 6186 6187 6188 6190 6191 6192 6193 6194 6195 6196 6197
6182 6183 6184 6185 6186 6187 6188 6189 6191 6192 6193 6194 6195 6196 6197 6198
6183 6184 6185 6186 6187 6188 6189 6190 6192 6193 6194 6195 6196 6197 6198 6199
6184 6185 6186 6187 6188 6189 6190 6191 6193 6194 6195 6196 6197 6198 6199 6200
6185 6186 6187 6188 6189 6190 6191 6192 6194 6195 6196 6197 6198 6199 6200 6201
6186 6187 6188 6189 6190 6191 6192 6193 6195 6196 6197 6198 6199 6200 6201 6202
6187 6188 6189 6190 6191 6192 6193 6194 6196 6197 6198 6199 6200 6201 6202 6203
6188 6189 6190 6191 6192 6193 6194 6195 6197 6198 6199 6200 6201 6202 6203 6204
6189 6190 6191 6192 6193 6194 6195 6196 6198 6199 6200 6201 6202 6203 6204 6205
6190 6191 6192 6193 6194 6195 6196 6197 6199 6200 6201 6202 6203 6204 6205 6206
6191 6192 6193 6194 6195 6196 6197 6198 6200 6201 6202 6203 6204 6205 6206 6207
6192 6193 6194 6195 6196 6197 6198 6199 6201 6202 6203 6204 6205 6206 6207 6208
6193 6194 6195 6196 6197 6198 6199 6200 6202 6203 6204 6205 6206 6207 6208 6209
6194 6195 6196 6197 6198 6199 6200 6201 6203 6204 6205 6206 6207 6208 6209 6210
6195 6196 6197 6198 6199 6200 6201 6202 6204 6205 6206 6207 6208 6209 6210 6211
6196 6197 6198 6199 6200 6201 6202 6203 6205 6206 6207 6208 6209 6210 6211 6212
6197 6198 6199 6200 6201 6202 6203 6204 6206 6207 6208 6209 6210 6211 6212 6213
6198 6199 6200 6201 6202 6203 6204 6205 6207 6208 6209 6210 6211 6212 6213 6214
6199 6200 6201 6202 6203 6204 6205 6206 6208 6209 6210 6211 6212 6213 6214 6215
6200 6201 6202 6203 6204 6205 6206 6207 6209 6210 6211 6212 6213 6214 6215 6216
6201 6202 6203 6204 6205 6206 6207 6208 6210 6211 6212 6213 6214 6215 6216 6217
6202 6203 6204 6205 6206 6207 6208 6209 6211 6212 6213 6214 6215 6216 6217 6218
6203 6204 6205 6206 6207 6208 6209 6210 6212 6213 6214 6215 6216 6217 6218 6219
6204 6205 6206 6207 6208 6209 6210 6211 6213 6214 6215 6216 6217 6218 6219 6220
6205 6206 6207 6208 6209 6210 6211 6212 6214 6215 6216 6217 6218 6219 6220 6221
6206 6207 6208 6209 6210 6211 6212 6213 6215 6216 6217 6218 6219 6220 6221 6222
6207 6208 6209 6210 6211 6212 6213 6214 6216 6217 6218 6219 6220 6221 6222 6223
6208 6209 6210 6211 6212 6213 6214 6215 6217 6218 6219 6220 6221 6222 6223 6224
6209 6210 6211 6212 6213 6214 6215 6216 6218 6219 6220 6221 6222 6223 6224 6225
6210 6211 6212 6213 6214 6215 6216 6217 6219 6220 6221 6222 6223 6224 6225 6226
6211 6212 6213 6214 6215 6216 6217 6218 6220 6221 6222 6223 6224 6225 6226 6227
6212 6213 6214 6215 6216 6217 6218 6219 6221 6222 6223 6224 6225 6226 6227 6228
6213 6214 6215 6216 6217 6218 6219 6220 6222 6223 6224 6225 6226 6227 6228 6229
6214 6215 6216 6217 6218 6219 6220 6221 6223 6224 6225 6226 6227 6228 6229 6230
6215 6216 6217 6218 6219 6220 6221 6222 6224 6225 6226 6227 6228 6229 6230 6231
6216 6217 6218 6219 6220 6221 6222 6223 6225 6226 6227 6228 6229 6230 6231 6232
6217 6218 6219 6220 6221 6222 6223 6224 6226 6227 6228 6229 6230 6231 6232 6233
6218 6219 6220 6221 6222 6223 6224 6225 6227 6228 6229 6230 6231 6232 6233 6234
6219 6220 6221 6222 6223 6224 6225 6226 6228 6229 6230 6231 6232 6233 6234 6235
6220 6221 6222 6223 6224 6225 6226 6227 6229 6230 6231 6232 6233 6234 6235 6236
6221 6222 6223 6224 6225 6226 6227 6228 6230 6231 6232 6233 6234 6235 6236 6237
6222 6223 6224 6225 6226 6227 6228 6229 6231 6232 6233 6234 6235 6236 6237 6238
6223 6224 6225 6226 6227 6228 6229 6230 6232 6233 6234 6235 6236 6237 6238 6239
6224 6225 6226 6227 6228 6229 6230 6231 6233 6234 6235 6236 6237 6238 6239 6240
6225 6226 6227 6228 6229 6230 6231 6232 6234 6235 6236 6237 6238 6239 6240 6241
6226 6227 6228 6229 6230 6231 6232 6233 6235 6236 6237 6238 6239 6240 6241 6242
6227 6228 6229 6230 6231 6232 6233 6234 6236 6237 6238 6239 6240 6241 6242 6243
6228 6229 6230 6231 6232 6233 6234 6235 6237 6238 6239 6240 6241 6242 6243 6244
6229 6230 6231 6232 6233 6234 6235 6236 6238 6239 6240 6241 6242 6243 6244 6245
6230 6231 6232 6233 6234 6235 6236 6237 6239 6240 6241 6242 6243 6244 6245 6246
6231 6232 6233 6234 6235 6236 6237 6238 6240 6241 6242 6243 6244 6245 6246 6247
6232 6233 6234 6235 6236 6237 6238 6239 6241 6242 6243 6244 6245 6246 6247 6248
6233 6234 6235 6236 6237 6238 6239 6240 6242 6243 6244 6245 6246 6247 6248 6249
6234 6235 6236 6237 6238 6239 6240 6241 6243 6244 6245 6246 6247 6248 6249 6250
6235 6236 6237 6238 6239 6240 6241 6242 6244 6245 6246 6247 6248 6249 6250 6251
6236 6237 6238 6239 6240 6241 6242 6243 6245 6246 6247 6248 6249 6250 6251 6252
6237 6238 6239 6240 6241 6242 6243 6244 6246 6247 6248 6249 6250 6251 6252 6253
6238 6239 6240 6241 6242 6243 6244 6245 6247 6248 6249 6250 6251 6252 6253 6254
6239 6240 6241 6242 6243 6244 6245 6246 6248 6249 6250 6251 6252 6253 6254 6255
6240 6241 6242 6243 6244 6245 6246 6247 6249 6250 6251 6252 6253 6254 6255 6256
6241 6242 6243 6244 6245 6246 6247 6248 6250 6251 6252 6253 6254 6255 6256 6257
6242 6243 6244 6245 6246 6247 6248 6249 6251 6252 6253 6254 6255 6256 6257 6258
6243 6244 6245 6246 6247 6248 6249 6250 6252 6253 6254 6255 6256 6257 6258 6259
6244 6245 6246 6247 6248 6249 6250 6251 6253 6254 6255 6256 6257 6258 6259 6260
6245 6246 6247 6248 6249 6250 6251 6252 6254 6255 6256 6257 6258 6259 6260 6261
6246 6247 6248 6249 6250 6251 6252 6253 6255 6256 6257 6258 6259 6260 6261 6262
6247 6248 6249 6250 6251 6252 6253 6254 6256 6257 6258 6259 6260 6261 6262 6263
6248 6249 6250 6251 6252 6253 6254 6255 6257 6258 6259 6260 6261 6262 6263 6264
6249 6250 6251 6252 6253 6254 6255 6256 6258 6259 6260 6261 6262 6263 6264 6265
6250 6251 6252 6253 6254 6255 6256 6257 6259 6260 6261 6262 6263 6264 6265 6266
6251 6252 6253 6254 6255 6256 6257 6258 6260 6261 6262 6263 6264 6265 6266 6267
6252 6253 6254 6255 6256 6257 6258 6259 6261 6262 6263 6264 6265 6266 6267 6268
6253 6254 6255 6256 6257 6258 6259 6260 6262 6263 6264 6265 6266 6267 6268 6269
6254 6255 6256 6257 6258 6259 6260 6261 6263 6264 6265 6266 6267 6268 6269 6270
6255 6256 6257 6258 6259 6260 6261 6262 6264 6265 6266 6267 6268 6269 6270 6271
6256 6257 6258 6259 6260 6261 6262 6263 6265 6266 6267 6268 6269 6270 6271 6272
6257 6258 6259 6260 6261 6262 6263 6264 6266 6267 6268 6269 6270 6271 6272 6273
6258 6259 6260 6261 6262 6263 6264 6265 6267 6268 6269 6270 6271 6272 6273 6274
6259 6260 6261 6262 6263 6264 6265 6266 6268 6269 6270 6271 6272 6273 6274 6275
6260 6261 6262 6263 6264 6265 6266 6267 6269 6270 6271 6272 6273 6274 6275 6276
6261 6262 6263 6264 6265 6266 6267 6268 6270 6271 6272 6273 6274 6275 6276 6277
6262 6263 6264 6265 6266 6267 6268 6269 6271 6272 6273 6274 6275 6276 6277 6278
6263 6264 6265 6266 6267 6268 6269 6270 6272 6273 6274 6275 6276 6277 6278 6279
6264 6265 6266 6267 6268 6269 6270 6271 6273 6274 6275 6276 6277 6278 6279 6280
6265 6266 6267 6268 6269 6270 6271 6272 6274 6275 6276 6277 6278 6279 6280 6281
6266 6267 6268 6269 6270 6271 6272 6273 6275 6276 6277 6278 6279 6280 6281 6282
6267 6268 6269 6270 6271 6272 6273 6274 6276 6277 6278 6279 6280 6281 6282 6283
6268 6269 6270 6271 6272 6273 6274 6275 6277 6278 6279 6280 6281 6282 6283 6284
6269 6270 6271 6272 6273 6274 6275 6276 6278 6279 6280 6281 6282 6283 6284 6285
6270 6271 6272 6273 6274 6275 6276 6277 6279 6280 6281 6282 6283 6284 6285 6286
6271 6272 6273 6274 6275 6276 6277 6278 6280 6281 6282 6283 6284 6285 6286 6287
6272 6273 6274 6275 6276 6277 6278 6279 6281 6282 6283 6284 6285 6286 6287 6288
6273 6274 6275 6276 6277 6278 6279 6280 6282 6283 6284 6285 6286 6287 6288 6289
6274 6275 6276 6277 6278 6279 6280 6281 6283 6284 6285 6286 6287 6288 6289 6290
6275 6276 6277 6278 6279 6280 6281 6282 6284 6285 6286 6287 6288 6289 6290 6291
6276 6277 6278 6279 6280 6281 6282 6283 6285 6286 6287 6288 6289 6290 6291 6292
6277 6278 6279 6280 6281 6282 6283 6284 6286 6287 6288 6289 6290 6291 6292 6293
6278 6279 6280 6281 6282 6283 6284 6285 6287 6288 6289 6290 6291 6292 6293 6294
6279 6280 6281 6282 6283 6284 6285 6286 6288 6289 6290 6291 6292 6293 6294 6295
6280 6281 6282 6283 6284 6285 6286 6287 6289 6290 6291 6292 6293 6294 6295 6296
6281 6282 6283 6284 6285 6286 6287 6288 6290 6291 6292 6293 6294 6295 6296 6297
6282 6283 6284 6285 6286 6287 6288 6289 6291 6292 6293 6294 6295 6296 6297 6298
6283 6284 6285 6286 6287 6288 6289 6290 6292 6293 6294 6295 6296 6297 6298 6299
6284 6285 6286 6287 6288 6289 6290 6291 6293 6294 6295 6296 6297 6298 6299 6300
6285 6286 6287 6288 6289 6290 6291 6292 6294 6295 6296 6297 6298 6299 6300 6301
6286 6287 6288 6289 6290 6291 6292 6293 6295 6296 6297 6298 6299 6300 6301 6302
6287 6288 6289 6290 6291 6292 6293 6294 6296 6297 6298 6299 6300 6301 6302 6303
6288 6289 6290 6291 6292 6293 6294 6295 6297 6298 6299 6300 6301 6302 6303 6304
6289 6290 6291 6292 6293 6294 6295 6296 6298 6299 6300 6301 6302 6303 6304 6305
6290 6291 6292 6293 6294 6295 6296 6297 6299 6300 6301 6302 6303 6304 6305 6306
6291 6292 6293 6294 6295 6296 6297 6298 6300 6301 6302 6303 6304 6305 6306 6307
6292 6293 6294 6295 6296 6297 6298 6299 6301 6302 6303 6304 6305 6306 6307 6308
6293 6294 6295 6296 6297 6298 6299 6300 6302 6303 6304 6305 6306 6307 6308 6309
6294 6295 6296 6297 6298 6299 6300 6301 6303 6304 6305 6306 6307 6308 6309 6310
6295 6296 6297 6298 6299 6300 6301 6302 6304 6305 6306 6307 6308 6309 6310 6311
6296 6297 6298 6299 6300 6301 6302 6303 6305 6306 6307 6308 6309 6310 6311 6312
6297 6298 6299 6300 6301 6302 6303 6304 6306 6307 6308 6309 6310 6311 6312 6313
6298 6299 6300 6301 6302 6303 6304 6305 6307 6308 6309 6310 6311 6312 6313 6314
6299 6300 6301 6302 6303 6304 6305 6306 6308 6309 6310 6311 6312 6313 6314 6315
6300 6301 6302 6303 6304 6305 6306 6307 6309 6310 6311 6312 6313 6314 6315 6316
6301 6302 6303 6304 6305 6306 6307 6308 6310 6311 6312 6313 6314 6315 6316 6317
6302 6303 6304 6305 6306 6307 6308 6309 6311 6312 6313 6314 6315 6316 6317 6318
6303 6304 6305 6306 6307 6308 6309 6310 6312 6313 6314 6315 6316 6317 6318 6319
6304 6305 6306 6307 6308 6309 6310 6311 6313 6314 6315 6316 6317 6318 6319 6320
6305 6306 6307 6308 6309 6310 6311 6312 6314 6315 6316 6317 6318 6319 6320 6321
6306 6307 6308 6309 6310 6311 6312 6313 6315 6316 6317 6318 6319 6320 6321 6322
6307 6308 6309 6310 6311 6312 6313 6314 6316 6317 6318 6319 6320 6321 6322 6323
6308 6309 6310 6311 6312 6313 6314 6315 6317 6318 6319 6320 6321 6322 6323 6324
6309 6310 6311 6312 6313 6314 6315 6316 6318 6319 6320 6321 6322 6323 6324 6325
6310 6311 6312 6313 6314 6315 6316 6317 6319 6320 6321 6322 6323 6324 6325 6326
6311 6312 6313 6314 6315 6316 6317 6318 6320 6321 6322 6323 6324 6325 6326 6327
6312 6313 6314 6315 6316 6317 6318 6319 6321 6322 6323 6324 6325 6326 6327 6328
6313 6314 6315 6316 6317 6318 6319 6320 6322 6323 6324 6325 6326 6327 6328 6329
6314 6315 6316 6317 6318 6319 6320 6321 6323 6324 6325 6326 6327 6328 6329 6330
6315 6316 6317 6318 6319 6320 6321 6322 6324 6325 6326 6327 6328 6329 6330 6331
6316 6317 6318 6319 6320 6321 6322 6323 6325 6326 6327 6328 6329 6330 6331 6332
6317 6318 6319 6320 6321 6322 6323 6324 6326 6327 6328 6329 6330 6331 6332 6333
6318 6319 6320 6321 6322 6323 6324 6325 6327 6328 6329 6330 6331 6332 6333 6334
6319 6320 6321 6322 6323 6324 6325 6326 6328 6329 6330 6331 6332 6333 6334 6335
6320 6321 6322 6323 6324 6325 6326 6327 6329 6330 6331 6332 6333 6334 6335 6336
6321 6322 6323 6324 6325 6326 6327 6328 6330 6331 6332 6333 6334 6335 6336 6337
6322 6323 6324 6325 6326 6327 6328 6329 6331 6332 6333 6334 6335 6336 6337 6338
6323 6324 6325 6326 6327 6328 6329 6330 6332 6333 6334 6335 6336 6337 6338 6339
6324 6325 6326 6327 6328 6329 6330 6331 6333 6334 6335 6336 6337 6338 6339 6340
6325 6326 6327 6328 6329 6330 6331 6332 6334 6335 6336 6337 6338 6339 6340 6341
6326 6327 6328 6329 6330 6331 6332 6333 6335 6336 6337 6338 6339 6340 6341 6342
6327 6328 6329 6330 6331 6332 6333 6334 6336 6337 6338 6339 6340 6341 6342 6343
6328 6329 6330 6331 6332 6333 6334 6335 6337 6338 6339 6340 6341 6342 6343 6344
6329 6330 6331 6332 6333 6334 6335 6336 6338 6339 6340 6341 6342 6343 6344 6345
6330 6331 6332 6333 6334 6335 6336 6337 6339 6340 6341 6342 6343 6344 6345 6346
6331 6332 6333 6334 6335 6336 6337 6338 6340 6341 6342 6343 6344 6345 6346 6347
6332 6333 6334 6335 6336 6337 6338 6339 6341 6342 6343 6344 6345 6346 6347 6348
6333 6334 6335 6336 6337 6338 6339 6340 6342 6343 6344 6345 6346 6347 6348 6349
6334 6335 6336 6337 6338 6339 6340 6341 6343 6344 6345 6346 6347 6348 6349 6350
6335 6336 6337 6338 6339 6340 6341 6342 6344 6345 6346 6347 6348 6349 6350 6351
6336 6337 6338 6339 6340 6341 6342 6343 6345 6346 6347 6348 6349 6350 6351 6352
6337 6338 6339 6340 6341 6342 6343 6344 6346 6347 6348 6349 6350 6351 6352 6353
6338 6339 6340 6341 6342 6343 6344 6345 6347 6348 6349 6350 6351 6352 6353 6354
6339 6340 6341 6342 6343 6344 6345 6346 6348 6349 6350 6351 6352 6353 6354 6355
6340 6341 6342 6343 6344 6345 6346 6347 6349 6350 6351 6352 6353 6354 6355 6356
6341 6342 6343 6344 6345 6346 6347 6348 6350 6351 6352 6353 6354 6355 6356 6357
6342 6343 6344 6345 6346 6347 6348 6349 6351 6352 6353 6354 6355 6356 6357 6358
6343 6344 6345 6346 6347 6348 6349 6350 6352 6353 6354 6355 6356 6357 6358 6359
6344 6345 6346 6347 6348 6349 6350 6351 6353 6354 6355 6356 6357 6358 6359 6360
6345 6346 6347 6348 6349 6350 6351 6352 6354 6355 6356 6357 6358 6359 6360 6361
6346 6347 6348 6349 6350 6351 6352 6353 6355 6356 6357 6358 6359 6360 6361 6362
6347 6348 6349 6350 6351 6352 6353 6354 6356 6357 6358 6359 6360 6361 6362 6363
6348 6349 6350 6351 6352 6353 6354 6355 6357 6358 6359 6360 6361 6362 6363 6364
6349 6350 6351 6352 6353 6354 6355 6356 6358 6359 6360 6361 6362 6363 6364 6365
6350 6351 6352 6353 6354 6355 6356 6357 6359 6360 6361 6362 6363 6364 6365 6366
6351 6352 6353 6354 6355 6356 6357 6358 6360 6361 6362 6363 6364 6365 6366 6367
6352 6353 6354 6355 6356 6357 6358 6359 6361 6362 6363 6364 6365 6366 6367 6368
6353 6354 6355 6356 6357 6358 6359 6360 6362 6363 6364 6365 6366 6367 6368 6369
6354 6355 6356 6357 6358 6359 6360 6361 6363 6364 6365 6366 6367 6368 6369 6370
6355 6356 6357 6358 6359 6360 6361 6362 6364 6365 6366 6367 6368 6369 6370 6371
6356 6357 6358 6359 6360 6361 6362 6363 6365 6366 6367 6368 6369 6370 6371 6372
6357 6358 6359 6360 6361 6362 6363 6364 6366 6367 6368 6369 6370 6371 6372 6373
6358 6359 6360 6361 6362 6363 6364 6365 6367 6368 6369 6370 6371 6372 6373 6374
6359 6360 6361 6362 6363 6364 6365 6366 6368 6369 6370 6371 6372 6373 6374 6375
6360 6361 6362 6363 6364 6365 6366 6367 6369 6370 6371 6372 6373 6374 6375 6376
6361 6362 6363 6364 6365 6366 6367 6368 6370 6371 6372 6373 6374 6375 6376 6377
6362 6363 6364 6365 6366 6367 6368 6369 6371 6372 6373 6374 6375 6376 6377 6378
6363 6364 6365 6366 6367 6368 6369 6370 6372 6373 6374 6375 6376 6377 6378 6379
6364 6365 6366 6367 6368 6369 6370 6371 6373 6374 6375 6376 6377 6378 6379 6380
6365 6366 6367 6368 6369 6370 6371 6372 6374 6375 6376 6377 6378 6379 6380 6381
6366 6367 6368 6369 6370 6371 6372 6373 6375 6376 6377 6378 6379 6380 6381 6382
6367 6368 6369 6370 6371 6372 6373 6374 6376 6377 6378 6379 6380 6381 6382 6383
6368 6369 6370 6371 6372 6373 6374 6375 6377 6378 6379 6380 6381 6382 6383 6384
6369 6370 6371 6372 6373 6374 6375 6376 6378 6379 6380 6381 6382 6383 6384 6385
6370 6371 6372 6373 6374 6375 6376 6377 6379 6380 6381 6382 6383 6384 6385 6386
6371 6372 6373 6374 6375 6376 6377 6378 6380 6381 6382 6383 6384 6385 6386 6387
6372 6373 6374 6375 6376 6377 6378 6379 6381 6382 6383 6384 6385 6386 6387 6388
6373 6374 6375 6376 6377 6378 6379 6380 6382 6383 6384 6385 6386 6387 6388 6389
6374 6375 6376 6377 6378 6379 6380 6381 6383 6384 6385 6386 6387 6388 6389 6390
6375 6376 6377 6378 6379 6380 6381 6382 6384 6385 6386 6387 6388 6389 6390 6391
6376 6377 6378 6379 6380 6381 6382 6383 6385 6386 6387 6388 6389 6390 6391 6392
6377 6378 6379 6380 6381 6382 6383 6384 6386 6387 6388 6389 6390 6391 6392 6393
6378 6379 6380 6381 6382 6383 6384 6385 6387 6388 6389 6390 6391 6392 6393 6394
6379 6380 6381 6382 6383 6384 6385 6386 6388 6389 6390 6391 6392 6393 6394 6395
6380 6381 6382 6383 6384 6385 6386 6387 6389 6390 6391 6392 6393 6394 6395 6396
6381 6382 6383 6384 6385 6386 6387 6388 6390 6391 6392 6393 6394 6395 6396 6397
6382 6383 6384 6385 6386 6387 6388 6389 6391 6392 6393 6394 6395 6396 6397 6398
6383 6384 6385 6386 6387 6388 6389 6390 6392 6393 6394 6395 6396 6397 6398 6399
6384 6385 6386 6387 6388 6389 6390 6391 6393 6394 6395 6396 6397 6398 6399 6400
6385 6386 6387 6388 6389 6390 6391 6392 6394 6395 6396 6397 6398 6399 6400 6401
6386 6387 6388 6389 6390 6391 6392 6393 6395 6396 6397 6398 6399 6400 6401 6402
6387 6388 6389 6390 6391 6392 6393 6394 6396 6397 6398 6399 6400 6401 6402 6403
6388 6389 6390 6391 6392 6393 6394 6395 6397 6398 6399 6400 6401 6402 6403 6404
6389 6390 6391 6392 6393 6394 6395 6396 6398 6399 6400 6401 6402 6403 6404 6405
6390 6391 6392 6393 6394 6395 6396 6397 6399 6400 6401 6402 6403 6404 6405 6406
6391 6392 6393 6394 6395 6396 6397 6398 6400 6401 6402 6403 6404 6405 6406 6407
6392 6393 6394 6395 6396 6397 6398 6399 6401 6402 6403 6404 6405 6406 6407 6408
6393 6394 6395 6396 6397 6398 6399 6400 6402 6403 6404 6405 6406 6407 6408 6409
6394 6395 6396 6397 6398 6399 6400 6401 6403 6404 6405 6406 6407 6408 6409 6410
6395 6396 6397 6398 6399 6400 6401 6402 6404 6405 6406 6407 6408 6409 6410 6411
6396 6397 6398 6399 6400 6401 6402 6403 6405 6406 6407 6408 6409 6410 6411 6412
6397 6398 6399 6400 6401 6402 6403 6404 6406 6407 6408 6409 6410 6411 6412 6413
6398 6399 6400 6401 6402 6403 6404 6405 6407 6408 6409 6410 6411 6412 6413 6414
6399 6400 6401 6402 6403 6404 6405 6406 6408 6409 6410 6411 6412 6413 6414 6415
6400 6401 6402 6403 6404 6405 6406 6407 6409 6410 6411 6412 6413 6414 6415 6416
6401 6402 6403 6404 6405 6406 6407 6408 6410 6411 6412 6413 6414 6415 6416 6417
6402 6403 6404 6405 6406 6407 6408 6409 6411 6412 6413 6414 6415 6416 6417 6418
6403 6404 6405 6406 6407 6408 6409 6410 6412 6413 6414 6415 6416 6417 6418 6419
6404 6405 6406 6407 6408 6409 6410 6411 6413 6414 6415 6416 6417 6418 6419 6420
6405 6406 6407 6408 6409 6410 6411 6412 6414 6415 6416 6417 6418 6419 6420 6421
6406 6407 6408 6409 6410 6411 6412 6413 6415 6416 6417 6418 6419 6420 6421 6422
6407 6408 6409 6410 6411 6412 6413 6414 6416 6417 6418 6419 6420 6421 6422 6423
6408 6409 6410 6411 6412 6413 6414 6415 6417 6418 6419 6420 6421 6422 6423 6424
6409 6410 6411 6412 6413 6414 6415 6416 6418 6419 6420 6421 6422 6423 6424 6425
6410 6411 6412 6413 6414 6415 6416 6417 6419 6420 6421 6422 6423 6424 6425 6426
6411 6412 6413 6414 6415 6416 6417 6418 6420 6421 6422 6423 6424 6425 6426 6427
6412 6413 6414 6415 6416 6417 6418 6419 6421 6422 6423 6424 6425 6426 6427 6428
6413 6414 6415 6416 6417 6418 6419 6420 6422 6423 6424 6425 6426 6427 6428 6429
6414 6415 6416 6417 6418 6419 6420 6421 6423 6424 6425 6426 6427 6428 6429 6430
6415 6416 6417 6418 6419 6420 6421 6422 6424 6425 6426 6427 6428 6429 6430 6431
6416 6417 6418 6419 6420 6421 6422 6423 6425 6426 6427 6428 6429 6430 6431 6432
6417 6418 6419 6420 6421 6422 6423 6424 6426 6427 6428 6429 6430 6431 6432 6433
6418 6419 6420 6421 6422 6423 6424 6425 6427 6428 6429 6430 6431 6432 6433 6434
6419 6420 6421 6422 6423 6424 6425 6426 6428 6429 6430 6431 6432 6433 6434 6435
6420 6421 6422 6423 6424 6425 6426 6427 6429 6430 6431 6432 6433 6434 6435 6436
6421 6422 6423 6424 6425 6426 6427 6428 6430 6431 6432 6433 6434 6435 6436 6437
6422 6423 6424 6425 6426 6427 6428 6429 6431 6432 6433 6434 6435 6436 6437 6438
6423 6424 6425 6426 6427 6428 6429 6430 6432 6433 6434 6435 6436 6437 6438 6439
6424 6425 6426 6427 6428 6429 6430 6431 6433 6434 6435 6436 6437 6438 6439 6440
6425 6426 6427 6428 6429 6430 6431 6432 6434 6435 6436 6437 6438 6439 6440 6441
6426 6427 6428 6429 6430 6431 6432 6433 6435 6436 6437 6438 6439 6440 6441 6442
6427 6428 6429 6430 6431 6432 6433 6434 6436 6437 6438 6439 6440 6441 6442 6443
6428 6429 6430 6431 6432 6433 6434 6435 6437 6438 6439 6440 6441 6442 6443 6444
6429 6430 6431 6432 6433 6434 6435 6436 6438 6439 6440 6441 6442 6443 6444 6445
6430 6431 6432 6433 6434 6435 6436 6437 6439 6440 6441 6442 6443 6444 6445 6446
6431 6432 6433 6434 6435 6436 6437 6438 6440 6441 6442 6443 6444 6445 6446 6447
6432 6433 6434 6435 6436 6437 6438 6439 6441 6442 6443 6444 6445 6446 6447 6448
6433 6434 6435 6436 6437 6438 6439 6440 6442 6443 6444 6445 6446 6447 6448 6449
6434 6435 6436 6437 6438 6439 6440 6441 6443 6444 6445 6446 6447 6448 6449 6450
6435 6436 6437 6438 6439 6440 6441 6442 6444 6445 6446 6447 6448 6449 6450 6451
6436 6437 6438 6439 6440 6441 6442 6443 6445 6446 6447 6448 6449 6450 6451 6452
6437 6438 6439 6440 6441 6442 6443 6444 6446 6447 6448 6449 6450 6451 6452 6453
6438 6439 6440 6441 6442 6443 6444 6445 6447 6448 6449 6450 6451 6452 6453 6454
6439 6440 6441 6442 6443 6444 6445 6446 6448 6449 6450 6451 6452 6453 6454 6455
6440 6441 6442 6443 6444 6445 6446 6447 6449 6450 6451 6452 6453 6454 6455 6456
6441 6442 6443 6444 6445 6446 6447 6448 6450 6451 6452 6453 6454 6455 6456 6457
6442 6443 6444 6445 6446 6447 6448 6449 6451 6452 6453 6454 6455 6456 6457 6458
6443 6444 6445 6446 6447 6448 6449 6450 6452 6453 6454 6455 6456 6457 6458 6459
6444 6445 6446 6447 6448 6449 6450 6451 6453 6454 6455 6456 6457 6458 6459 6460
6445 6446 6447 6448 6449 6450 6451 6452 6454 6455 6456 6457 6458 6459 6460 6461
6446 6447 6448 6449 6450 6451 6452 6453 6455 6456 6457 6458 6459 6460 6461 6462
6447 6448 6449 6450 6451 6452 6453 6454 6456 6457 6458 6459 6460 6461 6462 6463
6448 6449 6450 6451 6452 6453 6454 6455 6457 6458 6459 6460 6461 6462 6463 6464
6449 6450 6451 6452 6453 6454 6455 6456 6458 6459 6460 6461 6462 6463 6464 6465
6450 6451 6452 6453 6454 6455 6456 6457 6459 6460 6461 6462 6463 6464 6465 6466
6451 6452 6453 6454 6455 6456 6457 6458 6460 6461 6462 6463 6464 6465 6466 6467
6452 6453 6454 6455 6456 6457 6458 6459 6461 6462 6463 6464 6465 6466 6467 6468
6453 6454 6455 6456 6457 6458 6459 6460 6462 6463 6464 6465 6466 6467 6468 6469
6454 6455 6456 6457 6458 6459 6460 6461 6463 6464 6465 6466 6467 6468 6469 6470
6455 6456 6457 6458 6459 6460 6461 6462 6464 6465 6466 6467 6468 6469 6470 6471
6456 6457 6458 6459 6460 6461 6462 6463 6465 6466 6467 6468 6469 6470 6471 6472
6457 6458 6459 6460 6461 6462 6463 6464 6466 6467 6468 6469 6470 6471 6472 6473
6458 6459 6460 6461 6462 6463 6464 6465 6467 6468 6469 6470 6471 6472 6473 6474
6459 6460 6461 6462 6463 6464 6465 6466 6468 6469 6470 6471 6472 6473 6474 6475
6460 6461 6462 6463 6464 6465 6466 6467 6469 6470 6471 6472 6473 6474 6475 6476
6461 6462 6463 6464 6465 6466 6467 6468 6470 6471 6472 6473 6474 6475 6476 6477
6462 6463 6464 6465 6466 6467 6468 6469 6471 6472 6473 6474 6475 6476 6477 6478
6463 6464 6465 6466 6467 6468 6469 6470 6472 6473 6474 6475 6476 6477 6478 6479
6464 6465 6466 6467 6468 6469 6470 6471 6473 6474 6475 6476 6477 6478 6479 6480
6465 6466 6467 6468 6469 6470 6471 6472 6474 6475 6476 6477 6478 6479 6480 6481
6466 6467 6468 6469 6470 6471 6472 6473 6475 6476 6477 6478 6479 6480 6481 6482
6467 6468 6469 6470 6471 6472 6473 6474 6476 6477 6478 6479 6480 6481 6482 6483
6468 6469 6470 6471 6472 6473 6474 6475 6477 6478 6479 6480 6481 6482 6483 6484
6469 6470 6471 6472 6473 6474 6475 6476 6478 6479 6480 6481 6482 6483 6484 6485
6470 6471 6472 6473 6474 6475 6476 6477 6479 6480 6481 6482 6483 6484 6485 6486
6471 6472 6473 6474 6475 6476 6477 6478 6480 6481 6482 6483 6484 6485 6486 6487
6472 6473 6474 6475 6476 6477 6478 6479 6481 6482 6483 6484 6485 6486 6487 6488
6473 6474 6475 6476 6477 6478 6479 6480 6482 6483 6484 6485 6486 6487 6488 6489
6474 6475 6476 6477 6478 6479 6480 6481 6483 6484 6485 6486 6487 6488 6489 6490
6475 6476 6477 6478 6479 6480 6481 6482 6484 6485 6486 6487 6488 6489 6490 6491
6476 6477 6478 6479 6480 6481 6482 6483 6485 6486 6487 6488 6489 6490 6491 6492
6477 6478 6479 6480 6481 6482 6483 6484 6486 6487 6488 6489 6490 6491 6492 6493
6478 6479 6480 6481 6482 6483 6484 6485 6487 6488 6489 6490 6491 6492 6493 6494
6479 6480 6481 6482 6483 6484 6485 6486 6488 6489 6490 6491 6492 6493 6494 6495
6480 6481 6482 6483 6484 6485 6486 6487 6489 6490 6491 6492 6493 6494 6495 6496
6481 6482 6483 6484 6485 6486 6487 6488 6490 6491 6492 6493 6494 6495 6496 6497
6482 6483 6484 6485 6486 6487 6488 6489 6491 6492 6493 6494 6495 6496 6497 6498
6483 6484 6485 6486 6487 6488 6489 6490 6492 6493 6494 6495 6496 6497 6498 6499
6484 6485 6486 6487 6488 6489 6490 6491 6493 6494 6495 6496 6497 6498 6499 6500
6485 6486 6487 6488 6489 6490 6491 6492 6494 6495 6496 6497 6498 6499 6500 6501
6486 6487 6488 6489 6490 6491 6492 6493 6495 6496 6497 6498 6499 6500 6501 6502
6487 6488 6489 6490 6491 6492 6493 6494 6496 6497 6498 6499 6500 6501 6502 6503
6488 6489 6490 6491 6492 6493 6494 6495 6497 6498 6499 6500 6501 6502 6503 6504
6489 6490 6491 6492 6493 6494 6495 6496 6498 6499 6500 6501 6502 6503 6504 6505
6490 6491 6492 6493 6494 6495 6496 6497 6499 6500 6501 6502 6503 6504 6505 6506
6491 6492 6493 6494 6495 6496 6497 6498 6500 6501 6502 6503 6504 6505 6506 6507
6492 6493 6494 6495 6496 6497 6498 6499 6501 6502 6503 6504 6505 6506 6507 6508
6493 6494 6495 6496 6497 6498 6499 6500 6502 6503 6504 6505 6506 6507 6508 6509
6494 6495 6496 6497 6498 6499 6500 6501 6503 6504 6505 6506 6507 6508 6509 6510
6495 6496 6497 6498 6499 6500 6501 6502 6504 6505 6506 6507 6508 6509 6510 6511
6496 6497 6498 6499 6500 6501 6502 6503 6505 6506 6507 6508 6509 6510 6511 6512
6497 6498 6499 6500 6501 6502 6503 6504 6506 6507 6508 6509 6510 6511 6512 6513
6498 6499 6500 6501 6502 6503 6504 6505 6507 6508 6509 6510 6511 6512 6513 6514
6499 6500 6501 6502 6503 6504 6505 6506 6508 6509 6510 6511 6512 6513 6514 6515
6500 6501 6502 6503 6504 6505 6506 6507 6509 6510 6511 6512 6513 6514 6515 6516
6501 6502 6503 6504 6505 6506 6507 6508 6510 6511 6512 6513 6514 6515 6516 6517
6502 6503 6504 6505 6506 6507 6508 6509 6511 6512 6513 6514 6515 6516 6517 6518
6503 6504 6505 6506 6507 6508 6509 6510 6512 6513 6514 6515 6516 6517 6518 6519
6504 6505 6506 6507 6508 6509 6510 6511 6513 6514 6515 6516 6517 6518 6519 6520
6505 6506 6507 6508 6509 6510 6511 6512 6514 6515 6516 6517 6518 6519 6520 6521
6506 6507 6508 6509 6510 6511 6512 6513 6515 6516 6517 6518 6519 6520 6521 6522
6507 6508 6509 6510 6511 6512 6513 6514 6516 6517 6518 6519 6520 6521 6522 6523
6508 6509 6510 6511 6512 6513 6514 6515 6517 6518 6519 6520 6521 6522 6523 6524
6509 6510 6511 6512 6513 6514 6515 6516 6518 6519 6520 6521 6522 6523 6524 6525
6510 6511 6512 6513 6514 6515 6516 6517 6519 6520 6521 6522 6523 6524 6525 6526
6511 6512 6513 6514 6515 6516 6517 6518 6520 6521 6522 6523 6524 6525 6526 6527
6512 6513 6514 6515 6516 6517 6518 6519 6521 6522 6523 6524 6525 6526 6527 6528
6513 6514 6515 6516 6517 6518 6519 6520 6522 6523 6524 6525 6526 6527 6528 6529
6514 6515 6516 6517 6518 6519 6520 6521 6523 6524 6525 6526 6527 6528 6529 6530
6515 6516 6517 6518 6519 6520 6521 6522 6524 6525 6526 6527 6528 6529 6530 6531
6516 6517 6518 6519 6520 6521 6522 6523 6525 6526 6527 6528 6529 6530 6531 6532
6517 6518 6519 6520 6521 6522 6523 6524 6526 6527 6528 6529 6530 6531 6532 6533
6518 6519 6520 6521 6522 6523 6524 6525 6527 6528 6529 6530 6531 6532 6533 6534
6519 6520 6521 6522 6523 6524 6525 6526 6528 6529 6530 6531 6532 6533 6534 6535
6520 6521 6522 6523 6524 6525 6526 6527 6529 6530 6531 6532 6533 6534 6535 6536
6521 6522 6523 6524 6525 6526 6527 6528 6530 6531 6532 6533 6534 6535 6536 6537
6522 6523 6524 6525 6526 6527 6528 6529 6531 6532 6533 6534 6535 6536 6537 6538
6523 6524 6525 6526 6527 6528 6529 6530 6532 6533 6534 6535 6536 6537 6538 6539
6524 6525 6526 6527 6528 6529 6530 6531 6533 6534 6535 6536 6537 6538 6539 6540
6525 6526 6527 6528 6529 6530 6531 6532 6534 6535 6536 6537 6538 6539 6540 6541
6526 6527 6528 6529 6530 6531 6532 6533 6535 6536 6537 6538 6539 6540 6541 6542
6527 6528 6529 6530 6531 6532 6533 6534 6536 6537 6538 6539 6540 6541 6542 6543
6528 6529 6530 6531 6532 6533 6534 6535 6537 6538 6539 6540 6541 6542 6543 6544
6529 6530 6531 6532 6533 6534 6535 6536 6538 6539 6540 6541 6542 6543 6544 6545
6530 6531 6532 6533 6534 6535 6536 6537 6539 6540 6541 6542 6543 6544 6545 6546
6531 6532 6533 6534 6535 6536 6537 6538 6540 6541 6542 6543 6544 6545 6546 6547
6532 6533 6534 6535 6536 6537 6538 6539 6541 6542 6543 6544 6545 6546 6547 6548
6533 6534 6535 6536 6537 6538 6539 6540 6542 6543 6544 6545 6546 6547 6548 6549
6534 6535 6536 6537 6538 6539 6540 6541 6543 6544 6545 6546 6547 6548 6549 6550
6535 6536 6537 6538 6539 6540 6541 6542 6544 6545 6546 6547 6548 6549 6550 6551
6536 6537 6538 6539 6540 6541 6542 6543 6545 6546 6547 6548 6549 6550 6551 6552
6537 6538 6539 6540 6541 6542 6543 6544 6546 6547 6548 6549 6550 6551 6552 6553
6538 6539 6540 6541 6542 6543 6544 6545 6547 6548 6549 6550 6551 6552 6553 6554
6539 6540 6541 6542 6543 6544 6545 6546 6548 6549 6550 6551 6552 6553 6554 6555
6540 6541 6542 6543 6544 6545 6546 6547 6549 6550 6551 6552 6553 6554 6555 6556
6541 6542 6543 6544 6545 6546 6547 6548 6550 6551 6552 6553 6554 6555 6556 6557
6542 6543 6544 6545 6546 6547 6548 6549 6551 6552 6553 6554 6555 6556 6557 6558
6543 6544 6545 6546 6547 6548 6549 6550 6552 6553 6554 6555 6556 6557 6558 6559
6544 6545 6546 6547 6548 6549 6550 6551 6553 6554 6555 6556 6557 6558 6559 6560
6545 6546 6547 6548 6549 6550 6551 6552 6554 6555 6556 6557 6558 6559 6560 6561
6546 6547 6548 6549 6550 6551 6552 6553 6555 6556 6557 6558 6559 6560 6561 6562
6547 6548 6549 6550 6551 6552 6553 6554 6556 6557 6558 6559 6560 6561 6562 6563
6548 6549 6550 6551 6552 6553 6554 6555 6557 6558 6559 6560 6561 6562 6563 6564
6549 6550 6551 6552 6553 6554 6555 6556 6558 6559 6560 6561 6562 6563 6564 6565
6550 6551 6552 6553 6554 6555 6556 6557 6559 6560 6561 6562 6563 6564 6565 6566
6551 6552 6553 6554 6555 6556 6557 6558 6560 6561 6562 6563 6564 6565 6566 6567
6552 6553 6554 6555 6556 6557 6558 6559 6561 6562 6563 6564 6565 6566 6567 6568
6553 6554 6555 6556 6557 6558 6559 6560 6562 6563 6564 6565 6566 6567 6568 6569
6554 6555 6556 6557 6558 6559 6560 6561 6563 6564 6565 6566 6567 6568 6569 6570
6555 6556 6557 6558 6559 6560 6561 6562 6564 6565 6566 6567 6568 6569 6570 6571
6556 6557 6558 6559 6560 6561 6562 6563 6565 6566 6567 6568 6569 6570 6571 6572
6557 6558 6559 6560 6561 6562 6563 6564 6566 6567 6568 6569 6570 6571 6572 6573
6558 6559 6560 6561 6562 6563 6564 6565 6567 6568 6569 6570 6571 6572 6573 6574
6559 6560 6561 6562 6563 6564 6565 6566 6568 6569 6570 6571 6572 6573 6574 6575
6560 6561 6562 6563 6564 6565 6566 6567 6569 6570 6571 6572 6573 6574 6575 6576
6561 6562 6563 6564 6565 6566 6567 6568 6570 6571 6572 6573 6574 6575 6576 6577
6562 6563 6564 6565 6566 6567 6568 6569 6571 6572 6573 6574 6575 6576 6577 6578
6563 6564 6565 6566 6567 6568 6569 6570 6572 6573 6574 6575 6576 6577 6578 6579
6564 6565 6566 6567 6568 6569 6570 6571 6573 6574 6575 6576 6577 6578 6579 6580
6565 6566 6567 6568 6569 6570 6571 6572 6574 6575 6576 6577 6578 6579 6580 6581
6566 6567 6568 6569 6570 6571 6572 6573 6575 6576 6577 6578 6579 6580 6581 6582
6567 6568 6569 6570 6571 6572 6573 6574 6576 6577 6578 6579 6580 6581 6582 6583
6568 6569 6570 6571 6572 6573 6574 6575 6577 6578 6579 6580 6581 6582 6583 6584
6569 6570 6571 6572 6573 6574 6575 6576 6578 6579 6580 6581 6582 6583 6584 6585
6570 6571 6572 6573 6574 6575 6576 6577 6579 6580 6581 6582 6583 6584 6585 6586
6571 6572 6573 6574 6575 6576 6577 6578 6580 6581 6582 6583 6584 6585 6586 6587
6572 6573 6574 6575 6576 6577 6578 6579 6581 6582 6583 6584 6585 6586 6587 6588
6573 6574 6575 6576 6577 6578 6579 6580 6582 6583 6584 6585 6586 6587 6588 6589
6574 6575 6576 6577 6578 6579 6580 6581 6583 6584 6585 6586 6587 6588 6589 6590
6575 6576 6577 6578 6579 6580 6581 6582 6584 6585 6586 6587 6588 6589 6590 6591
6576 6577 6578 6579 6580 6581 6582 6583 6585 6586 6587 6588 6589 6590 6591 6592
6577 6578 6579 6580 6581 6582 6583 6584 6586 6587 6588 6589 6590 6591 6592 6593
6578 6579 6580 6581 6582 6583 6584 6585 6587 6588 6589 6590 6591 6592 6593 6594
6579 6580 6581 6582 6583 6584 6585 6586 6588 6589 6590 6591 6592 6593 6594 6595
6580 6581 6582 6583 6584 6585 6586 6587 6589 6590 6591 6592 6593 6594 6595 6596
6581 6582 6583 6584 6585 6586 6587 6588 6590 6591 6592 6593 6594 6595 6596 6597
6582 6583 6584 6585 6586 6587 6588 6589 6591 6592 6593 6594 6595 6596 6597 6598
6583 6584 6585 6586 6587 6588 6589 6590 6592 6593 6594 6595 6596 6597 6598 6599
6584 6585 6586 6587 6588 6589 6590 6591 6593 6594 6595 6596 6597 6598 6599 6600
6585 6586 6587 6588 6589 6590 6591 6592 6594 6595 6596 6597 6598 6599 6600 6601
6586 6587 6588 6589 6590 6591 6592 6593 6595 6596 6597 6598 6599 6600 6601 6602
6587 6588 6589 6590 6591 6592 6593 6594 6596 6597 6598 6599 6600 6601 6602 6603
6588 6589 6590 6591 6592 6593 6594 6595 6597 6598 6599 6600 6601 6602 6603 6604
6589 6590 6591 6592 6593 6594 6595 6596 6598 6599 6600 6601 6602 6603 6604 6605
6590 6591 6592 6593 6594 6595 6596 6597 6599 6600 6601 6602 6603 6604 6605 6606
6591 6592 6593 6594 6595 6596 6597 6598 6600 6601 6602 6603 6604 6605 6606 6607
6592 6593 6594 6595 6596 6597 6598 6599 6601 6602 6603 6604 6605 6606 6607 6608
6593 6594 6595 6596 6597 6598 6599 6600 6602 6603 6604 6605 6606 6607 6608 6609
6594 6595 6596 6597 6598 6599 6600 6601 6603 6604 6605 6606 6607 6608 6609 6610
6595 6596 6597 6598 6599 6600 6601 6602 6604 6605 6606 6607 6608 6609 6610 6611
6596 6597 6598 6599 6600 6601 6602 6603 6605 6606 6607 6608 6609 6610 6611 6612
6597 6598 6599 6600 6601 6602 6603 6604 6606 6607 6608 6609 6610 6611 6612 6613
6598 6599 6600 6601 6602 6603 6604 6605 6607 6608 6609 6610 6611 6612 6613 6614
6599 6600 6601 6602 6603 6604 6605 6606 6608 6609 6610 6611 6612 6613 6614 6615
6600 6601 6602 6603 6604 6605 6606 6607 6609 6610 6611 6612 6613 6614 6615 6616
6601 6602 6603 6604 6605 6606 6607 6608 6610 6611 6612 6613 6614 6615 6616 6617
6602 6603 6604 6605 6606 6607 6608 6609 6611 6612 6613 6614 6615 6616 6617 6618
6603 6604 6605 6606 6607 6608 6609 6610 6612 6613 6614 6615 6616 6617 6618 6619
6604 6605 6606 6607 6608 6609 6610 6611 6613 6614 6615 6616 6617 6618 6619 6620
6605 6606 6607 6608 6609 6610 6611 6612 6614 6615 6616 6617 6618 6619 6620 6621
6606 6607 6608 6609 6610 6611 6612 6613 6615 6616 6617 6618 6619 6620 6621 6622
6607 6608 6609 6610 6611 6612 6613 6614 6616 6617 6618 6619 6620 6621 6622 6623
6608 6609 6610 6611 6612 6613 6614 6615 6617 6618 6619 6620 6621 6622 6623 6624
6609 6610 6611 6612 6613 6614 6615 6616 6618 6619 6620 6621 6622 6623 6624 6625
6610 6611 6612 6613 6614 6615 6616 6617 6619 6620 6621 6622 6623 6624 6625 6626
6611 6612 6613 6614 6615 6616 6617 6618 6620 6621 6622 6623 6624 6625 6626 6627
6612 6613 6614 6615 6616 6617 6618 6619 6621 6622 6623 6624 6625 6626 6627 6628
6613 6614 6615 6616 6617 6618 6619 6620 6622 6623 6624 6625 6626 6627 6628 6629
6614 6615 6616 6617 6618 6619 6620 6621 6623 6624 6625 6626 6627 6628 6629 6630
6615 6616 6617 6618 6619 6620 6621 6622 6624 6625 6626 6627 6628 6629 6630 6631
6616 6617 6618 6619 6620 6621 6622 6623 6625 6626 6627 6628 6629 6630 6631 6632
6617 6618 6619 6620 6621 6622 6623 6624 6626 6627 6628 6629 6630 6631 6632 6633
6618 6619 6620 6621 6622 6623 6624 6625 6627 6628 6629 6630 6631 6632 6633 6634
6619 6620 6621 6622 6623 6624 6625 6626 6628 6629 6630 6631 6632 6633 6634 6635
6620 6621 6622 6623 6624 6625 6626 6627 6629 6630 6631 6632 6633 6634 6635 6636
6621 6622 6623 6624 6625 6626 6627 6628 6630 6631 6632 6633 6634 6635 6636 6637
6622 6623 6624 6625 6626 6627 6628 6629 6631 6632 6633 6634 6635 6636 6637 6638
6623 6624 6625 6626 6627 6628 6629 6630 6632 6633 6634 6635 6636 6637 6638 6639
6624 6625 6626 6627 6628 6629 6630 6631 6633 6634 6635 6636 6637 6638 6639 6640
6625 6626 6627 6628 6629 6630 6631 6632 6634 6635 6636 6637 6638 6639 6640 6641
6626 6627 6628 6629 6630 6631 6632 6633 6635 6636 6637 6638 6639 6640 6641 6642
6627 6628 6629 6630 6631 6632 6633 6634 6636 6637 6638 6639 6640 6641 6642 6643
6628 6629 6630 6631 6632 6633 6634 6635 6637 6638 6639 6640 6641 6642 6643 6644
6629 6630 6631 6632 6633 6634 6635 6636 6638 6639 6640 6641 6642 6643 6644 6645
6630 6631 6632 6633 6634 6635 6636 6637 6639 6640 6641 6642 6643 6644 6645 6646
6631 6632 6633 6634 6635 6636 6637 6638 6640 6641 6642 6643 6644 6645 6646 6647
6632 6633 6634 6635 6636 6637 6638 6639 6641 6642 6643 6644 6645 6646 6647 6648
6633 6634 6635 6636 6637 6638 6639 6640 6642 6643 6644 6645 6646 6647 6648 6649
6634 6635 6636 6637 6638 6639 6640 6641 6643 6644 6645 6646 6647 6648 6649 6650
6635 6636 6637 6638 6639 6640 6641 6642 6644 6645 6646 6647 6648 6649 6650 6651
6636 6637 6638 6639 6640 6641 6642 6643 6645 6646 6647 6648 6649 6650 6651 6652
6637 6638 6639 6640 6641 6642 6643 6644 6646 6647 6648 6649 6650 6651 6652 6653
6638 6639 6640 6641 6642 6643 6644 6645 6647 6648 6649 6650 6651 6652 6653 6654
6639 6640 6641 6642 6643 6644 6645 6646 6648 6649 6650 6651 6652 6653 6654 6655
6640 6641 6642 6643 6644 6645 6646 6647 6649 6650 6651 6652 6653 6654 6655 6656
6641 6642 6643 6644 6645 6646 6647 6648 6650 6651 6652 6653 6654 6655 6656 6657
6642 6643 6644 6645 6646 6647 6648 6649 6651 6652 6653 6654 6655 6656 6657 6658
6643 6644 6645 6646 6647 6648 6649 6650 6652 6653 6654 6655 6656 6657 6658 6659
6644 6645 6646 6647 6648 6649 6650 6651 6653 6654 6655 6656 6657 6658 6659 6660
6645 6646 6647 6648 6649 6650 6651 6652 6654 6655 6656 6657 6658 6659 6660 6661
6646 6647 6648 6649 6650 6651 6652 6653 6655 6656 6657 6658 6659 6660 6661 6662
6647 6648 6649 6650 6651 6652 6653 6654 6656 6657 6658 6659 6660 6661 6662 6663
6648 6649 6650 6651 6652 6653 6654 6655 6657 6658 6659 6660 6661 6662 6663 6664
6649 6650 6651 6652 6653 6654 6655 6656 6658 6659 6660 6661 6662 6663 6664 6665
6650 6651 6652 6653 6654 6655 6656 6657 6659 6660 6661 6662 6663 6664 6665 6666
6651 6652 6653 6654 6655 6656 6657 6658 6660 6661 6662 6663 6664 6665 6666 6667
6652 6653 6654 6655 6656 6657 6658 6659 6661 6662 6663 6664 6665 6666 6667 6668
6653 6654 6655 6656 6657 6658 6659 6660 6662 6663 6664 6665 6666 6667 6668 6669
6654 6655 6656 6657 6658 6659 6660 6661 6663 6664 6665 6666 6667 6668 6669 6670
6655 6656 6657 6658 6659 6660 6661 6662 6664 6665 6666 6667 6668 6669 6670 6671
6656 6657 6658 6659 6660 6661 6662 6663 6665 6666 6667 6668 6669 6670 6671 6672
6657 6658 6659 6660 6661 6662 6663 6664 6666 6667 6668 6669 6670 6671 6672 6673
6658 6659 6660 6661 6662 6663 6664 6665 6667 6668 6669 6670 6671 6672 6673 6674
6659 6660 6661 6662 6663 6664 6665 6666 6668 6669 6670 6671 6672 6673 6674 6675
6660 6661 6662 6663 6664 6665 6666 6667 6669 6670 6671 6672 6673 6674 6675 6676
6661 6662 6663 6664 6665 6666 6667 6668 6670 6671 6672 6673 6674 6675 6676 6677
6662 6663 6664 6665 6666 6667 6668 6669 6671 6672 6673 6674 6675 6676 6677 6678
6663 6664 6665 6666 6667 6668 6669 6670 6672 6673 6674 6675 6676 6677 6678 6679
6664 6665 6666 6667 6668 6669 6670 6671 6673 6674 6675 6676 6677 6678 6679 6680
6665 6666 6667 6668 6669 6670 6671 6672 6674 6675 6676 6677 6678 6679 6680 6681
6666 6667 6668 6669 6670 6671 6672 6673 6675 6676 6677 6678 6679 6680 6681 6682
6667 6668 6669 6670 6671 6672 6673 6674 6676 6677 6678 6679 6680 6681 6682 6683
6668 6669 6670 6671 6672 6673 6674 6675 6677 6678 6679 6680 6681 6682 6683 6684
6669 6670 6671 6672 6673 6674 6675 6676 6678 6679 6680 6681 6682 6683 6684 6685
6670 6671 6672 6673 6674 6675 6676 6677 6679 6680 6681 6682 6683 6684 6685 6686
6671 6672 6673 6674 6675 6676 6677 6678 6680 6681 6682 6683 6684 6685 6686 6687
6672 6673 6674 6675 6676 6677 6678 6679 6681 6682 6683 6684 6685 6686 6687 6688
6673 6674 6675 6676 6677 6678 6679 6680 6682 6683 6684 6685 6686 6687 6688 6689
6674 6675 6676 6677 6678 6679 6680 6681 6683 6684 6685 6686 6687 6688 6689 6690
6675 6676 6677 6678 6679 6680 6681 6682 6684 6685 6686 6687 6688 6689 6690 6691
6676 6677 6678 6679 6680 6681 6682 6683 6685 6686 6687 6688 6689 6690 6691 6692
6677 6678 6679 6680 6681 6682 6683 6684 6686 6687 6688 6689 6690 6691 6692 6693
6678 6679 6680 6681 6682 6683 6684 6685 6687 6688 6689 6690 6691 6692 6693 6694
6679 6680 6681 6682 6683 6684 6685 6686 6688 6689 6690 6691 6692 6693 6694 6695
6680 6681 6682 6683 6684 6685 6686 6687 6689 6690 6691 6692 6693 6694 6695 6696
6681 6682 6683 6684 6685 6686 6687 6688 6690 6691 6692 6693 6694 6695 6696 6697
6682 6683 6684 6685 6686 6687 6688 6689 6691 6692 6693 6694 6695 6696 6697 6698
6683 6684 6685 6686 6687 6688 6689 6690 6692 6693 6694 6695 6696 6697 6698 6699
6684 6685 6686 6687 6688 6689 6690 6691 6693 6694 6695 6696 6697 6698 6699 6700
6685 6686 6687 6688 6689 6690 6691 6692 6694 6695 6696 6697 6698 6699 6700 6701
6686 6687 6688 6689 6690 6691 6692 6693 6695 6696 6697 6698 6699 6700 6701 6702
6687 6688 6689 6690 6691 6692 6693 6694 6696 6697 6698 6699 6700 6701 6702 6703
6688 6689 6690 6691 6692 6693 6694 6695 6697 6698 6699 6700 6701 6702 6703 6704
6689 6690 6691 6692 6693 6694 6695 6696 6698 6699 6700 6701 6702 6703 6704 6705
6690 6691 6692 6693 6694 6695 6696 6697 6699 6700 6701 6702 6703 6704 6705 6706
6691 6692 6693 6694 6695 6696 6697 6698 6700 6701 6702 6703 6704 6705 6706 6707
6692 6693 6694 6695 6696 6697 6698 6699 6701 6702 6703 6704 6705 6706 6707 6708
6693 6694 6695 6696 6697 6698 6699 6700 6702 6703 6704 6705 6706 6707 6708 6709
6694 6695 6696 6697 6698 6699 6700 6701 6703 6704 6705 6706 6707 6708 6709 6710
6695 6696 6697 6698 6699 6700 6701 6702 6704 6705 6706 6707 6708 6709 6710 6711
6696 6697 6698 6699 6700 6701 6702 6703 6705 6706 6707 6708 6709 6710 6711 6712
6697 6698 6699 6700 6701 6702 6703 6704 6706 6707 6708 6709 6710 6711 6712 6713
6698 6699 6700 6701 6702 6703 6704 6705 6707 6708 6709 6710 6711 6712 6713 6714
6699 6700 6701 6702 6703 6704 6705 6706 6708 6709 6710 6711 6712 6713 6714 6715
6700 6701 6702 6703 6704 6705 6706 6707 6709 6710 6711 6712 6713 6714 6715 6716
6701 6702 6703 6704 6705 6706 6707 6708 6710 6711 6712 6713 6714 6715 6716 6717
6702 6703 6704 6705 6706 6707 6708 6709 6711 6712 6713 6714 6715 6716 6717 6718
6703 6704 6705 6706 6707 6708 6709 6710 6712 6713 6714 6715 6716 6717 6718 6719
6704 6705 6706 6707 6708 6709 6710 6711 6713 6714 6715 6716 6717 6718 6719 6720
6705 6706 6707 6708 6709 6710 6711 6712 6714 6715 6716 6717 6718 6719 6720 6721
6706 6707 6708 6709 6710 6711 6712 6713 6715 6716 6717 6718 6719 6720 6721 6722
6707 6708 6709 6710 6711 6712 6713 6714 6716 6717 6718 6719 6720 6721 6722 6723
6708 6709 6710 6711 6712 6713 6714 6715 6717 6718 6719 6720 6721 6722 6723 6724
6709 6710 6711 6712 6713 6714 6715 6716 6718 6719 6720 6721 6722 6723 6724 6725
6710 6711 6712 6713 6714 6715 6716 6717 6719 6720 6721 6722 6723 6724 6725 6726
6711 6712 6713 6714 6715 6716 6717 6718 6720 6721 6722 6723 6724 6725 6726 6727
6712 6713 6714 6715 6716 6717 6718 6719 6721 6722 6723 6724 6725 6726 6727 6728
6713 6714 6715 6716 6717 6718 6719 6720 6722 6723 6724 6725 6726 6727 6728 6729
6714 6715 6716 6717 6718 6719 6720 6721 6723 6724 6725 6726 6727 6728 6729 6730
6715 6716 6717 6718 6719 6720 6721 6722 6724 6725 6726 6727 6728 6729 6730 6731
6716 6717 6718 6719 6720 6721 6722 6723 6725 6726 6727 6728 6729 6730 6731 6732
6717 6718 6719 6720 6721 6722 6723 6724 6726 6727 6728 6729 6730 6731 6732 6733
6718 6719 6720 6721 6722 6723 6724 6725 6727 6728 6729 6730 6731 6732 6733 6734
6719 6720 6721 6722 6723 6724 6725 6726 6728 6729 6730 6731 6732 6733 6734 6735
6720 6721 6722 6723 6724 6725 6726 6727 6729 6730 6731 6732 6733 6734 6735 6736
6721 6722 6723 6724 6725 6726 6727 6728 6730 6731 6732 6733 6734 6735 6736 6737
6722 6723 6724 6725 6726 6727 6728 6729 6731 6732 6733 6734 6735 6736 6737 6738
6723 6724 6725 6726 6727 6728 6729 6730 6732 6733 6734 6735 6736 6737 6738 6739
6724 6725 6726 6727 6728 6729 6730 6731 6733 6734 6735 6736 6737 6738 6739 6740
6725 6726 6727 6728 6729 6730 6731 6732 6734 6735 6736 6737 6738 6739 6740 6741
6726 6727 6728 6729 6730 6731 6732 6733 6735 6736 6737 6738 6739 6740 6741 6742
6727 6728 6729 6730 6731 6732 6733 6734 6736 6737 6738 6739 6740 6741 6742 6743
6728 6729 6730 6731 6732 6733 6734 6735 6737 6738 6739 6740 6741 6742 6743 6744
6729 6730 6731 6732 6733 6734 6735 6736 6738 6739 6740 6741 6742 6743 6744 6745
6730 6731 6732 6733 6734 6735 6736 6737 6739 6740 6741 6742 6743 6744 6745 6746
6731 6732 6733 6734 6735 6736 6737 6738 6740 6741 6742 6743 6744 6745 6746 6747
6732 6733 6734 6735 6736 6737 6738 6739 6741 6742 6743 6744 6745 6746 6747 6748
6733 6734 6735 6736 6737 6738 6739 6740 6742 6743 6744 6745 6746 6747 6748 6749
6734 6735 6736 6737 6738 6739 6740 6741 6743 6744 6745 6746 6747 6748 6749 6750
6735 6736 6737 6738 6739 6740 6741 6742 6744 6745 6746 6747 6748 6749 6750 6751
6736 6737 6738 6739 6740 6741 6742 6743 6745 6746 6747 6748 6749 6750 6751 6752
6737 6738 6739 6740 6741 6742 6743 6744 6746 6747 6748 6749 6750 6751 6752 6753
6738 6739 6740 6741 6742 6743 6744 6745 6747 6748 6749 6750 6751 6752 6753 6754
6739 6740 6741 6742 6743 6744 6745 6746 6748 6749 6750 6751 6752 6753 6754 6755
6740 6741 6742 6743 6744 6745 6746 6747 6749 6750 6751 6752 6753 6754 6755 6756
6741 6742 6743 6744 6745 6746 6747 6748 6750 6751 6752 6753 6754 6755 6756 6757
6742 6743 6744 6745 6746 6747 6748 6749 6751 6752 6753 6754 6755 6756 6757 6758
6743 6744 6745 6746 6747 6748 6749 6750 6752 6753 6754 6755 6756 6757 6758 6759
6744 6745 6746 6747 6748 6749 6750 6751 6753 6754 6755 6756 6757 6758 6759 6760
6745 6746 6747 6748 6749 6750 6751 6752 6754 6755 6756 6757 6758 6759 6760 6761
6746 6747 6748 6749 6750 6751 6752 6753 6755 6756 6757 6758 6759 6760 6761 6762
6747 6748 6749 6750 6751 6752 6753 6754 6756 6757 6758 6759 6760 6761 6762 6763
6748 6749 6750 6751 6752 6753 6754 6755 6757 6758 6759 6760 6761 6762 6763 6764
6749 6750 6751 6752 6753 6754 6755 6756 6758 6759 6760 6761 6762 6763 6764 6765
6750 6751 6752 6753 6754 6755 6756 6757 6759 6760 6761 6762 6763 6764 6765 6766
6751 6752 6753 6754 6755 6756 6757 6758 6760 6761 6762 6763 6764 6765 6766 6767
6752 6753 6754 6755 6756 6757 6758 6759 6761 6762 6763 6764 6765 6766 6767 6768
6753 6754 6755 6756 6757 6758 6759 6760 6762 6763 6764 6765 6766 6767 6768 6769
6754 6755 6756 6757 6758 6759 6760 6761 6763 6764 6765 6766 6767 6768 6769 6770
6755 6756 6757 6758 6759 6760 6761 6762 6764 6765 6766 6767 6768 6769 6770 6771
6756 6757 6758 6759 6760 6761 6762 6763 6765 6766 6767 6768 6769 6770 6771 6772
6757 6758 6759 6760 6761 6762 6763 6764 6766 6767 6768 6769 6770 6771 6772 6773
6758 6759 6760 6761 6762 6763 6764 6765 6767 6768 6769 6770 6771 6772 6773 6774
6759 6760 6761 6762 6763 6764 6765 6766 6768 6769 6770 6771 6772 6773 6774 6775
6760 6761 6762 6763 6764 6765 6766 6767 6769 6770 6771 6772 6773 6774 6775 6776
6761 6762 6763 6764 6765 6766 6767 6768 6770 6771 6772 6773 6774 6775 6776 6777
6762 6763 6764 6765 6766 6767 6768 6769 6771 6772 6773 6774 6775 6776 6777 6778
6763 6764 6765 6766 6767 6768 6769 6770 6772 6773 6774 6775 6776 6777 6778 6779
6764 6765 6766 6767 6768 6769 6770 6771 6773 6774 6775 6776 6777 6778 6779 6780
6765 6766 6767 6768 6769 6770 6771 6772 6774 6775 6776 6777 6778 6779 6780 6781
6766 6767 6768 6769 6770 6771 6772 6773 6775 6776 6777 6778 6779 6780 6781 6782
6767 6768 6769 6770 6771 6772 6773 6774 6776 6777 6778 6779 6780 6781 6782 6783
6768 6769 6770 6771 6772 6773 6774 6775 6777 6778 6779 6780 6781 6782 6783 6784
6769 6770 6771 6772 6773 6774 6775 6776 6778 6779 6780 6781 6782 6783 6784 6785
6770 6771 6772 6773 6774 6775 6776 6777 6779 6780 6781 6782 6783 6784 6785 6786
6771 6772 6773 6774 6775 6776 6777 6778 6780 6781 6782 6783 6784 6785 6786 6787
6772 6773 6774 6775 6776 6777 6778 6779 6781 6782 6783 6784 6785 6786 6787 6788
6773 6774 6775 6776 6777 6778 6779 6780 6782 6783 6784 6785 6786 6787 6788 6789
6774 6775 6776 6777 6778 6779 6780 6781 6783 6784 6785 6786 6787 6788 6789 6790
6775 6776 6777 6778 6779 6780 6781 6782 6784 6785 6786 6787 6788 6789 6790 6791
6776 6777 6778 6779 6780 6781 6782 6783 6785 6786 6787 6788 6789 6790 6791 6792
6777 6778 6779 6780 6781 6782 6783 6784 6786 6787 6788 6789 6790 6791 6792 6793
6778 6779 6780 6781 6782 6783 6784 6785 6787 6788 6789 6790 6791 6792 6793 6794
6779 6780 6781 6782 6783 6784 6785 6786 6788 6789 6790 6791 6792 6793 6794 6795
6780 6781 6782 6783 6784 6785 6786 6787 6789 6790 6791 6792 6793 6794 6795 6796
6781 6782 6783 6784 6785 6786 6787 6788 6790 6791 6792 6793 6794 6795 6796 6797
6782 6783 6784 6785 6786 6787 6788 6789 6791 6792 6793 6794 6795 6796 6797 6798
6783 6784 6785 6786 6787 6788 6789 6790 6792 6793 6794 6795 6796 6797 6798 6799
6784 6785 6786 6787 6788 6789 6790 6791 6793 6794 6795 6796 6797 6798 6799 6800
6785 6786 6787 6788 6789 6790 6791 6792 6794 6795 6796 6797 6798 6799 6800 6801
6786 6787 6788 6789 6790 6791 6792 6793 6795 6796 6797 6798 6799 6800 6801 6802
6787 6788 6789 6790 6791 6792 6793 6794 6796 6797 6798 6799 6800 6801 6802 6803
6788 6789 6790 6791 6792 6793 6794 6795 6797 6798 6799 6800 6801 6802 6803 6804
6789 6790 6791 6792 6793 6794 6795 6796 6798 6799 6800 6801 6802 6803 6804 6805
6790 6791 6792 6793 6794 6795 6796 6797 6799 6800 6801 6802 6803 6804 6805 6806
6791 6792 6793 6794 6795 6796 6797 6798 6800 6801 6802 6803 6804 6805 6806 6807
6792 6793 6794 6795 6796 6797 6798 6799 6801 6802 6803 6804 6805 6806 6807 6808
6793 6794 6795 6796 6797 6798 6799 6800 6802 6803 6804 6805 6806 6807 6808 6809
6794 6795 6796 6797 6798 6799 6800 6801 6803 6804 6805 6806 6807 6808 6809 6810
6795 6796 6797 6798 6799 6800 6801 6802 6804 6805 6806 6807 6808 6809 6810 6811
6796 6797 6798 6799 6800 6801 6802 6803 6805 6806 6807 6808 6809 6810 6811 6812
6797 6798 6799 6800 6801 6802 6803 6804 6806 6807 6808 6809 6810 6811 6812 6813
6798 6799 6800 6801 6802 6803 6804 6805 6807 6808 6809 6810 6811 6812 6813 6814
6799 6800 6801 6802 6803 6804 6805 6806 6808 6809 6810 6811 6812 6813 6814 6815
6800 6801 6802 6803 6804 6805 6806 6807 6809 6810 6811 6812 6813 6814 6815 6816
6801 6802 6803 6804 6805 6806 6807 6808 6810 6811 6812 6813 6814 6815 6816 6817
6802 6803 6804 6805 6806 6807 6808 6809 6811 6812 6813 6814 6815 6816 6817 6818
6803 6804 6805 6806 6807 6808 6809 6810 6812 6813 6814 6815 6816 6817 6818 6819
6804 6805 6806 6807 6808 6809 6810 6811 6813 6814 6815 6816 6817 6818 6819 6820
6805 6806 6807 6808 6809 6810 6811 6812 6814 6815 6816 6817 6818 6819 6820 6821
6806 6807 6808 6809 6810 6811 6812 6813 6815 6816 6817 6818 6819 6820 6821 6822
6807 6808 6809 6810 6811 6812 6813 6814 6816 6817 6818 6819 6820 6821 6822 6823
6808 6809 6810 6811 6812 6813 6814 6815 6817 6818 6819 6820 6821 6822 6823 6824
6809 6810 6811 6812 6813 6814 6815 6816 6818 6819 6820 6821 6822 6823 6824 6825
6810 6811 6812 6813 6814 6815 6816 6817 6819 6820 6821 6822 6823 6824 6825 6826
6811 6812 6813 6814 6815 6816 6817 6818 6820 6821 6822 6823 6824 6825 6826 6827
6812 6813 6814 6815 6816 6817 6818 6819 6821 6822 6823 6824 6825 6826 6827 6828
6813 6814 6815 6816 6817 6818 6819 6820 6822 6823 6824 6825 6826 6827 6828 6829
6814 6815 6816 6817 6818 6819 6820 6821 6823 6824 6825 6826 6827 6828 6829 6830
6815 6816 6817 6818 6819 6820 6821 6822 6824 6825 6826 6827 6828 6829 6830 6831
6816 6817 6818 6819 6820 6821 6822 6823 6825 6826 6827 6828 6829 6830 6831 6832
6817 6818 6819 6820 6821 6822 6823 6824 6826 6827 6828 6829 6830 6831 6832 6833
6818 6819 6820 6821 6822 6823 6824 6825 6827 6828 6829 6830 6831 6832 6833 6834
6819 6820 6821 6822 6823 6824 6825 6826 6828 6829 6830 6831 6832 6833 6834 6835
6820 6821 6822 6823 6824 6825 6826 6827 6829 6830 6831 6832 6833 6834 6835 6836
6821 6822 6823 6824 6825 6826 6827 6828 6830 6831 6832 6833 6834 6835 6836 6837
6822 6823 6824 6825 6826 6827 6828 6829 6831 6832 6833 6834 6835 6836 6837 6838
6823 6824 6825 6826 6827 6828 6829 6830 6832 6833 6834 6835 6836 6837 6838 6839
6824 6825 6826 6827 6828 6829 6830 6831 6833 6834 6835 6836 6837 6838 6839 6840
6825 6826 6827 6828 6829 6830 6831 6832 6834 6835 6836 6837 6838 6839 6840 6841
6826 6827 6828 6829 6830 6831 6832 6833 6835 6836 6837 6838 6839 6840 6841 6842
6827 6828 6829 6830 6831 6832 6833 6834 6836 6837 6838 6839 6840 6841 6842 6843
6828 6829 6830 6831 6832 6833 6834 6835 6837 6838 6839 6840 6841 6842 6843 6844
6829 6830 6831 6832 6833 6834 6835 6836 6838 6839 6840 6841 6842 6843 6844 6845
6830 6831 6832 6833 6834 6835 6836 6837 6839 6840 6841 6842 6843 6844 6845 6846
6831 6832 6833 6834 6835 6836 6837 6838 6840 6841 6842 6843 6844 6845 6846 6847
6832 6833 6834 6835 6836 6837 6838 6839 6841 6842 6843 6844 6845 6846 6847 6848
6833 6834 6835 6836 6837 6838 6839 6840 6842 6843 6844 6845 6846 6847 6848 6849
6834 6835 6836 6837 6838 6839 6840 6841 6843 6844 6845 6846 6847 6848 6849 6850
6835 6836 6837 6838 6839 6840 6841 6842 6844 6845 6846 6847 6848 6849 6850 6851
6836 6837 6838 6839 6840 6841 6842 6843 6845 6846 6847 6848 6849 6850 6851 6852
6837 6838 6839 6840 6841 6842 6843 6844 6846 6847 6848 6849 6850 6851 6852 6853
6838 6839 6840 6841 6842 6843 6844 6845 6847 6848 6849 6850 6851 6852 6853 6854
6839 6840 6841 6842 6843 6844 6845 6846 6848 6849 6850 6851 6852 6853 6854 6855
6840 6841 6842 6843 6844 6845 6846 6847 6849 6850 6851 6852 6853 6854 6855 6856
6841 6842 6843 6844 6845 6846 6847 6848 6850 6851 6852 6853 6854 6855 6856 6857
6842 6843 6844 6845 6846 6847 6848 6849 6851 6852 6853 6854 6855 6856 6857 6858
6843 6844 6845 6846 6847 6848 6849 6850 6852 6853 6854 6855 6856 6857 6858 6859
6844 6845 6846 6847 6848 6849 6850 6851 6853 6854 6855 6856 6857 6858 6859 6860
6845 6846 6847 6848 6849 6850 6851 6852 6854 6855 6856 6857 6858 6859 6860 6861
6846 6847 6848 6849 6850 6851 6852 6853 6855 6856 6857 6858 6859 6860 6861 6862
6847 6848 6849 6850 6851 6852 6853 6854 6856 6857 6858 6859 6860 6861 6862 6863
6848 6849 6850 6851 6852 6853 6854 6855 6857 6858 6859 6860 6861 6862 6863 6864
6849 6850 6851 6852 6853 6854 6855 6856 6858 6859 6860 6861 6862 6863 6864 6865
6850 6851 6852 6853 6854 6855 6856 6857 6859 6860 6861 6862 6863 6864 6865 6866
6851 6852 6853 6854 6855 6856 6857 6858 6860 6861 6862 6863 6864 6865 6866 6867
6852 6853 6854 6855 6856 6857 6858 6859 6861 6862 6863 6864 6865 6866 6867 6868
6853 6854 6855 6856 6857 6858 6859 6860 6862 6863 6864 6865 6866 6867 6868 6869
6854 6855 6856 6857 6858 6859 6860 6861 6863 6864 6865 6866 6867 6868 6869 6870
6855 6856 6857 6858 6859 6860 6861 6862 6864 6865 6866 6867 6868 6869 6870 6871
6856 6857 6858 6859 6860 6861 6862 6863 6865 6866 6867 6868 6869 6870 6871 6872
6857 6858 6859 6860 6861 6862 6863 6864 6866 6867 6868 6869 6870 6871 6872 6873
6858 6859 6860 6861 6862 6863 6864 6865 6867 6868 6869 6870 6871 6872 6873 6874
6859 6860 6861 6862 6863 6864 6865 6866 6868 6869 6870 6871 6872 6873 6874 6875
6860 6861 6862 6863 6864 6865 6866 6867 6869 6870 6871 6872 6873 6874 6875 6876
6861 6862 6863 6864 6865 6866 6867 6868 6870 6871 6872 6873 6874 6875 6876 6877
6862 6863 6864 6865 6866 6867 6868 6869 6871 6872 6873 6874 6875 6876 6877 6878
6863 6864 6865 6866 6867 6868 6869 6870 6872 6873 6874 6875 6876 6877 6878 6879
6864 6865 6866 6867 6868 6869 6870 6871 6873 6874 6875 6876 6877 6878 6879 6880
6865 6866 6867 6868 6869 6870 6871 6872 6874 6875 6876 6877 6878 6879 6880 6881
6866 6867 6868 6869 6870 6871 6872 6873 6875 6876 6877 6878 6879 6880 6881 6882
6867 6868 6869 6870 6871 6872 6873 6874 6876 6877 6878 6879 6880 6881 6882 6883
6868 6869 6870 6871 6872 6873 6874 6875 6877 6878 6879 6880 6881 6882 6883 6884
6869 6870 6871 6872 6873 6874 6875 6876 6878 6879 6880 6881 6882 6883 6884 6885
6870 6871 6872 6873 6874 6875 6876 6877 6879 6880 6881 6882 6883 6884 6885 6886
6871 6872 6873 6874 6875 6876 6877 6878 6880 6881 6882 6883 6884 6885 6886 6887
6872 6873 6874 6875 6876 6877 6878 6879 6881 6882 6883 6884 6885 6886 6887 6888
6873 6874 6875 6876 6877 6878 6879 6880 6882 6883 6884 6885 6886 6887 6888 6889
6874 6875 6876 6877 6878 6879 6880 6881 6883 6884 6885 6886 6887 6888 6889 6890
6875 6876 6877 6878 6879 6880 6881 6882 6884 6885 6886 6887 6888 6889 6890 6891
6876 6877 6878 6879 6880 6881 6882 6883 6885 6886 6887 6888 6889 6890 6891 6892
6877 6878 6879 6880 6881 6882 6883 6884 6886 6887 6888 6889 6890 6891 6892 6893
6878 6879 6880 6881 6882 6883 6884 6885 6887 6888 6889 6890 6891 6892 6893 6894
6879 6880 6881 6882 6883 6884 6885 6886 6888 6889 6890 6891 6892 6893 6894 6895
6880 6881 6882 6883 6884 6885 6886 6887 6889 6890 6891 6892 6893 6894 6895 6896
6881 6882 6883 6884 6885 6886 6887 6888 6890 6891 6892 6893 6894 6895 6896 6897
6882 6883 6884 6885 6886 6887 6888 6889 6891 6892 6893 6894 6895 6896 6897 6898
6883 6884 6885 6886 6887 6888 6889 6890 6892 6893 6894 6895 6896 6897 6898 6899
6884 6885 6886 6887 6888 6889 6890 6891 6893 6894 6895 6896 6897 6898 6899 6900
6885 6886 6887 6888 6889 6890 6891 6892 6894 6895 6896 6897 6898 6899 6900 6901
6886 6887 6888 6889 6890 6891 6892 6893 6895 6896 6897 6898 6899 6900 6901 6902
6887 6888 6889 6890 6891 6892 6893 6894 6896 6897 6898 6899 6900 6901 6902 6903
6888 6889 6890 6891 6892 6893 6894 6895 6897 6898 6899 6900 6901 6902 6903 6904
6889 6890 6891 6892 6893 6894 6895 6896 6898 6899 6900 6901 6902 6903 6904 6905
6890 6891 6892 6893 6894 6895 6896 6897 6899 6900 6901 6902 6903 6904 6905 6906
6891 6892 6893 6894 6895 6896 6897 6898 6900 6901 6902 6903 6904 6905 6906 6907
6892 6893 6894 6895 6896 6897 6898 6899 6901 6902 6903 6904 6905 6906 6907 6908
6893 6894 6895 6896 6897 6898 6899 6900 6902 6903 6904 6905 6906 6907 6908 6909
6894 6895 6896 6897 6898 6899 6900 6901 6903 6904 6905 6906 6907 6908 6909 6910
6895 6896 6897 6898 6899 6900 6901 6902 6904 6905 6906 6907 6908 6909 6910 6911
6896 6897 6898 6899 6900 6901 6902 6903 6905 6906 6907 6908 6909 6910 6911 6912
6897 6898 6899 6900 6901 6902 6903 6904 6906 6907 6908 6909 6910 6911 6912 6913
6898 6899 6900 6901 6902 6903 6904 6905 6907 6908 6909 6910 6911 6912 6913 6914
6899 6900 6901 6902 6903 6904 6905 6906 6908 6909 6910 6911 6912 6913 6914 6915
6900 6901 6902 6903 6904 6905 6906 6907 6909 6910 6911 6912 6913 6914 6915 6916
6901 6902 6903 6904 6905 6906 6907 6908 6910 6911 6912 6913 6914 6915 6916 6917
6902 6903 6904 6905 6906 6907 6908 6909 6911 6912 6913 6914 6915 6916 6917 6918
6903 6904 6905 6906 6907 6908 6909 6910 6912 6913 6914 6915 6916 6917 6918 6919
6904 6905 6906 6907 6908 6909 6910 6911 6913 6914 6915 6916 6917 6918 6919 6920
6905 6906 6907 6908 6909 6910 6911 6912 6914 6915 6916 6917 6918 6919 6920 6921
6906 6907 6908 6909 6910 6911 6912 6913 6915 6916 6917 6918 6919 6920 6921 6922
6907 6908 6909 6910 6911 6912 6913 6914 6916 6917 6918 6919 6920 6921 6922 6923
6908 6909 6910 6911 6912 6913 6914 6915 6917 6918 6919 6920 6921 6922 6923 6924
6909 6910 6911 6912 6913 6914 6915 6916 6918 6919 6920 6921 6922 6923 6924 6925
6910 6911 6912 6913 6914 6915 6916 6917 6919 6920 6921 6922 6923 6924 6925 6926
6911 6912 6913 6914 6915 6916 6917 6918 6920 6921 6922 6923 6924 6925 6926 6927
6912 6913 6914 6915 6916 6917 6918 6919 6921 6922 6923 6924 6925 6926 6927 6928
6913 6914 6915 6916 6917 6918 6919 6920 6922 6923 6924 6925 6926 6927 6928 6929
6914 6915 6916 6917 6918 6919 6920 6921 6923 6924 6925 6926 6927 6928 6929 6930
6915 6916 6917 6918 6919 6920 6921 6922 6924 6925 6926 6927 6928 6929 6930 6931
6916 6917 6918 6919 6920 6921 6922 6923 6925 6926 6927 6928 6929 6930 6931 6932
6917 6918 6919 6920 6921 6922 6923 6924 6926 6927 6928 6929 6930 6931 6932 6933
6918 6919 6920 6921 6922 6923 6924 6925 6927 6928 6929 6930 6931 6932 6933 6934
6919 6920 6921 6922 6923 6924 6925 6926 6928 6929 6930 6931 6932 6933 6934 6935
6920 6921 6922 6923 6924 6925 6926 6927 6929 6930 6931 6932 6933 6934 6935 6936
6921 6922 6923 6924 6925 6926 6927 6928 6930 6931 6932 6933 6934 6935 6936 6937
6922 6923 6924 6925 6926 6927 6928 6929 6931 6932 6933 6934 6935 6936 6937 6938
6923 6924 6925 6926 6927 6928 6929 6930 6932 6933 6934 6935 6936 6937 6938 6939
6924 6925 6926 6927 6928 6929 6930 6931 6933 6934 6935 6936 6937 6938 6939 6940
6925 6926 6927 6928 6929 6930 6931 6932 6934 6935 6936 6937 6938 6939 6940 6941
6926 6927 6928 6929 6930 6931 6932 6933 6935 6936 6937 6938 6939 6940 6941 6942
6927 6928 6929 6930 6931 6932 6933 6934 6936 6937 6938 6939 6940 6941 6942 6943
6928 6929 6930 6931 6932 6933 6934 6935 6937 6938 6939 6940 6941 6942 6943 6944
6929 6930 6931 6932 6933 6934 6935 6936 6938 6939 6940 6941 6942 6943 6944 6945
6930 6931 6932 6933 6934 6935 6936 6937 6939 6940 6941 6942 6943 6944 6945 6946
6931 6932 6933 6934 6935 6936 6937 6938 6940 6941 6942 6943 6944 6945 6946 6947
6932 6933 6934 6935 6936 6937 6938 6939 6941 6942 6943 6944 6945 6946 6947 6948
6933 6934 6935 6936 6937 6938 6939 6940 6942 6943 6944 6945 6946 6947 6948 6949
6934 6935 6936 6937 6938 6939 6940 6941 6943 6944 6945 6946 6947 6948 6949 6950
6935 6936 6937 6938 6939 6940 6941 6942 6944 6945 6946 6947 6948 6949 6950 6951
6936 6937 6938 6939 6940 6941 6942 6943 6945 6946 6947 6948 6949 6950 6951 6952
6937 6938 6939 6940 6941 6942 6943 6944 6946 6947 6948 6949 6950 6951 6952 6953
6938 6939 6940 6941 6942 6943 6944 6945 6947 6948 6949 6950 6951 6952 6953 6954
6939 6940 6941 6942 6943 6944 6945 6946 6948 6949 6950 6951 6952 6953 6954 6955
6940 6941 6942 6943 6944 6945 6946 6947 6949 6950 6951 6952 6953 6954 6955 6956
6941 6942 6943 6944 6945 6946 6947 6948 6950 6951 6952 6953 6954 6955 6956 6957
6942 6943 6944 6945 6946 6947 6948 6949 6951 6952 6953 6954 6955 6956 6957 6958
6943 6944 6945 6946 6947 6948 6949 6950 6952 6953 6954 6955 6956 6957 6958 6959
6944 6945 6946 6947 6948 6949 6950 6951 6953 6954 6955 6956 6957 6958 6959 6960
6945 6946 6947 6948 6949 6950 6951 6952 6954 6955 6956 6957 6958 6959 6960 6961
6946 6947 6948 6949 6950 6951 6952 6953 6955 6956 6957 6958 6959 6960 6961 6962
6947 6948 6949 6950 6951 6952 6953 6954 6956 6957 6958 6959 6960 6961 6962 6963
6948 6949 6950 6951 6952 6953 6954 6955 6957 6958 6959 6960 6961 6962 6963 6964
6949 6950 6951 6952 6953 6954 6955 6956 6958 6959 6960 6961 6962 6963 6964 6965
6950 6951 6952 6953 6954 6955 6956 6957 6959 6960 6961 6962 6963 6964 6965 6966
6951 6952 6953 6954 6955 6956 6957 6958 6960 6961 6962 6963 6964 6965 6966 6967
6952 6953 6954 6955 6956 6957 6958 6959 6961 6962 6963 6964 6965 6966 6967 6968
6953 6954 6955 6956 6957 6958 6959 6960 6962 6963 6964 6965 6966 6967 6968 6969
6954 6955 6956 6957 6958 6959 6960 6961 6963 6964 6965 6966 6967 6968 6969 6970
6955 6956 6957 6958 6959 6960 6961 6962 6964 6965 6966 6967 6968 6969 6970 6971
6956 6957 6958 6959 6960 6961 6962 6963 6965 6966 6967 6968 6969 6970 6971 6972
6957 6958 6959 6960 6961 6962 6963 6964 6966 6967 6968 6969 6970 6971 6972 6973
6958 6959 6960 6961 6962 6963 6964 6965 6967 6968 6969 6970 6971 6972 6973 6974
6959 6960 6961 6962 6963 6964 6965 6966 6968 6969 6970 6971 6972 6973 6974 6975
6960 6961 6962 6963 6964 6965 6966 6967 6969 6970 6971 6972 6973 6974 6975 6976
6961 6962 6963 6964 6965 6966 6967 6968 6970 6971 6972 6973 6974 6975 6976 6977
6962 6963 6964 6965 6966 6967 6968 6969 6971 6972 6973 6974 6975 6976 6977 6978
6963 6964 6965 6966 6967 6968 6969 6970 6972 6973 6974 6975 6976 6977 6978 6979
6964 6965 6966 6967 6968 6969 6970 6971 6973 6974 6975 6976 6977 6978 6979 6980
6965 6966 6967 6968 6969 6970 6971 6972 6974 6975 6976 6977 6978 6979 6980 6981
6966 6967 6968 6969 6970 6971 6972 6973 6975 6976 6977 6978 6979 6980 6981 6982
6967 6968 6969 6970 6971 6972 6973 6974 6976 6977 6978 6979 6980 6981 6982 6983
6968 6969 6970 6971 6972 6973 6974 6975 6977 6978 6979 6980 6981 6982 6983 6984
6969 6970 6971 6972 6973 6974 6975 6976 6978 6979 6980 6981 6982 6983 6984 6985
6970 6971 6972 6973 6974 6975 6976 6977 6979 6980 6981 6982 6983 6984 6985 6986
6971 6972 6973 6974 6975 6976 6977 6978 6980 6981 6982 6983 6984 6985 6986 6987
6972 6973 6974 6975 6976 6977 6978 6979 6981 6982 6983 6984 6985 6986 6987 6988
6973 6974 6975 6976 6977 6978 6979 6980 6982 6983 6984 6985 6986 6987 6988 6989
6974 6975 6976 6977 6978 6979 6980 6981 6983 6984 6985 6986 6987 6988 6989 6990
6975 6976 6977 6978 6979 6980 6981 6982 6984 6985 6986 6987 6988 6989 6990 6991
6976 6977 6978 6979 6980 6981 6982 6983 6985 6986 6987 6988 6989 6990 6991 6992
6977 6978 6979 6980 6981 6982 6983 6984 6986 6987 6988 6989 6990 6991 6992 6993
6978 6979 6980 6981 6982 6983 6984 6985 6987 6988 6989 6990 6991 6992 6993 6994
6979 6980 6981 6982 6983 6984 6985 6986 6988 6989 6990 6991 6992 6993 6994 6995
6980 6981 6982 6983 6984 6985 6986 6987 6989 6990 6991 6992 6993 6994 6995 6996
6981 6982 6983 6984 6985 6986 6987 6988 6990 6991 6992 6993 6994 6995 6996 6997
6982 6983 6984 6985 6986 6987 6988 6989 6991 6992 6993 6994 6995 6996 6997 6998
6983 6984 6985 6986 6987 6988 6989 6990 6992 6993 6994 6995 6996 6997 6998 6999
6984 6985 6986 6987 6988 6989 6990 6991 6993 6994 6995 6996 6997 6998 6999 7000
6985 6986 6987 6988 6989 6990 6991 6992 6994 6995 6996 6997 6998 6999 7000 7001
6986 6987 6988 6989 6990 6991 6992 6993 6995 6996 6997 6998 6999 7000 7001 7002
6987 6988 6989 6990 6991 6992 6993 6994 6996 6997 6998 6999 7000 7001 7002 7003
6988 6989 6990 6991 6992 6993 6994 6995 6997 6998 6999 7000 7001 7002 7003 7004
6989 6990 6991 6992 6993 6994 6995 6996 6998 6999 7000 7001 7002 7003 7004 7005
6990 6991 6992 6993 6994 6995 6996 6997 6999 7000 7001 7002 7003 7004 7005 7006
6991 6992 6993 6994 6995 6996 6997 6998 7000 7001 7002 7003 7004 7005 7006 7007
6992 6993 6994 6995 6996 6997 6998 6999 7001 7002 7003 7004 7005 7006 7007 7008
6993 6994 6995 6996 6997 6998 6999 7000 7002 7003 7004 7005 7006 7007 7008 7009
6994 6995 6996 6997 6998 6999 7000 7001 7003 7004 7005 7006 7007 7008 7009 7010
6995 6996 6997 6998 6999 7000 7001 7002 7004 7005 7006 7007 7008 7009 7010 7011
6996 6997 6998 6999 7000 7001 7002 7003 7005 7006 7007 7008 7009 7010 7011 7012
6997 6998 6999 7000 7001 7002 7003 7004 7006 7007 7008 7009 7010 7011 7012 7013
6998 6999 7000 7001 7002 7003 7004 7005 7007 7008 7009 7010 7011 7012 7013 7014
6999 7000 7001 7002 7003 7004 7005 7006 7008 7009 7010 7011 7012 7013 7014 7015
7000 7001 7002 7003 7004 7005 7006 7007 7009 7010 7011 7012 7013 7014 7015 7016
7001 7002 7003 7004 7005 7006 7007 7008 7010 7011 7012 7013 7014 7015 7016 7017
7002 7003 7004 7005 7006 7007 7008 7009 7011 7012 7013 7014 7015 7016 7017 7018
7003 7004 7005 7006 7007 7008 7009 7010 7012 7013 7014 7015 7016 7017 7018 7019
7004 7005 7006 7007 7008 7009 7010 7011 7013 7014 7015 7016 7017 7018 7019 7020
7005 7006 7007 7008 7009 7010 7011 7012 7014 7015 7016 7017 7018 7019 7020 7021
7006 7007 7008 7009 7010 7011 7012 7013 7015 7016 7017 7018 7019 7020 7021 7022
7007 7008 7009 7010 7011 7012 7013 7014 7016 7017 7018 7019 7020 7021 7022 7023
7008 7009 7010 7011 7012 7013 7014 7015 7017 7018 7019 7020 7021 7022 7023 7024
7009 7010 7011 7012 7013 7014 7015 7016 7018 7019 7020 7021 7022 7023 7024 7025
7010 7011 7012 7013 7014 7015 7016 7017 7019 7020 7021 7022 7023 7024 7025 7026
7011 7012 7013 7014 7015 7016 7017 7018 7020 7021 7022 7023 7024 7025 7026 7027
7012 7013 7014 7015 7016 7017 7018 7019 7021 7022 7023 7024 7025 7026 7027 7028
7013 7014 7015 7016 7017 7018 7019 7020 7022 7023 7024 7025 7026 7027 7028 7029
7014 7015 7016 7017 7018 7019 7020 7021 7023 7024 7025 7026 7027 7028 7029 7030
7015 7016 7017 7018 7019 7020 7021 7022 7024 7025 7026 7027 7028 7029 7030 7031
7016 7017 7018 7019 7020 7021 7022 7023 7025 7026 7027 7028 7029 7030 7031 7032
7017 7018 7019 7020 7021 7022 7023 7024 7026 7027 7028 7029 7030 7031 7032 7033
7018 7019 7020 7021 7022 7023 7024 7025 7027 7028 7029 7030 7031 7032 7033 7034
7019 7020 7021 7022 7023 7024 7025 7026 7028 7029 7030 7031 7032 7033 7034 7035
7020 7021 7022 7023 7024 7025 7026 7027 7029 7030 7031 7032 7033 7034 7035 7036
7021 7022 7023 7024 7025 7026 7027 7028 7030 7031 7032 7033 7034 7035 7036 7037
7022 7023 7024 7025 7026 7027 7028 7029 7031 7032 7033 7034 7035 7036 7037 7038
7023 7024 7025 7026 7027 7028 7029 7030 7032 7033 7034 7035 7036 7037 7038 7039
7024 7025 7026 7027 7028 7029 7030 7031 7033 7034 7035 7036 7037 7038 7039 7040
7025 7026 7027 7028 7029 7030 7031 7032 7034 7035 7036 7037 7038 7039 7040 7041
7026 7027 7028 7029 7030 7031 7032 7033 7035 7036 7037 7038 7039 7040 7041 7042
7027 7028 7029 7030 7031 7032 7033 7034 7036 7037 7038 7039 7040 7041 7042 7043
7028 7029 7030 7031 7032 7033 7034 7035 7037 7038 7039 7040 7041 7042 7043 7044
7029 7030 7031 7032 7033 7034 7035 7036 7038 7039 7040 7041 7042 7043 7044 7045
7030 7031 7032 7033 7034 7035 7036 7037 7039 7040 7041 7042 7043 7044 7045 7046
7031 7032 7033 7034 7035 7036 7037 7038 7040 7041 7042 7043 7044 7045 7046 7047
7032 7033 7034 7035 7036 7037 7038 7039 7041 7042 7043 7044 7045 7046 7047 7048
7033 7034 7035 7036 7037 7038 7039 7040 7042 7043 7044 7045 7046 7047 7048 7049
7034 7035 7036 7037 7038 7039 7040 7041 7043 7044 7045 7046 7047 7048 7049 7050
7035 7036 7037 7038 7039 7040 7041 7042 7044 7045 7046 7047 7048 7049 7050 7051
7036 7037 7038 7039 7040 7041 7042 7043 7045 7046 7047 7048 7049 7050 7051 7052
7037 7038 7039 7040 7041 7042 7043 7044 7046 7047 7048 7049 7050 7051 7052 7053
7038 7039 7040 7041 7042 7043 7044 7045 7047 7048 7049 7050 7051 7052 7053 7054
7039 7040 7041 7042 7043 7044 7045 7046 7048 7049 7050 7051 7052 7053 7054 7055
7040 7041 7042 7043 7044 7045 7046 7047 7049 7050 7051 7052 7053 7054 7055 7056
7041 7042 7043 7044 7045 7046 7047 7048 7050 7051 7052 7053 7054 7055 7056 7057
7042 7043 7044 7045 7046 7047 7048 7049 7051 7052 7053 7054 7055 7056 7057 7058
7043 7044 7045 7046 7047 7048 7049 7050 7052 7053 7054 7055 7056 7057 7058 7059
7044 7045 7046 7047 7048 7049 7050 7051 7053 7054 7055 7056 7057 7058 7059 7060
7045 7046 7047 7048 7049 7050 7051 7052 7054 7055 7056 7057 7058 7059 7060 7061
7046 7047 7048 7049 7050 7051 7052 7053 7055 7056 7057 7058 7059 7060 7061 7062
7047 7048 7049 7050 7051 7052 7053 7054 7056 7057 7058 7059 7060 7061 7062 7063
7048 7049 7050 7051 7052 7053 7054 7055 7057 7058 7059 7060 7061 7062 7063 7064
7049 7050 7051 7052 7053 7054 7055 7056 7058 7059 7060 7061 7062 7063 7064 7065
7050 7051 7052 7053 7054 7055 7056 7057 7059 7060 7061 7062 7063 7064 7065 7066
7051 7052 7053 7054 7055 7056 7057 7058 7060 7061 7062 7063 7064 7065 7066 7067
7052 7053 7054 7055 7056 7057 7058 7059 7061 7062 7063 7064 7065 7066 7067 7068
7053 7054 7055 7056 7057 7058 7059 7060 7062 7063 7064 7065 7066 7067 7068 7069
7054 7055 7056 7057 7058 7059 7060 7061 7063 7064 7065 7066 7067 7068 7069 7070
7055 7056 7057 7058 7059 7060 7061 7062 7064 7065 7066 7067 7068 7069 7070 7071
7056 7057 7058 7059 7060 7061 7062 7063 7065 7066 7067 7068 7069 7070 7071 7072
7057 7058 7059 7060 7061 7062 7063 7064 7066 7067 7068 7069 7070 7071 7072 7073
7058 7059 7060 7061 7062 7063 7064 7065 7067 7068 7069 7070 7071 7072 7073 7074
7059 7060 7061 7062 7063 7064 7065 7066 7068 7069 7070 7071 7072 7073 7074 7075
7060 7061 7062 7063 7064 7065 7066 7067 7069 7070 7071 7072 7073 7074 7075 7076
7061 7062 7063 7064 7065 7066 7067 7068 7070 7071 7072 7073 7074 7075 7076 7077
7062 7063 7064 7065 7066 7067 7068 7069 7071 7072 7073 7074 7075 7076 7077 7078
7063 7064 7065 7066 7067 7068 7069 7070 7072 7073 7074 7075 7076 7077 7078 7079
7064 7065 7066 7067 7068 7069 7070 7071 7073 7074 7075 7076 7077 7078 7079 7080
7065 7066 7067 7068 7069 7070 7071 7072 7074 7075 7076 7077 7078 7079 7080 7081
7066 7067 7068 7069 7070 7071 7072 7073 7075 7076 7077 7078 7079 7080 7081 7082
7067 7068 7069 7070 7071 7072 7073 7074 7076 7077 7078 7079 7080 7081 7082 7083
7068 7069 7070 7071 7072 7073 7074 7075 7077 7078 7079 7080 7081 7082 7083 7084
7069 7070 7071 7072 7073 7074 7075 7076 7078 7079 7080 7081 7082 7083 7084 7085
7070 7071 7072 7073 7074 7075 7076 7077 7079 7080 7081 7082 7083 7084 7085 7086
7071 7072 7073 7074 7075 7076 7077 7078 7080 7081 7082 7083 7084 7085 7086 7087
7072 7073 7074 7075 7076 7077 7078 7079 7081 7082 7083 7084 7085 7086 7087 7088
7073 7074 7075 7076 7077 7078 7079 7080 7082 7083 7084 7085 7086 7087 7088 7089
7074 7075 7076 7077 7078 7079 7080 7081 7083 7084 7085 7086 7087 7088 7089 7090
7075 7076 7077 7078 7079 7080 7081 7082 7084 7085 7086 7087 7088 7089 7090 7091
7076 7077 7078 7079 7080 7081 7082 7083 7085 7086 7087 7088 7089 7090 7091 7092
7077 7078 7079 7080 7081 7082 7083 7084 7086 7087 7088 7089 7090 7091 7092 7093
7078 7079 7080 7081 7082 7083 7084 7085 7087 7088 7089 7090 7091 7092 7093 7094
7079 7080 7081 7082 7083 7084 7085 7086 7088 7089 7090 7091 7092 7093 7094 7095
7080 7081 7082 7083 7084 7085 7086 7087 7089 7090 7091 7092 7093 7094 7095 7096
7081 7082 7083 7084 7085 7086 7087 7088 7090 7091 7092 7093 7094 7095 7096 7097
7082 7083 7084 7085 7086 7087 7088 7089 7091 7092 7093 7094 7095 7096 7097 7098
7083 7084 7085 7086 7087 7088 7089 7090 7092 7093 7094 7095 7096 7097 7098 7099
7084 7085 7086 7087 7088 7089 7090 7091 7093 7094 7095 7096 7097 7098 7099 7100
7085 7086 7087 7088 7089 7090 7091 7092 7094 7095 7096 7097 7098 7099 7100 7101
7086 7087 7088 7089 7090 7091 7092 7093 7095 7096 7097 7098 7099 7100 7101 7102
7087 7088 7089 7090 7091 7092 7093 7094 7096 7097 7098 7099 7100 7101 7102 7103
7088 7089 7090 7091 7092 7093 7094 7095 7097 7098 7099 7100 7101 7102 7103 7104
7089 7090 7091 7092 7093 7094 7095 7096 7098 7099 7100 7101 7102 7103 7104 7105
7090 7091 7092 7093 7094 7095 7096 7097 7099 7100 7101 7102 7103 7104 7105 7106
7091 7092 7093 7094 7095 7096 7097 7098 7100 7101 7102 7103 7104 7105 7106 7107
7092 7093 7094 7095 7096 7097 7098 7099 7101 7102 7103 7104 7105 7106 7107 7108
7093 7094 7095 7096 7097 7098 7099 7100 7102 7103 7104 7105 7106 7107 7108 7109
7094 7095 7096 7097 7098 7099 7100 7101 7103 7104 7105 7106 7107 7108 7109 7110
7095 7096 7097 7098 7099 7100 7101 7102 7104 7105 7106 7107 7108 7109 7110 7111
7096 7097 7098 7099 7100 7101 7102 7103 7105 7106 7107 7108 7109 7110 7111 7112
7097 7098 7099 7100 7101 7102 7103 7104 7106 7107 7108 7109 7110 7111 7112 7113
7098 7099 7100 7101 7102 7103 7104 7105 7107 7108 7109 7110 7111 7112 7113 7114
7099 7100 7101 7102 7103 7104 7105 7106 7108 7109 7110 7111 7112 7113 7114 7115
7100 7101 7102 7103 7104 7105 7106 7107 7109 7110 7111 7112 7113 7114 7115 7116
7101 7102 7103 7104 7105 7106 7107 7108 7110 7111 7112 7113 7114 7115 7116 7117
7102 7103 7104 7105 7106 7107 7108 7109 7111 7112 7113 7114 7115 7116 7117 7118
7103 7104 7105 7106 7107 7108 7109 7110 7112 7113 7114 7115 7116 7117 7118 7119
7104 7105 7106 7107 7108 7109 7110 7111 7113 7114 7115 7116 7117 7118 7119 7120
7105 7106 7107 7108 7109 7110 7111 7112 7114 7115 7116 7117 7118 7119 7120 7121
7106 7107 7108 7109 7110 7111 7112 7113 7115 7116 7117 7118 7119 7120 7121 7122
7107 7108 7109 7110 7111 7112 7113 7114 7116 7117 7118 7119 7120 7121 7122 7123
7108 7109 7110 7111 7112 7113 7114 7115 7117 7118 7119 7120 7121 7122 7123 7124
7109 7110 7111 7112 7113 7114 7115 7116 7118 7119 7120 7121 7122 7123 7124 7125
7110 7111 7112 7113 7114 7115 7116 7117 7119 7120 7121 7122 7123 7124 7125 7126
7111 7112 7113 7114 7115 7116 7117 7118 7120 7121 7122 7123 7124 7125 7126 7127
7112 7113 7114 7115 7116 7117 7118 7119 7121 7122 7123 7124 7125 7126 7127 7128
7113 7114 7115 7116 7117 7118 7119 7120 7122 7123 7124 7125 7126 7127 7128 7129
7114 7115 7116 7117 7118 7119 7120 7121 7123 7124 7125 7126 7127 7128 7129 7130
7115 7116 7117 7118 7119 7120 7121 7122 7124 7125 7126 7127 7128 7129 7130 7131
7116 7117 7118 7119 7120 7121 7122 7123 7125 7126 7127 7128 7129 7130 7131 7132
7117 7118 7119 7120 7121 7122 7123 7124 7126 7127 7128 7129 7130 7131 7132 7133
7118 7119 7120 7121 7122 7123 7124 7125 7127 7128 7129 7130 7131 7132 7133 7134
7119 7120 7121 7122 7123 7124 7125 7126 7128 7129 7130 7131 7132 7133 7134 7135
7120 7121 7122 7123 7124 7125 7126 7127 7129 7130 7131 7132 7133 7134 7135 7136
7121 7122 7123 7124 7125 7126 7127 7128 7130 7131 7132 7133 7134 7135 7136 7137
7122 7123 7124 7125 7126 7127 7128 7129 7131 7132 7133 7134 7135 7136 7137 7138
7123 7124 7125 7126 7127 7128 7129 7130 7132 7133 7134 7135 7136 7137 7138 7139
7124 7125 7126 7127 7128 7129 7130 7131 7133 7134 7135 7136 7137 7138 7139 7140
7125 7126 7127 7128 7129 7130 7131 7132 7134 7135 7136 7137 7138 7139 7140 7141
7126 7127 7128 7129 7130 7131 7132 7133 7135 7136 7137 7138 7139 7140 7141 7142
7127 7128 7129 7130 7131 7132 7133 7134 7136 7137 7138 7139 7140 7141 7142 7143
7128 7129 7130 7131 7132 7133 7134 7135 7137 7138 7139 7140 7141 7142 7143 7144
7129 7130 7131 7132 7133 7134 7135 7136 7138 7139 7140 7141 7142 7143 7144 7145
7130 7131 7132 7133 7134 7135 7136 7137 7139 7140 7141 7142 7143 7144 7145 7146
7131 7132 7133 7134 7135 7136 7137 7138 7140 7141 7142 7143 7144 7145 7146 7147
7132 7133 7134 7135 7136 7137 7138 7139 7141 7142 7143 7144 7145 7146 7147 7148
7133 7134 7135 7136 7137 7138 7139 7140 7142 7143 7144 7145 7146 7147 7148 7149
7134 7135 7136 7137 7138 7139 7140 7141 7143 7144 7145 7146 7147 7148 7149 7150
7135 7136 7137 7138 7139 7140 7141 7142 7144 7145 7146 7147 7148 7149 7150 7151
7136 7137 7138 7139 7140 7141 7142 7143 7145 7146 7147 7148 7149 7150 7151 7152
7137 7138 7139 7140 7141 7142 7143 7144 7146 7147 7148 7149 7150 7151 7152 7153
7138 7139 7140 7141 7142 7143 7144 7145 7147 7148 7149 7150 7151 7152 7153 7154
7139 7140 7141 7142 7143 7144 7145 7146 7148 7149 7150 7151 7152 7153 7154 7155
7140 7141 7142 7143 7144 7145 7146 7147 7149 7150 7151 7152 7153 7154 7155 7156
7141 7142 7143 7144 7145 7146 7147 7148 7150 7151 7152 7153 7154 7155 7156 7157
7142 7143 7144 7145 7146 7147 7148 7149 7151 7152 7153 7154 7155 7156 7157 7158
7143 7144 7145 7146 7147 7148 7149 7150 7152 7153 7154 7155 7156 7157 7158 7159
7144 7145 7146 7147 7148 7149 7150 7151 7153 7154 7155 7156 7157 7158 7159 7160
7145 7146 7147 7148 7149 7150 7151 7152 7154 7155 7156 7157 7158 7159 7160 7161
7146 7147 7148 7149 7150 7151 7152 7153 7155 7156 7157 7158 7159 7160 7161 7162
7147 7148 7149 7150 7151 7152 7153 7154 7156 7157 7158 7159 7160 7161 7162 7163
7148 7149 7150 7151 7152 7153 7154 7155 7157 7158 7159 7160 7161 7162 7163 7164
7149 7150 7151 7152 7153 7154 7155 7156 7158 7159 7160 7161 7162 7163 7164 7165
7150 7151 7152 7153 7154 7155 7156 7157 7159 7160 7161 7162 7163 7164 7165 7166
7151 7152 7153 7154 7155 7156 7157 7158 7160 7161 7162 7163 7164 7165 7166 7167
7152 7153 7154 7155 7156 7157 7158 7159 7161 7162 7163 7164 7165 7166 7167 7168
7153 7154 7155 7156 7157 7158 7159 7160 7162 7163 7164 7165 7166 7167 7168 7169
7154 7155 7156 7157 7158 7159 7160 7161 7163 7164 7165 7166 7167 7168 7169 7170
7155 7156 7157 7158 7159 7160 7161 7162 7164 7165 7166 7167 7168 7169 7170 7171
7156 7157 7158 7159 7160 7161 7162 7163 7165 7166 7167 7168 7169 7170 7171 7172
7157 7158 7159 7160 7161 7162 7163 7164 7166 7167 7168 7169 7170 7171 7172 7173
7158 7159 7160 7161 7162 7163 7164 7165 7167 7168 7169 7170 7171 7172 7173 7174
7159 7160 7161 7162 7163 7164 7165 7166 7168 7169 7170 7171 7172 7173 7174 7175
7160 7161 7162 7163 7164 7165 7166 7167 7169 7170 7171 7172 7173 7174 7175 7176
7161 7162 7163 7164 7165 7166 7167 7168 7170 7171 7172 7173 7174 7175 7176 7177
7162 7163 7164 7165 7166 7167 7168 7169 7171 7172 7173 7174 7175 7176 7177 7178
7163 7164 7165 7166 7167 7168 7169 7170 7172 7173 7174 7175 7176 7177 7178 7179
7164 7165 7166 7167 7168 7169 7170 7171 7173 7174 7175 7176 7177 7178 7179 7180
7165 7166 7167 7168 7169 7170 7171 7172 7174 7175 7176 7177 7178 7179 7180 7181
7166 7167 7168 7169 7170 7171 7172 7173 7175 7176 7177 7178 7179 7180 7181 7182
7167 7168 7169 7170 7171 7172 7173 7174 7176 7177 7178 7179 7180 7181 7182 7183
7168 7169 7170 7171 7172 7173 7174 7175 7177 7178 7179 7180 7181 7182 7183 7184
7169 7170 7171 7172 7173 7174 7175 7176 7178 7179 7180 7181 7182 7183 7184 7185
7170 7171 7172 7173 7174 7175 7176 7177 7179 7180 7181 7182 7183 7184 7185 7186
7171 7172 7173 7174 7175 7176 7177 7178 7180 7181 7182 7183 7184 7185 7186 7187
7172 7173 7174 7175 7176 7177 7178 7179 7181 7182 7183 7184 7185 7186 7187 7188
7173 7174 7175 7176 7177 7178 7179 7180 7182 7183 7184 7185 7186 7187 7188 7189
7174 7175 7176 7177 7178 7179 7180 7181 7183 7184 7185 7186 7187 7188 7189 7190
7175 7176 7177 7178 7179 7180 7181 7182 7184 7185 7186 7187 7188 7189 7190 7191
7176 7177 7178 7179 7180 7181 7182 7183 7185 7186 7187 7188 7189 7190 7191 7192
7177 7178 7179 7180 7181 7182 7183 7184 7186 7187 7188 7189 7190 7191 7192 7193
7178 7179 7180 7181 7182 7183 7184 7185 7187 7188 7189 7190 7191 7192 7193 7194
7179 7180 7181 7182 7183 7184 7185 7186 7188 7189 7190 7191 7192 7193 7194 7195
7180 7181 7182 7183 7184 7185 7186 7187 7189 7190 7191 7192 7193 7194 7195 7196
7181 7182 7183 7184 7185 7186 7187 7188 7190 7191 7192 7193 7194 7195 7196 7197
7182 7183 7184 7185 7186 7187 7188 7189 7191 7192 7193 7194 7195 7196 7197 7198
7183 7184 7185 7186 7187 7188 7189 7190 7192 7193 7194 7195 7196 7197 7198 7199
7184 7185 7186 7187 7188 7189 7190 7191 7193 7194 7195 7196 7197 7198 7199 7200
7185 7186 7187 7188 7189 7190 7191 7192 7194 7195 7196 7197 7198 7199 7200 7201
7186 7187 7188 7189 7190 7191 7192 7193 7195 7196 7197 7198 7199 7200 7201 7202
7187 7188 7189 7190 7191 7192 7193 7194 7196 7197 7198 7199 7200 7201 7202 7203
7188 7189 7190 7191 7192 7193 7194 7195 7197 7198 7199 7200 7201 7202 7203 7204
7189 7190 7191 7192 7193 7194 7195 7196 7198 7199 7200 7201 7202 7203 7204 7205
7190 7191 7192 7193 7194 7195 7196 7197 7199 7200 7201 7202 7203 7204 7205 7206
7191 7192 7193 7194 7195 7196 7197 7198 7200 7201 7202 7203 7204 7205 7206 7207
7192 7193 7194 7195 7196 7197 7198 7199 7201 7202 7203 7204 7205 7206 7207 7208
7193 7194 7195 7196 7197 7198 7199 7200 7202 7203 7204 7205 7206 7207 7208 7209
7194 7195 7196 7197 7198 7199 7200 7201 7203 7204 7205 7206 7207 7208 7209 7210
7195 7196 7197 7198 7199 7200 7201 7202 7204 7205 7206 7207 7208 7209 7210 7211
7196 7197 7198 7199 7200 7201 7202 7203 7205 7206 7207 7208 7209 7210 7211 7212
7197 7198 7199 7200 7201 7202 7203 7204 7206 7207 7208 7209 7210 7211 7212 7213
7198 7199 7200 7201 7202 7203 7204 7205 7207 7208 7209 7210 7211 7212 7213 7214
7199 7200 7201 7202 7203 7204 7205 7206 7208 7209 7210 7211 7212 7213 7214 7215
7200 7201 7202 7203 7204 7205 7206 7207 7209 7210 7211 7212 7213 7214 7215 7216
7201 7202 7203 7204 7205 7206 7207 7208 7210 7211 7212 7213 7214 7215 7216 7217
7202 7203 7204 7205 7206 7207 7208 7209 7211 7212 7213 7214 7215 7216 7217 7218
7203 7204 7205 7206 7207 7208 7209 7210 7212 7213 7214 7215 7216 7217 7218 7219
7204 7205 7206 7207 7208 7209 7210 7211 7213 7214 7215 7216 7217 7218 7219 7220
7205 7206 7207 7208 7209 7210 7211 7212 7214 7215 7216 7217 7218 7219 7220 7221
7206 7207 7208 7209 7210 7211 7212 7213 7215 7216 7217 7218 7219 7220 7221 7222
7207 7208 7209 7210 7211 7212 7213 7214 7216 7217 7218 7219 7220 7221 7222 7223
7208 7209 7210 7211 7212 7213 7214 7215 7217 7218 7219 7220 7221 7222 7223 7224
7209 7210 7211 7212 7213 7214 7215 7216 7218 7219 7220 7221 7222 7223 7224 7225
7210 7211 7212 7213 7214 7215 7216 7217 7219 7220 7221 7222 7223 7224 7225 7226
7211 7212 7213 7214 7215 7216 7217 7218 7220 7221 7222 7223 7224 7225 7226 7227
7212 7213 7214 7215 7216 7217 7218 7219 7221 7222 7223 7224 7225 7226 7227 7228
7213 7214 7215 7216 7217 7218 7219 7220 7222 7223 7224 7225 7226 7227 7228 7229
7214 7215 7216 7217 7218 7219 7220 7221 7223 7224 7225 7226 7227 7228 7229 7230
7215 7216 7217 7218 7219 7220 7221 7222 7224 7225 7226 7227 7228 7229 7230 7231
7216 7217 7218 7219 7220 7221 7222 7223 7225 7226 7227 7228 7229 7230 7231 7232
7217 7218 7219 7220 7221 7222 7223 7224 7226 7227 7228 7229 7230 7231 7232 7233
7218 7219 7220 7221 7222 7223 7224 7225 7227 7228 7229 7230 7231 7232 7233 7234
7219 7220 7221 7222 7223 7224 7225 7226 7228 7229 7230 7231 7232 7233 7234 7235
7220 7221 7222 7223 7224 7225 7226 7227 7229 7230 7231 7232 7233 7234 7235 7236
7221 7222 7223 7224 7225 7226 7227 7228 7230 7231 7232 7233 7234 7235 7236 7237
7222 7223 7224 7225 7226 7227 7228 7229 7231 7232 7233 7234 7235 7236 7237 7238
7223 7224 7225 7226 7227 7228 7229 7230 7232 7233 7234 7235 7236 7237 7238 7239
7224 7225 7226 7227 7228 7229 7230 7231 7233 7234 7235 7236 7237 7238 7239 7240
7225 7226 7227 7228 7229 7230 7231 7232 7234 7235 7236 7237 7238 7239 7240 7241
7226 7227 7228 7229 7230 7231 7232 7233 7235 7236 7237 7238 7239 7240 7241 7242
7227 7228 7229 7230 7231 7232 7233 7234 7236 7237 7238 7239 7240 7241 7242 7243
7228 7229 7230 7231 7232 7233 7234 7235 7237 7238 7239 7240 7241 7242 7243 7244
7229 7230 7231 7232 7233 7234 7235 7236 7238 7239 7240 7241 7242 7243 7244 7245
7230 7231 7232 7233 7234 7235 7236 7237 7239 7240 7241 7242 7243 7244 7245 7246
7231 7232 7233 7234 7235 7236 7237 7238 7240 7241 7242 7243 7244 7245 7246 7247
7232 7233 7234 7235 7236 7237 7238 7239 7241 7242 7243 7244 7245 7246 7247 7248
7233 7234 7235 7236 7237 7238 7239 7240 7242 7243 7244 7245 7246 7247 7248 7249
7234 7235 7236 7237 7238 7239 7240 7241 7243 7244 7245 7246 7247 7248 7249 7250
7235 7236 7237 7238 7239 7240 7241 7242 7244 7245 7246 7247 7248 7249 7250 7251
7236 7237 7238 7239 7240 7241 7242 7243 7245 7246 7247 7248 7249 7250 7251 7252
7237 7238 7239 7240 7241 7242 7243 7244 7246 7247 7248 7249 7250 7251 7252 7253
7238 7239 7240 7241 7242 7243 7244 7245 7247 7248 7249 7250 7251 7252 7253 7254
7239 7240 7241 7242 7243 7244 7245 7246 7248 7249 7250 7251 7252 7253 7254 7255
7240 7241 7242 7243 7244 7245 7246 7247 7249 7250 7251 7252 7253 7254 7255 7256
7241 7242 7243 7244 7245 7246 7247 7248 7250 7251 7252 7253 7254 7255 7256 7257
7242 7243 7244 7245 7246 7247 7248 7249 7251 7252 7253 7254 7255 7256 7257 7258
7243 7244 7245 7246 7247 7248 7249 7250 7252 7253 7254 7255 7256 7257 7258 7259
7244 7245 7246 7247 7248 7249 7250 7251 7253 7254 7255 7256 7257 7258 7259 7260
7245 7246 7247 7248 7249 7250 7251 7252 7254 7255 7256 7257 7258 7259 7260 7261
7246 7247 7248 7249 7250 7251 7252 7253 7255 7256 7257 7258 7259 7260 7261 7262
7247 7248 7249 7250 7251 7252 7253 7254 7256 7257 7258 7259 7260 7261 7262 7263
7248 7249 7250 7251 7252 7253 7254 7255 7257 7258 7259 7260 7261 7262 7263 7264
7249 7250 7251 7252 7253 7254 7255 7256 7258 7259 7260 7261 7262 7263 7264 7265
7250 7251 7252 7253 7254 7255 7256 7257 7259 7260 7261 7262 7263 7264 7265 7266
7251 7252 7253 7254 7255 7256 7257 7258 7260 7261 7262 7263 7264 7265 7266 7267
7252 7253 7254 7255 7256 7257 7258 7259 7261 7262 7263 7264 7265 7266 7267 7268
7253 7254 7255 7256 7257 7258 7259 7260 7262 7263 7264 7265 7266 7267 7268 7269
7254 7255 7256 7257 7258 7259 7260 7261 7263 7264 7265 7266 7267 7268 7269 7270
7255 7256 7257 7258 7259 7260 7261 7262 7264 7265 7266 7267 7268 7269 7270 7271
7256 7257 7258 7259 7260 7261 7262 7263 7265 7266 7267 7268 7269 7270 7271 7272
7257 7258 7259 7260 7261 7262 7263 7264 7266 7267 7268 7269 7270 7271 7272 7273
7258 7259 7260 7261 7262 7263 7264 7265 7267 7268 7269 7270 7271 7272 7273 7274
7259 7260 7261 7262 7263 7264 7265 7266 7268 7269 7270 7271 7272 7273 7274 7275
7260 7261 7262 7263 7264 7265 7266 7267 7269 7270 7271 7272 7273 7274 7275 7276
7261 7262 7263 7264 7265 7266 7267 7268 7270 7271 7272 7273 7274 7275 7276 7277
7262 7263 7264 7265 7266 7267 7268 7269 7271 7272 7273 7274 7275 7276 7277 7278
7263 7264 7265 7266 7267 7268 7269 7270 7272 7273 7274 7275 7276 7277 7278 7279
7264 7265 7266 7267 7268 7269 7270 7271 7273 7274 7275 7276 7277 7278 7279 7280
7265 7266 7267 7268 7269 7270 7271 7272 7274 7275 7276 7277 7278 7279 7280 7281
7266 7267 7268 7269 7270 7271 7272 7273 7275 7276 7277 7278 7279 7280 7281 7282
7267 7268 7269 7270 7271 7272 7273 7274 7276 7277 7278 7279 7280 7281 7282 7283
7268 7269 7270 7271 7272 7273 7274 7275 7277 7278 7279 7280 7281 7282 7283 7284
7269 7270 7271 7272 7273 7274 7275 7276 7278 7279 7280 7281 7282 7283 7284 7285
7270 7271 7272 7273 7274 7275 7276 7277 7279 7280 7281 7282 7283 7284 7285 7286
7271 7272 7273 7274 7275 7276 7277 7278 7280 7281 7282 7283 7284 7285 7286 7287
7272 7273 7274 7275 7276 7277 7278 7279 7281 7282 7283 7284 7285 7286 7287 7288
7273 7274 7275 7276 7277 7278 7279 7280 7282 7283 7284 7285 7286 7287 7288 7289
7274 7275 7276 7277 7278 7279 7280 7281 7283 7284 7285 7286 7287 7288 7289 7290
7275 7276 7277 7278 7279 7280 7281 7282 7284 7285 7286 7287 7288 7289 7290 7291
7276 7277 7278 7279 7280 7281 7282 7283 7285 7286 7287 7288 7289 7290 7291 7292
7277 7278 7279 7280 7281 7282 7283 7284 7286 7287 7288 7289 7290 7291 7292 7293
7278 7279 7280 7281 7282 7283 7284 7285 7287 7288 7289 7290 7291 7292 7293 7294
7279 7280 7281 7282 7283 7284 7285 7286 7288 7289 7290 7291 7292 7293 7294 7295
7280 7281 7282 7283 7284 7285 7286 7287 7289 7290 7291 7292 7293 7294 7295 7296
7281 7282 7283 7284 7285 7286 7287 7288 7290 7291 7292 7293 7294 7295 7296 7297
7282 7283 7284 7285 7286 7287 7288 7289 7291 7292 7293 7294 7295 7296 7297 7298
7283 7284 7285 7286 7287 7288 7289 7290 7292 7293 7294 7295 7296 7297 7298 7299
7284 7285 7286 7287 7288 7289 7290 7291 7293 7294 7295 7296 7297 7298 7299 7300
7285 7286 7287 7288 7289 7290 7291 7292 7294 7295 7296 7297 7298 7299 7300 7301
7286 7287 7288 7289 7290 7291 7292 7293 7295 7296 7297 7298 7299 7300 7301 7302
7287 7288 7289 7290 7291 7292 7293 7294 7296 7297 7298 7299 7300 7301 7302 7303
7288 7289 7290 7291 7292 7293 7294 7295 7297 7298 7299 7300 7301 7302 7303 7304
7289 7290 7291 7292 7293 7294 7295 7296 7298 7299 7300 7301 7302 7303 7304 7305
7290 7291 7292 7293 7294 7295 7296 7297 7299 7300 7301 7302 7303 7304 7305 7306
7291 7292 7293 7294 7295 7296 7297 7298 7300 7301 7302 7303 7304 7305 7306 7307
7292 7293 7294 7295 7296 7297 7298 7299 7301 7302 7303 7304 7305 7306 7307 7308
7293 7294 7295 7296 7297 7298 7299 7300 7302 7303 7304 7305 7306 7307 7308 7309
7294 7295 7296 7297 7298 7299 7300 7301 7303 7304 7305 7306 7307 7308 7309 7310
7295 7296 7297 7298 7299 7300 7301 7302 7304 7305 7306 7307 7308 7309 7310 7311
7296 7297 7298 7299 7300 7301 7302 7303 7305 7306 7307 7308 7309 7310 7311 7312
7297 7298 7299 7300 7301 7302 7303 7304 7306 7307 7308 7309 7310 7311 7312 7313
7298 7299 7300 7301 7302 7303 7304 7305 7307 7308 7309 7310 7311 7312 7313 7314
7299 7300 7301 7302 7303 7304 7305 7306 7308 7309 7310 7311 7312 7313 7314 7315
7300 7301 7302 7303 7304 7305 7306 7307 7309 7310 7311 7312 7313 7314 7315 7316
7301 7302 7303 7304 7305 7306 7307 7308 7310 7311 7312 7313 7314 7315 7316 7317
7302 7303 7304 7305 7306 7307 7308 7309 7311 7312 7313 7314 7315 7316 7317 7318
7303 7304 7305 7306 7307 7308 7309 7310 7312 7313 7314 7315 7316 7317 7318 7319
7304 7305 7306 7307 7308 7309 7310 7311 7313 7314 7315 7316 7317 7318 7319 7320
7305 7306 7307 7308 7309 7310 7311 7312 7314 7315 7316 7317 7318 7319 7320 7321
7306 7307 7308 7309 7310 7311 7312 7313 7315 7316 7317 7318 7319 7320 7321 7322
7307 7308 7309 7310 7311 7312 7313 7314 7316 7317 7318 7319 7320 7321 7322 7323
7308 7309 7310 7311 7312 7313 7314 7315 7317 7318 7319 7320 7321 7322 7323 7324
7309 7310 7311 7312 7313 7314 7315 7316 7318 7319 7320 7321 7322 7323 7324 7325
7310 7311 7312 7313 7314 7315 7316 7317 7319 7320 7321 7322 7323 7324 7325 7326
7311 7312 7313 7314 7315 7316 7317 7318 7320 7321 7322 7323 7324 7325 7326 7327
7312 7313 7314 7315 7316 7317 7318 7319 7321 7322 7323 7324 7325 7326 7327 7328
7313 7314 7315 7316 7317 7318 7319 7320 7322 7323 7324 7325 7326 7327 7328 7329
7314 7315 7316 7317 7318 7319 7320 7321 7323 7324 7325 7326 7327 7328 7329 7330
7315 7316 7317 7318 7319 7320 7321 7322 7324 7325 7326 7327 7328 7329 7330 7331
7316 7317 7318 7319 7320 7321 7322 7323 7325 7326 7327 7328 7329 7330 7331 7332
7317 7318 7319 7320 7321 7322 7323 7324 7326 7327 7328 7329 7330 7331 7332 7333
7318 7319 7320 7321 7322 7323 7324 7325 7327 7328 7329 7330 7331 7332 7333 7334
7319 7320 7321 7322 7323 7324 7325 7326 7328 7329 7330 7331 7332 7333 7334 7335
7320 7321 7322 7323 7324 7325 7326 7327 7329 7330 7331 7332 7333 7334 7335 7336
7321 7322 7323 7324 7325 7326 7327 7328 7330 7331 7332 7333 7334 7335 7336 7337
7322 7323 7324 7325 7326 7327 7328 7329 7331 7332 7333 7334 7335 7336 7337 7338
7323 7324 7325 7326 7327 7328 7329 7330 7332 7333 7334 7335 7336 7337 7338 7339
7324 7325 7326 7327 7328 7329 7330 7331 7333 7334 7335 7336 7337 7338 7339 7340
7325 7326 7327 7328 7329 7330 7331 7332 7334 7335 7336 7337 7338 7339 7340 7341
7326 7327 7328 7329 7330 7331 7332 7333 7335 7336 7337 7338 7339 7340 7341 7342
7327 7328 7329 7330 7331 7332 7333 7334 7336 7337 7338 7339 7340 7341 7342 7343
7328 7329 7330 7331 7332 7333 7334 7335 7337 7338 7339 7340 7341 7342 7343 7344
7329 7330 7331 7332 7333 7334 7335 7336 7338 7339 7340 7341 7342 7343 7344 7345
7330 7331 7332 7333 7334 7335 7336 7337 7339 7340 7341 7342 7343 7344 7345 7346
7331 7332 7333 7334 7335 7336 7337 7338 7340 7341 7342 7343 7344 7345 7346 7347
7332 7333 7334 7335 7336 7337 7338 7339 7341 7342 7343 7344 7345 7346 7347 7348
7333 7334 7335 7336 7337 7338 7339 7340 7342 7343 7344 7345 7346 7347 7348 7349
7334 7335 7336 7337 7338 7339 7340 7341 7343 7344 7345 7346 7347 7348 7349 7350
7335 7336 7337 7338 7339 7340 7341 7342 7344 7345 7346 7347 7348 7349 7350 7351
7336 7337 7338 7339 7340 7341 7342 7343 7345 7346 7347 7348 7349 7350 7351 7352
7337 7338 7339 7340 7341 7342 7343 7344 7346 7347 7348 7349 7350 7351 7352 7353
7338 7339 7340 7341 7342 7343 7344 7345 7347 7348 7349 7350 7351 7352 7353 7354
7339 7340 7341 7342 7343 7344 7345 7346 7348 7349 7350 7351 7352 7353 7354 7355
7340 7341 7342 7343 7344 7345 7346 7347 7349 7350 7351 7352 7353 7354 7355 7356
7341 7342 7343 7344 7345 7346 7347 7348 7350 7351 7352 7353 7354 7355 7356 7357
7342 7343 7344 7345 7346 7347 7348 7349 7351 7352 7353 7354 7355 7356 7357 7358
7343 7344 7345 7346 7347 7348 7349 7350 7352 7353 7354 7355 7356 7357 7358 7359
7344 7345 7346 7347 7348 7349 7350 7351 7353 7354 7355 7356 7357 7358 7359 7360
7345 7346 7347 7348 7349 7350 7351 7352 7354 7355 7356 7357 7358 7359 7360 7361
7346 7347 7348 7349 7350 7351 7352 7353 7355 7356 7357 7358 7359 7360 7361 7362
7347 7348 7349 7350 7351 7352 7353 7354 7356 7357 7358 7359 7360 7361 7362 7363
7348 7349 7350 7351 7352 7353 7354 7355 7357 7358 7359 7360 7361 7362 7363 7364
7349 7350 7351 7352 7353 7354 7355 7356 7358 7359 7360 7361 7362 7363 7364 7365
7350 7351 7352 7353 7354 7355 7356 7357 7359 7360 7361 7362 7363 7364 7365 7366
7351 7352 7353 7354 7355 7356 7357 7358 7360 7361 7362 7363 7364 7365 7366 7367
7352 7353 7354 7355 7356 7357 7358 7359 7361 7362 7363 7364 7365 7366 7367 7368
7353 7354 7355 7356 7357 7358 7359 7360 7362 7363 7364 7365 7366 7367 7368 7369
7354 7355 7356 7357 7358 7359 7360 7361 7363 7364 7365 7366 7367 7368 7369 7370
7355 7356 7357 7358 7359 7360 7361 7362 7364 7365 7366 7367 7368 7369 7370 7371
7356 7357 7358 7359 7360 7361 7362 7363 7365 7366 7367 7368 7369 7370 7371 7372
7357 7358 7359 7360 7361 7362 7363 7364 7366 7367 7368 7369 7370 7371 7372 7373
7358 7359 7360 7361 7362 7363 7364 7365 7367 7368 7369 7370 7371 7372 7373 7374
7359 7360 7361 7362 7363 7364 7365 7366 7368 7369 7370 7371 7372 7373 7374 7375
7360 7361 7362 7363 7364 7365 7366 7367 7369 7370 7371 7372 7373 7374 7375 7376
7361 7362 7363 7364 7365 7366 7367 7368 7370 7371 7372 7373 7374 7375 7376 7377
7362 7363 7364 7365 7366 7367 7368 7369 7371 7372 7373 7374 7375 7376 7377 7378
7363 7364 7365 7366 7367 7368 7369 7370 7372 7373 7374 7375 7376 7377 7378 7379
7364 7365 7366 7367 7368 7369 7370 7371 7373 7374 7375 7376 7377 7378 7379 7380
7365 7366 7367 7368 7369 7370 7371 7372 7374 7375 7376 7377 7378 7379 7380 7381
7366 7367 7368 7369 7370 7371 7372 7373 7375 7376 7377 7378 7379 7380 7381 7382
7367 7368 7369 7370 7371 7372 7373 7374 7376 7377 7378 7379 7380 7381 7382 7383
7368 7369 7370 7371 7372 7373 7374 7375 7377 7378 7379 7380 7381 7382 7383 7384
7369 7370 7371 7372 7373 7374 7375 7376 7378 7379 7380 7381 7382 7383 7384 7385
7370 7371 7372 7373 7374 7375 7376 7377 7379 7380 7381 7382 7383 7384 7385 7386
7371 7372 7373 7374 7375 7376 7377 7378 7380 7381 7382 7383 7384 7385 7386 7387
7372 7373 7374 7375 7376 7377 7378 7379 7381 7382 7383 7384 7385 7386 7387 7388
7373 7374 7375 7376 7377 7378 7379 7380 7382 7383 7384 7385 7386 7387 7388 7389
7374 7375 7376 7377 7378 7379 7380 7381 7383 7384 7385 7386 7387 7388 7389 7390
7375 7376 7377 7378 7379 7380 7381 7382 7384 7385 7386 7387 7388 7389 7390 7391
7376 7377 7378 7379 7380 7381 7382 7383 7385 7386 7387 7388 7389 7390 7391 7392
7377 7378 7379 7380 7381 7382 7383 7384 7386 7387 7388 7389 7390 7391 7392 7393
7378 7379 7380 7381 7382 7383 7384 7385 7387 7388 7389 7390 7391 7392 7393 7394
7379 7380 7381 7382 7383 7384 7385 7386 7388 7389 7390 7391 7392 7393 7394 7395
7380 7381 7382 7383 7384 7385 7386 7387 7389 7390 7391 7392 7393 7394 7395 7396
7381 7382 7383 7384 7385 7386 7387 7388 7390 7391 7392 7393 7394 7395 7396 7397
7382 7383 7384 7385 7386 7387 7388 7389 7391 7392 7393 7394 7395 7396 7397 7398
7383 7384 7385 7386 7387 7388 7389 7390 7392 7393 7394 7395 7396 7397 7398 7399
7384 7385 7386 7387 7388 7389 7390 7391 7393 7394 7395 7396 7397 7398 7399 7400
7385 7386 7387 7388 7389 7390 7391 7392 7394 7395 7396 7397 7398 7399 7400 7401
7386 7387 7388 7389 7390 7391 7392 7393 7395 7396 7397 7398 7399 7400 7401 7402
7387 7388 7389 7390 7391 7392 7393 7394 7396 7397 7398 7399 7400 7401 7402 7403
7388 7389 7390 7391 7392 7393 7394 7395 7397 7398 7399 7400 7401 7402 7403 7404
7389 7390 7391 7392 7393 7394 7395 7396 7398 7399 7400 7401 7402 7403 7404 7405
7390 7391 7392 7393 7394 7395 7396 7397 7399 7400 7401 7402 7403 7404 7405 7406
7391 7392 7393 7394 7395 7396 7397 7398 7400 7401 7402 7403 7404 7405 7406 7407
7392 7393 7394 7395 7396 7397 7398 7399 7401 7402 7403 7404 7405 7406 7407 7408
7393 7394 7395 7396 7397 7398 7399 7400 7402 7403 7404 7405 7406 7407 7408 7409
7394 7395 7396 7397 7398 7399 7400 7401 7403 7404 7405 7406 7407 7408 7409 7410
7395 7396 7397 7398 7399 7400 7401 7402 7404 7405 7406 7407 7408 7409 7410 7411
7396 7397 7398 7399 7400 7401 7402 7403 7405 7406 7407 7408 7409 7410 7411 7412
7397 7398 7399 7400 7401 7402 7403 7404 7406 7407 7408 7409 7410 7411 7412 7413
7398 7399 7400 7401 7402 7403 7404 7405 7407 7408 7409 7410 7411 7412 7413 7414
7399 7400 7401 7402 7403 7404 7405 7406 7408 7409 7410 7411 7412 7413 7414 7415
7400 7401 7402 7403 7404 7405 7406 7407 7409 7410 7411 7412 7413 7414 7415 7416
7401 7402 7403 7404 7405 7406 7407 7408 7410 7411 7412 7413 7414 7415 7416 7417
7402 7403 7404 7405 7406 7407 7408 7409 7411 7412 7413 7414 7415 7416 7417 7418
7403 7404 7405 7406 7407 7408 7409 7410 7412 7413 7414 7415 7416 7417 7418 7419
7404 7405 7406 7407 7408 7409 7410 7411 7413 7414 7415 7416 7417 7418 7419 7420
7405 7406 7407 7408 7409 7410 7411 7412 7414 7415 7416 7417 7418 7419 7420 7421
7406 7407 7408 7409 7410 7411 7412 7413 7415 7416 7417 7418 7419 7420 7421 7422
7407 7408 7409 7410 7411 7412 7413 7414 7416 7417 7418 7419 7420 7421 7422 7423
7408 7409 7410 7411 7412 7413 7414 7415 7417 7418 7419 7420 7421 7422 7423 7424
7409 7410 7411 7412 7413 7414 7415 7416 7418 7419 7420 7421 7422 7423 7424 7425
7410 7411 7412 7413 7414 7415 7416 7417 7419 7420 7421 7422 7423 7424 7425 7426
7411 7412 7413 7414 7415 7416 7417 7418 7420 7421 7422 7423 7424 7425 7426 7427
7412 7413 7414 7415 7416 7417 7418 7419 7421 7422 7423 7424 7425 7426 7427 7428
7413 7414 7415 7416 7417 7418 7419 7420 7422 7423 7424 7425 7426 7427 7428 7429
7414 7415 7416 7417 7418 7419 7420 7421 7423 7424 7425 7426 7427 7428 7429 7430
7415 7416 7417 7418 7419 7420 7421 7422 7424 7425 7426 7427 7428 7429 7430 7431
7416 7417 7418 7419 7420 7421 7422 7423 7425 7426 7427 7428 7429 7430 7431 7432
7417 7418 7419 7420 7421 7422 7423 7424 7426 7427 7428 7429 7430 7431 7432 7433
7418 7419 7420 7421 7422 7423 7424 7425 7427 7428 7429 7430 7431 7432 7433 7434
7419 7420 7421 7422 7423 7424 7425 7426 7428 7429 7430 7431 7432 7433 7434 7435
7420 7421 7422 7423 7424 7425 7426 7427 7429 7430 7431 7432 7433 7434 7435 7436
7421 7422 7423 7424 7425 7426 7427 7428 7430 7431 7432 7433 7434 7435 7436 7437
7422 7423 7424 7425 7426 7427 7428 7429 7431 7432 7433 7434 7435 7436 7437 7438
7423 7424 7425 7426 7427 7428 7429 7430 7432 7433 7434 7435 7436 7437 7438 7439
7424 7425 7426 7427 7428 7429 7430 7431 7433 7434 7435 7436 7437 7438 7439 7440
7425 7426 7427 7428 7429 7430 7431 7432 7434 7435 7436 7437 7438 7439 7440 7441
7426 7427 7428 7429 7430 7431 7432 7433 7435 7436 7437 7438 7439 7440 7441 7442
7427 7428 7429 7430 7431 7432 7433 7434 7436 7437 7438 7439 7440 7441 7442 7443
7428 7429 7430 7431 7432 7433 7434 7435 7437 7438 7439 7440 7441 7442 7443 7444
7429 7430 7431 7432 7433 7434 7435 7436 7438 7439 7440 7441 7442 7443 7444 7445
7430 7431 7432 7433 7434 7435 7436 7437 7439 7440 7441 7442 7443 7444 7445 7446
7431 7432 7433 7434 7435 7436 7437 7438 7440 7441 7442 7443 7444 7445 7446 7447
7432 7433 7434 7435 7436 7437 7438 7439 7441 7442 7443 7444 7445 7446 7447 7448
7433 7434 7435 7436 7437 7438 7439 7440 7442 7443 7444 7445 7446 7447 7448 7449
7434 7435 7436 7437 7438 7439 7440 7441 7443 7444 7445 7446 7447 7448 7449 7450
7435 7436 7437 7438 7439 7440 7441 7442 7444 7445 7446 7447 7448 7449 7450 7451
7436 7437 7438 7439 7440 7441 7442 7443 7445 7446 7447 7448 7449 7450 7451 7452
7437 7438 7439 7440 7441 7442 7443 7444 7446 7447 7448 7449 7450 7451 7452 7453
7438 7439 7440 7441 7442 7443 7444 7445 7447 7448 7449 7450 7451 7452 7453 7454
7439 7440 7441 7442 7443 7444 7445 7446 7448 7449 7450 7451 7452 7453 7454 7455
7440 7441 7442 7443 7444 7445 7446 7447 7449 7450 7451 7452 7453 7454 7455 7456
7441 7442 7443 7444 7445 7446 7447 7448 7450 7451 7452 7453 7454 7455 7456 7457
7442 7443 7444 7445 7446 7447 7448 7449 7451 7452 7453 7454 7455 7456 7457 7458
7443 7444 7445 7446 7447 7448 7449 7450 7452 7453 7454 7455 7456 7457 7458 7459
7444 7445 7446 7447 7448 7449 7450 7451 7453 7454 7455 7456 7457 7458 7459 7460
7445 7446 7447 7448 7449 7450 7451 7452 7454 7455 7456 7457 7458 7459 7460 7461
7446 7447 7448 7449 7450 7451 7452 7453 7455 7456 7457 7458 7459 7460 7461 7462
7447 7448 7449 7450 7451 7452 7453 7454 7456 7457 7458 7459 7460 7461 7462 7463
7448 7449 7450 7451 7452 7453 7454 7455 7457 7458 7459 7460 7461 7462 7463 7464
7449 7450 7451 7452 7453 7454 7455 7456 7458 7459 7460 7461 7462 7463 7464 7465
7450 7451 7452 7453 7454 7455 7456 7457 7459 7460 7461 7462 7463 7464 7465 7466
7451 7452 7453 7454 7455 7456 7457 7458 7460 7461 7462 7463 7464 7465 7466 7467
7452 7453 7454 7455 7456 7457 7458 7459 7461 7462 7463 7464 7465 7466 7467 7468
7453 7454 7455 7456 7457 7458 7459 7460 7462 7463 7464 7465 7466 7467 7468 7469
7454 7455 7456 7457 7458 7459 7460 7461 7463 7464 7465 7466 7467 7468 7469 7470
7455 7456 7457 7458 7459 7460 7461 7462 7464 7465 7466 7467 7468 7469 7470 7471
7456 7457 7458 7459 7460 7461 7462 7463 7465 7466 7467 7468 7469 7470 7471 7472
7457 7458 7459 7460 7461 7462 7463 7464 7466 7467 7468 7469 7470 7471 7472 7473
7458 7459 7460 7461 7462 7463 7464 7465 7467 7468 7469 7470 7471 7472 7473 7474
7459 7460 7461 7462 7463 7464 7465 7466 7468 7469 7470 7471 7472 7473 7474 7475
7460 7461 7462 7463 7464 7465 7466 7467 7469 7470 7471 7472 7473 7474 7475 7476
7461 7462 7463 7464 7465 7466 7467 7468 7470 7471 7472 7473 7474 7475 7476 7477
7462 7463 7464 7465 7466 7467 7468 7469 7471 7472 7473 7474 7475 7476 7477 7478
7463 7464 7465 7466 7467 7468 7469 7470 7472 7473 7474 7475 7476 7477 7478 7479
7464 7465 7466 7467 7468 7469 7470 7471 7473 7474 7475 7476 7477 7478 7479 7480
7465 7466 7467 7468 7469 7470 7471 7472 7474 7475 7476 7477 7478 7479 7480 7481
7466 7467 7468 7469 7470 7471 7472 7473 7475 7476 7477 7478 7479 7480 7481 7482
7467 7468 7469 7470 7471 7472 7473 7474 7476 7477 7478 7479 7480 7481 7482 7483
7468 7469 7470 7471 7472 7473 7474 7475 7477 7478 7479 7480 7481 7482 7483 7484
7469 7470 7471 7472 7473 7474 7475 7476 7478 7479 7480 7481 7482 7483 7484 7485
7470 7471 7472 7473 7474 7475 7476 7477 7479 7480 7481 7482 7483 7484 7485 7486
7471 7472 7473 7474 7475 7476 7477 7478 7480 7481 7482 7483 7484 7485 7486 7487
7472 7473 7474 7475 7476 7477 7478 7479 7481 7482 7483 7484 7485 7486 7487 7488
7473 7474 7475 7476 7477 7478 7479 7480 7482 7483 7484 7485 7486 7487 7488 7489
7474 7475 7476 7477 7478 7479 7480 7481 7483 7484 7485 7486 7487 7488 7489 7490
7475 7476 7477 7478 7479 7480 7481 7482 7484 7485 7486 7487 7488 7489 7490 7491
7476 7477 7478 7479 7480 7481 7482 7483 7485 7486 7487 7488 7489 7490 7491 7492
7477 7478 7479 7480 7481 7482 7483 7484 7486 7487 7488 7489 7490 7491 7492 7493
7478 7479 7480 7481 7482 7483 7484 7485 7487 7488 7489 7490 7491 7492 7493 7494
7479 7480 7481 7482 7483 7484 7485 7486 7488 7489 7490 7491 7492 7493 7494 7495
7480 7481 7482 7483 7484 7485 7486 7487 7489 7490 7491 7492 7493 7494 7495 7496
7481 7482 7483 7484 7485 7486 7487 7488 7490 7491 7492 7493 7494 7495 7496 7497
7482 7483 7484 7485 7486 7487 7488 7489 7491 7492 7493 7494 7495 7496 7497 7498
7483 7484 7485 7486 7487 7488 7489 7490 7492 7493 7494 7495 7496 7497 7498 7499
7484 7485 7486 7487 7488 7489 7490 7491 7493 7494 7495 7496 7497 7498 7499 7500
7485 7486 7487 7488 7489 7490 7491 7492 7494 7495 7496 7497 7498 7499 7500 7501
7486 7487 7488 7489 7490 7491 7492 7493 7495 7496 7497 7498 7499 7500 7501 7502
7487 7488 7489 7490 7491 7492 7493 7494 7496 7497 7498 7499 7500 7501 7502 7503
7488 7489 7490 7491 7492 7493 7494 7495 7497 7498 7499 7500 7501 7502 7503 7504
7489 7490 7491 7492 7493 7494 7495 7496 7498 7499 7500 7501 7502 7503 7504 7505
7490 7491 7492 7493 7494 7495 7496 7497 7499 7500 7501 7502 7503 7504 7505 7506
7491 7492 7493 7494 7495 7496 7497 7498 7500 7501 7502 7503 7504 7505 7506 7507
7492 7493 7494 7495 7496 7497 7498 7499 7501 7502 7503 7504 7505 7506 7507 7508
7493 7494 7495 7496 7497 7498 7499 7500 7502 7503 7504 7505 7506 7507 7508 7509
7494 7495 7496 7497 7498 7499 7500 7501 7503 7504 7505 7506 7507 7508 7509 7510
7495 7496 7497 7498 7499 7500 7501 7502 7504 7505 7506 7507 7508 7509 7510 7511
7496 7497 7498 7499 7500 7501 7502 7503 7505 7506 7507 7508 7509 7510 7511 7512
7497 7498 7499 7500 7501 7502 7503 7504 7506 7507 7508 7509 7510 7511 7512 7513
7498 7499 7500 7501 7502 7503 7504 7505 7507 7508 7509 7510 7511 7512 7513 7514
7499 7500 7501 7502 7503 7504 7505 7506 7508 7509 7510 7511 7512 7513 7514 7515
7500 7501 7502 7503 7504 7505 7506 7507 7509 7510 7511 7512 7513 7514 7515 7516
7501 7502 7503 7504 7505 7506 7507 7508 7510 7511 7512 7513 7514 7515 7516 7517
7502 7503 7504 7505 7506 7507 7508 7509 7511 7512 7513 7514 7515 7516 7517 7518
7503 7504 7505 7506 7507 7508 7509 7510 7512 7513 7514 7515 7516 7517 7518 7519
7504 7505 7506 7507 7508 7509 7510 7511 7513 7514 7515 7516 7517 7518 7519 7520
7505 7506 7507 7508 7509 7510 7511 7512 7514 7515 7516 7517 7518 7519 7520 7521
7506 7507 7508 7509 7510 7511 7512 7513 7515 7516 7517 7518 7519 7520 7521 7522
7507 7508 7509 7510 7511 7512 7513 7514 7516 7517 7518 7519 7520 7521 7522 7523
7508 7509 7510 7511 7512 7513 7514 7515 7517 7518 7519 7520 7521 7522 7523 7524
7509 7510 7511 7512 7513 7514 7515 7516 7518 7519 7520 7521 7522 7523 7524 7525
7510 7511 7512 7513 7514 7515 7516 7517 7519 7520 7521 7522 7523 7524 7525 7526
7511 7512 7513 7514 7515 7516 7517 7518 7520 7521 7522 7523 7524 7525 7526 7527
7512 7513 7514 7515 7516 7517 7518 7519 7521 7522 7523 7524 7525 7526 7527 7528
7513 7514 7515 7516 7517 7518 7519 7520 7522 7523 7524 7525 7526 7527 7528 7529
7514 7515 7516 7517 7518 7519 7520 7521 7523 7524 7525 7526 7527 7528 7529 7530
7515 7516 7517 7518 7519 7520 7521 7522 7524 7525 7526 7527 7528 7529 7530 7531
7516 7517 7518 7519 7520 7521 7522 7523 7525 7526 7527 7528 7529 7530 7531 7532
7517 7518 7519 7520 7521 7522 7523 7524 7526 7527 7528 7529 7530 7531 7532 7533
7518 7519 7520 7521 7522 7523 7524 7525 7527 7528 7529 7530 7531 7532 7533 7534
7519 7520 7521 7522 7523 7524 7525 7526 7528 7529 7530 7531 7532 7533 7534 7535
7520 7521 7522 7523 7524 7525 7526 7527 7529 7530 7531 7532 7533 7534 7535 7536
7521 7522 7523 7524 7525 7526 7527 7528 7530 7531 7532 7533 7534 7535 7536 7537
7522 7523 7524 7525 7526 7527 7528 7529 7531 7532 7533 7534 7535 7536 7537 7538
7523 7524 7525 7526 7527 7528 7529 7530 7532 7533 7534 7535 7536 7537 7538 7539
7524 7525 7526 7527 7528 7529 7530 7531 7533 7534 7535 7536 7537 7538 7539 7540
7525 7526 7527 7528 7529 7530 7531 7532 7534 7535 7536 7537 7538 7539 7540 7541
7526 7527 7528 7529 7530 7531 7532 7533 7535 7536 7537 7538 7539 7540 7541 7542
7527 7528 7529 7530 7531 7532 7533 7534 7536 7537 7538 7539 7540 7541 7542 7543
7528 7529 7530 7531 7532 7533 7534 7535 7537 7538 7539 7540 7541 7542 7543 7544
7529 7530 7531 7532 7533 7534 7535 7536 7538 7539 7540 7541 7542 7543 7544 7545
7530 7531 7532 7533 7534 7535 7536 7537 7539 7540 7541 7542 7543 7544 7545 7546
7531 7532 7533 7534 7535 7536 7537 7538 7540 7541 7542 7543 7544 7545 7546 7547
7532 7533 7534 7535 7536 7537 7538 7539 7541 7542 7543 7544 7545 7546 7547 7548
7533 7534 7535 7536 7537 7538 7539 7540 7542 7543 7544 7545 7546 7547 7548 7549
7534 7535 7536 7537 7538 7539 7540 7541 7543 7544 7545 7546 7547 7548 7549 7550
7535 7536 7537 7538 7539 7540 7541 7542 7544 7545 7546 7547 7548 7549 7550 7551
7536 7537 7538 7539 7540 7541 7542 7543 7545 7546 7547 7548 7549 7550 7551 7552
7537 7538 7539 7540 7541 7542 7543 7544 7546 7547 7548 7549 7550 7551 7552 7553
7538 7539 7540 7541 7542 7543 7544 7545 7547 7548 7549 7550 7551 7552 7553 7554
7539 7540 7541 7542 7543 7544 7545 7546 7548 7549 7550 7551 7552 7553 7554 7555
7540 7541 7542 7543 7544 7545 7546 7547 7549 7550 7551 7552 7553 7554 7555 7556
7541 7542 7543 7544 7545 7546 7547 7548 7550 7551 7552 7553 7554 7555 7556 7557
7542 7543 7544 7545 7546 7547 7548 7549 7551 7552 7553 7554 7555 7556 7557 7558
7543 7544 7545 7546 7547 7548 7549 7550 7552 7553 7554 7555 7556 7557 7558 7559
7544 7545 7546 7547 7548 7549 7550 7551 7553 7554 7555 7556 7557 7558 7559 7560
7545 7546 7547 7548 7549 7550 7551 7552 7554 7555 7556 7557 7558 7559 7560 7561
7546 7547 7548 7549 7550 7551 7552 7553 7555 7556 7557 7558 7559 7560 7561 7562
7547 7548 7549 7550 7551 7552 7553 7554 7556 7557 7558 7559 7560 7561 7562 7563
7548 7549 7550 7551 7552 7553 7554 7555 7557 7558 7559 7560 7561 7562 7563 7564
7549 7550 7551 7552 7553 7554 7555 7556 7558 7559 7560 7561 7562 7563 7564 7565
7550 7551 7552 7553 7554 7555 7556 7557 7559 7560 7561 7562 7563 7564 7565 7566
7551 7552 7553 7554 7555 7556 7557 7558 7560 7561 7562 7563 7564 7565 7566 7567
7552 7553 7554 7555 7556 7557 7558 7559 7561 7562 7563 7564 7565 7566 7567 7568
7553 7554 7555 7556 7557 7558 7559 7560 7562 7563 7564 7565 7566 7567 7568 7569
7554 7555 7556 7557 7558 7559 7560 7561 7563 7564 7565 7566 7567 7568 7569 7570
7555 7556 7557 7558 7559 7560 7561 7562 7564 7565 7566 7567 7568 7569 7570 7571
7556 7557 7558 7559 7560 7561 7562 7563 7565 7566 7567 7568 7569 7570 7571 7572
7557 7558 7559 7560 7561 7562 7563 7564 7566 7567 7568 7569 7570 7571 7572 7573
7558 7559 7560 7561 7562 7563 7564 7565 7567 7568 7569 7570 7571 7572 7573 7574
7559 7560 7561 7562 7563 7564 7565 7566 7568 7569 7570 7571 7572 7573 7574 7575
7560 7561 7562 7563 7564 7565 7566 7567 7569 7570 7571 7572 7573 7574 7575 7576
7561 7562 7563 7564 7565 7566 7567 7568 7570 7571 7572 7573 7574 7575 7576 7577
7562 7563 7564 7565 7566 7567 7568 7569 7571 7572 7573 7574 7575 7576 7577 7578
7563 7564 7565 7566 7567 7568 7569 7570 7572 7573 7574 7575 7576 7577 7578 7579
7564 7565 7566 7567 7568 7569 7570 7571 7573 7574 7575 7576 7577 7578 7579 7580
7565 7566 7567 7568 7569 7570 7571 7572 7574 7575 7576 7577 7578 7579 7580 7581
7566 7567 7568 7569 7570 7571 7572 7573 7575 7576 7577 7578 7579 7580 7581 7582
7567 7568 7569 7570 7571 7572 7573 7574 7576 7577 7578 7579 7580 7581 7582 7583
7568 7569 7570 7571 7572 7573 7574 7575 7577 7578 7579 7580 7581 7582 7583 7584
7569 7570 7571 7572 7573 7574 7575 7576 7578 7579 7580 7581 7582 7583 7584 7585
7570 7571 7572 7573 7574 7575 7576 7577 7579 7580 7581 7582 7583 7584 7585 7586
7571 7572 7573 7574 7575 7576 7577 7578 7580 7581 7582 7583 7584 7585 7586 7587
7572 7573 7574 7575 7576 7577 7578 7579 7581 7582 7583 7584 7585 7586 7587 7588
7573 7574 7575 7576 7577 7578 7579 7580 7582 7583 7584 7585 7586 7587 7588 7589
7574 7575 7576 7577 7578 7579 7580 7581 7583 7584 7585 7586 7587 7588 7589 7590
7575 7576 7577 7578 7579 7580 7581 7582 7584 7585 7586 7587 7588 7589 7590 7591
7576 7577 7578 7579 7580 7581 7582 7583 7585 7586 7587 7588 7589 7590 7591 7592
7577 7578 7579 7580 7581 7582 7583 7584 7586 7587 7588 7589 7590 7591 7592 7593
7578 7579 7580 7581 7582 7583 7584 7585 7587 7588 7589 7590 7591 7592 7593 7594
7579 7580 7581 7582 7583 7584 7585 7586 7588 7589 7590 7591 7592 7593 7594 7595
7580 7581 7582 7583 7584 7585 7586 7587 7589 7590 7591 7592 7593 7594 7595 7596
7581 7582 7583 7584 7585 7586 7587 7588 7590 7591 7592 7593 7594 7595 7596 7597
7582 7583 7584 7585 7586 7587 7588 7589 7591 7592 7593 7594 7595 7596 7597 7598
7583 7584 7585 7586 7587 7588 7589 7590 7592 7593 7594 7595 7596 7597 7598 7599
7584 7585 7586 7587 7588 7589 7590 7591 7593 7594 7595 7596 7597 7598 7599 7600
7585 7586 7587 7588 7589 7590 7591 7592 7594 7595 7596 7597 7598 7599 7600 7601
7586 7587 7588 7589 7590 7591 7592 7593 7595 7596 7597 7598 7599 7600 7601 7602
7587 7588 7589 7590 7591 7592 7593 7594 7596 7597 7598 7599 7600 7601 7602 7603
7588 7589 7590 7591 7592 7593 7594 7595 7597 7598 7599 7600 7601 7602 7603 7604
7589 7590 7591 7592 7593 7594 7595 7596 7598 7599 7600 7601 7602 7603 7604 7605
7590 7591 7592 7593 7594 7595 7596 7597 7599 7600 7601 7602 7603 7604 7605 7606
7591 7592 7593 7594 7595 7596 7597 7598 7600 7601 7602 7603 7604 7605 7606 7607
7592 7593 7594 7595 7596 7597 7598 7599 7601 7602 7603 7604 7605 7606 7607 7608
7593 7594 7595 7596 7597 7598 7599 7600 7602 7603 7604 7605 7606 7607 7608 7609
7594 7595 7596 7597 7598 7599 7600 7601 7603 7604 7605 7606 7607 7608 7609 7610
7595 7596 7597 7598 7599 7600 7601 7602 7604 7605 7606 7607 7608 7609 7610 7611
7596 7597 7598 7599 7600 7601 7602 7603 7605 7606 7607 7608 7609 7610 7611 7612
7597 7598 7599 7600 7601 7602 7603 7604 7606 7607 7608 7609 7610 7611 7612 7613
7598 7599 7600 7601 7602 7603 7604 7605 7607 7608 7609 7610 7611 7612 7613 7614
7599 7600 7601 7602 7603 7604 7605 7606 7608 7609 7610 7611 7612 7613 7614 7615
7600 7601 7602 7603 7604 7605 7606 7607 7609 7610 7611 7612 7613 7614 7615 7616
7601 7602 7603 7604 7605 7606 7607 7608 7610 7611 7612 7613 7614 7615 7616 7617
7602 7603 7604 7605 7606 7607 7608 7609 7611 7612 7613 7614 7615 7616 7617 7618
7603 7604 7605 7606 7607 7608 7609 7610 7612 7613 7614 7615 7616 7617 7618 7619
7604 7605 7606 7607 7608 7609 7610 7611 7613 7614 7615 7616 7617 7618 7619 7620
7605 7606 7607 7608 7609 7610 7611 7612 7614 7615 7616 7617 7618 7619 7620 7621
7606 7607 7608 7609 7610 7611 7612 7613 7615 7616 7617 7618 7619 7620 7621 7622
7607 7608 7609 7610 7611 7612 7613 7614 7616 7617 7618 7619 7620 7621 7622 7623
7608 7609 7610 7611 7612 7613 7614 7615 7617 7618 7619 7620 7621 7622 7623 7624
7609 7610 7611 7612 7613 7614 7615 7616 7618 7619 7620 7621 7622 7623 7624 7625
7610 7611 7612 7613 7614 7615 7616 7617 7619 7620 7621 7622 7623 7624 7625 7626
7611 7612 7613 7614 7615 7616 7617 7618 7620 7621 7622 7623 7624 7625 7626 7627
7612 7613 7614 7615 7616 7617 7618 7619 7621 7622 7623 7624 7625 7626 7627 7628
7613 7614 7615 7616 7617 7618 7619 7620 7622 7623 7624 7625 7626 7627 7628 7629
7614 7615 7616 7617 7618 7619 7620 7621 7623 7624 7625 7626 7627 7628 7629 7630
7615 7616 7617 7618 7619 7620 7621 7622 7624 7625 7626 7627 7628 7629 7630 7631
7616 7617 7618 7619 7620 7621 7622 7623 7625 7626 7627 7628 7629 7630 7631 7632
7617 7618 7619 7620 7621 7622 7623 7624 7626 7627 7628 7629 7630 7631 7632 7633
7618 7619 7620 7621 7622 7623 7624 7625 7627 7628 7629 7630 7631 7632 7633 7634
7619 7620 7621 7622 7623 7624 7625 7626 7628 7629 7630 7631 7632 7633 7634 7635
7620 7621 7622 7623 7624 7625 7626 7627 7629 7630 7631 7632 7633 7634 7635 7636
7621 7622 7623 7624 7625 7626 7627 7628 7630 7631 7632 7633 7634 7635 7636 7637
7622 7623 7624 7625 7626 7627 7628 7629 7631 7632 7633 7634 7635 7636 7637 7638
7623 7624 7625 7626 7627 7628 7629 7630 7632 7633 7634 7635 7636 7637 7638 7639
7624 7625 7626 7627 7628 7629 7630 7631 7633 7634 7635 7636 7637 7638 7639 7640
7625 7626 7627 7628 7629 7630 7631 7632 7634 7635 7636 7637 7638 7639 7640 7641
7626 7627 7628 7629 7630 7631 7632 7633 7635 7636 7637 7638 7639 7640 7641 7642
7627 7628 7629 7630 7631 7632 7633 7634 7636 7637 7638 7639 7640 7641 7642 7643
7628 7629 7630 7631 7632 7633 7634 7635 7637 7638 7639 7640 7641 7642 7643 7644
7629 7630 7631 7632 7633 7634 7635 7636 7638 7639 7640 7641 7642 7643 7644 7645
7630 7631 7632 7633 7634 7635 7636 7637 7639 7640 7641 7642 7643 7644 7645 7646
7631 7632 7633 7634 7635 7636 7637 7638 7640 7641 7642 7643 7644 7645 7646 7647
7632 7633 7634 7635 7636 7637 7638 7639 7641 7642 7643 7644 7645 7646 7647 7648
7633 7634 7635 7636 7637 7638 7639 7640 7642 7643 7644 7645 7646 7647 7648 7649
7634 7635 7636 7637 7638 7639 7640 7641 7643 7644 7645 7646 7647 7648 7649 7650
7635 7636 7637 7638 7639 7640 7641 7642 7644 7645 7646 7647 7648 7649 7650 7651
7636 7637 7638 7639 7640 7641 7642 7643 7645 7646 7647 7648 7649 7650 7651 7652
7637 7638 7639 7640 7641 7642 7643 7644 7646 7647 7648 7649 7650 7651 7652 7653
7638 7639 7640 7641 7642 7643 7644 7645 7647 7648 7649 7650 7651 7652 7653 7654
7639 7640 7641 7642 7643 7644 7645 7646 7648 7649 7650 7651 7652 7653 7654 7655
7640 7641 7642 7643 7644 7645 7646 7647 7649 7650 7651 7652 7653 7654 7655 7656
7641 7642 7643 7644 7645 7646 7647 7648 7650 7651 7652 7653 7654 7655 7656 7657
7642 7643 7644 7645 7646 7647 7648 7649 7651 7652 7653 7654 7655 7656 7657 7658
7643 7644 7645 7646 7647 7648 7649 7650 7652 7653 7654 7655 7656 7657 7658 7659
7644 7645 7646 7647 7648 7649 7650 7651 7653 7654 7655 7656 7657 7658 7659 7660
7645 7646 7647 7648 7649 7650 7651 7652 7654 7655 7656 7657 7658 7659 7660 7661
7646 7647 7648 7649 7650 7651 7652 7653 7655 7656 7657 7658 7659 7660 7661 7662
7647 7648 7649 7650 7651 7652 7653 7654 7656 7657 7658 7659 7660 7661 7662 7663
7648 7649 7650 7651 7652 7653 7654 7655 7657 7658 7659 7660 7661 7662 7663 7664
7649 7650 7651 7652 7653 7654 7655 7656 7658 7659 7660 7661 7662 7663 7664 7665
7650 7651 7652 7653 7654 7655 7656 7657 7659 7660 7661 7662 7663 7664 7665 7666
7651 7652 7653 7654 7655 7656 7657 7658 7660 7661 7662 7663 7664 7665 7666 7667
7652 7653 7654 7655 7656 7657 7658 7659 7661 7662 7663 7664 7665 7666 7667 7668
7653 7654 7655 7656 7657 7658 7659 7660 7662 7663 7664 7665 7666 7667 7668 7669
7654 7655 7656 7657 7658 7659 7660 7661 7663 7664 7665 7666 7667 7668 7669 7670
7655 7656 7657 7658 7659 7660 7661 7662 7664 7665 7666 7667 7668 7669 7670 7671
7656 7657 7658 7659 7660 7661 7662 7663 7665 7666 7667 7668 7669 7670 7671 7672
7657 7658 7659 7660 7661 7662 7663 7664 7666 7667 7668 7669 7670 7671 7672 7673
7658 7659 7660 7661 7662 7663 7664 7665 7667 7668 7669 7670 7671 7672 7673 7674
7659 7660 7661 7662 7663 7664 7665 7666 7668 7669 7670 7671 7672 7673 7674 7675
7660 7661 7662 7663 7664 7665 7666 7667 7669 7670 7671 7672 7673 7674 7675 7676
7661 7662 7663 7664 7665 7666 7667 7668 7670 7671 7672 7673 7674 7675 7676 7677
7662 7663 7664 7665 7666 7667 7668 7669 7671 7672 7673 7674 7675 7676 7677 7678
7663 7664 7665 7666 7667 7668 7669 7670 7672 7673 7674 7675 7676 7677 7678 7679
7664 7665 7666 7667 7668 7669 7670 7671 7673 7674 7675 7676 7677 7678 7679 7680
7665 7666 7667 7668 7669 7670 7671 7672 7674 7675 7676 7677 7678 7679 7680 7681
7666 7667 7668 7669 7670 7671 7672 7673 7675 7676 7677 7678 7679 7680 7681 7682
7667 7668 7669 7670 7671 7672 7673 7674 7676 7677 7678 7679 7680 7681 7682 7683
7668 7669 7670 7671 7672 7673 7674 7675 7677 7678 7679 7680 7681 7682 7683 7684
7669 7670 7671 7672 7673 7674 7675 7676 7678 7679 7680 7681 7682 7683 7684 7685
7670 7671 7672 7673 7674 7675 7676 7677 7679 7680 7681 7682 7683 7684 7685 7686
7671 7672 7673 7674 7675 7676 7677 7678 7680 7681 7682 7683 7684 7685 7686 7687
7672 7673 7674 7675 7676 7677 7678 7679 7681 7682 7683 7684 7685 7686 7687 7688
7673 7674 7675 7676 7677 7678 7679 7680 7682 7683 7684 7685 7686 7687 7688 7689
7674 7675 7676 7677 7678 7679 7680 7681 7683 7684 7685 7686 7687 7688 7689 7690
7675 7676 7677 7678 7679 7680 7681 7682 7684 7685 7686 7687 7688 7689 7690 7691
7676 7677 7678 7679 7680 7681 7682 7683 7685 7686 7687 7688 7689 7690 7691 7692
7677 7678 7679 7680 7681 7682 7683 7684 7686 7687 7688 7689 7690 7691 7692 7693
7678 7679 7680 7681 7682 7683 7684 7685 7687 7688 7689 7690 7691 7692 7693 7694
7679 7680 7681 7682 7683 7684 7685 7686 7688 7689 7690 7691 7692 7693 7694 7695
7680 7681 7682 7683 7684 7685 7686 7687 7689 7690 7691 7692 7693 7694 7695 7696
7681 7682 7683 7684 7685 7686 7687 7688 7690 7691 7692 7693 7694 7695 7696 7697
7682 7683 7684 7685 7686 7687 7688 7689 7691 7692 7693 7694 7695 7696 7697 7698
7683 7684 7685 7686 7687 7688 7689 7690 7692 7693 7694 7695 7696 7697 7698 7699
7684 7685 7686 7687 7688 7689 7690 7691 7693 7694 7695 7696 7697 7698 7699 7700
7685 7686 7687 7688 7689 7690 7691 7692 7694 7695 7696 7697 7698 7699 7700 7701
7686 7687 7688 7689 7690 7691 7692 7693 7695 7696 7697 7698 7699 7700 7701 7702
7687 7688 7689 7690 7691 7692 7693 7694 7696 7697 7698 7699 7700 7701 7702 7703
7688 7689 7690 7691 7692 7693 7694 7695 7697 7698 7699 7700 7701 7702 7703 7704
7689 7690 7691 7692 7693 7694 7695 7696 7698 7699 7700 7701 7702 7703 7704 7705
7690 7691 7692 7693 7694 7695 7696 7697 7699 7700 7701 7702 7703 7704 7705 7706
7691 7692 7693 7694 7695 7696 7697 7698 7700 7701 7702 7703 7704 7705 7706 7707
7692 7693 7694 7695 7696 7697 7698 7699 7701 7702 7703 7704 7705 7706 7707 7708
7693 7694 7695 7696 7697 7698 7699 7700 7702 7703 7704 7705 7706 7707 7708 7709
7694 7695 7696 7697 7698 7699 7700 7701 7703 7704 7705 7706 7707 7708 7709 7710
7695 7696 7697 7698 7699 7700 7701 7702 7704 7705 7706 7707 7708 7709 7710 7711
7696 7697 7698 7699 7700 7701 7702 7703 7705 7706 7707 7708 7709 7710 7711 7712
7697 7698 7699 7700 7701 7702 7703 7704 7706 7707 7708 7709 7710 7711 7712 7713
7698 7699 7700 7701 7702 7703 7704 7705 7707 7708 7709 7710 7711 7712 7713 7714
7699 7700 7701 7702 7703 7704 7705 7706 7708 7709 7710 7711 7712 7713 7714 7715
7700 7701 7702 7703 7704 7705 7706 7707 7709 7710 7711 7712 7713 7714 7715 7716
7701 7702 7703 7704 7705 7706 7707 7708 7710 7711 7712 7713 7714 7715 7716 7717
7702 7703 7704 7705 7706 7707 7708 7709 7711 7712 7713 7714 7715 7716 7717 7718
7703 7704 7705 7706 7707 7708 7709 7710 7712 7713 7714 7715 7716 7717 7718 7719
7704 7705 7706 7707 7708 7709 7710 7711 7713 7714 7715 7716 7717 7718 7719 7720
7705 7706 7707 7708 7709 7710 7711 7712 7714 7715 7716 7717 7718 7719 7720 7721
7706 7707 7708 7709 7710 7711 7712 7713 7715 7716 7717 7718 7719 7720 7721 7722
7707 7708 7709 7710 7711 7712 7713 7714 7716 7717 7718 7719 7720 7721 7722 7723
7708 7709 7710 7711 7712 7713 7714 7715 7717 7718 7719 7720 7721 7722 7723 7724
7709 7710 7711 7712 7713 7714 7715 7716 7718 7719 7720 7721 7722 7723 7724 7725
7710 7711 7712 7713 7714 7715 7716 7717 7719 7720 7721 7722 7723 7724 7725 7726
7711 7712 7713 7714 7715 7716 7717 7718 7720 7721 7722 7723 7724 7725 7726 7727
7712 7713 7714 7715 7716 7717 7718 7719 7721 7722 7723 7724 7725 7726 7727 7728
7713 7714 7715 7716 7717 7718 7719 7720 7722 7723 7724 7725 7726 7727 7728 7729
7714 7715 7716 7717 7718 7719 7720 7721 7723 7724 7725 7726 7727 7728 7729 7730
7715 7716 7717 7718 7719 7720 7721 7722 7724 7725 7726 7727 7728 7729 7730 7731
7716 7717 7718 7719 7720 7721 7722 7723 7725 7726 7727 7728 7729 7730 7731 7732
7717 7718 7719 7720 7721 7722 7723 7724 7726 7727 7728 7729 7730 7731 7732 7733
7718 7719 7720 7721 7722 7723 7724 7725 7727 7728 7729 7730 7731 7732 7733 7734
7719 7720 7721 7722 7723 7724 7725 7726 7728 7729 7730 7731 7732 7733 7734 7735
7720 7721 7722 7723 7724 7725 7726 7727 7729 7730 7731 7732 7733 7734 7735 7736
7721 7722 7723 7724 7725 7726 7727 7728 7730 7731 7732 7733 7734 7735 7736 7737
7722 7723 7724 7725 7726 7727 7728 7729 7731 7732 7733 7734 7735 7736 7737 7738
7723 7724 7725 7726 7727 7728 7729 7730 7732 7733 7734 7735 7736 7737 7738 7739
7724 7725 7726 7727 7728 7729 7730 7731 7733 7734 7735 7736 7737 7738 7739 7740
7725 7726 7727 7728 7729 7730 7731 7732 7734 7735 7736 7737 7738 7739 7740 7741
7726 7727 7728 7729 7730 7731 7732 7733 7735 7736 7737 7738 7739 7740 7741 7742
7727 7728 7729 7730 7731 7732 7733 7734 7736 7737 7738 7739 7740 7741 7742 7743
7728 7729 7730 7731 7732 7733 7734 7735 7737 7738 7739 7740 7741 7742 7743 7744
7729 7730 7731 7732 7733 7734 7735 7736 7738 7739 7740 7741 7742 7743 7744 7745
7730 7731 7732 7733 7734 7735 7736 7737 7739 7740 7741 7742 7743 7744 7745 7746
7731 7732 7733 7734 7735 7736 7737 7738 7740 7741 7742 7743 7744 7745 7746 7747
7732 7733 7734 7735 7736 7737 7738 7739 7741 7742 7743 7744 7745 7746 7747 7748
7733 7734 7735 7736 7737 7738 7739 7740 7742 7743 7744 7745 7746 7747 7748 7749
7734 7735 7736 7737 7738 7739 7740 7741 7743 7744 7745 7746 7747 7748 7749 7750
7735 7736 7737 7738 7739 7740 7741 7742 7744 7745 7746 7747 7748 7749 7750 7751
7736 7737 7738 7739 7740 7741 7742 7743 7745 7746 7747 7748 7749 7750 7751 7752
7737 7738 7739 7740 7741 7742 7743 7744 7746 7747 7748 7749 7750 7751 7752 7753
7738 7739 7740 7741 7742 7743 7744 7745 7747 7748 7749 7750 7751 7752 7753 7754
7739 7740 7741 7742 7743 7744 7745 7746 7748 7749 7750 7751 7752 7753 7754 7755
7740 7741 7742 7743 7744 7745 7746 7747 7749 7750 7751 7752 7753 7754 7755 7756
7741 7742 7743 7744 7745 7746 7747 7748 7750 7751 7752 7753 7754 7755 7756 7757
7742 7743 7744 7745 7746 7747 7748 7749 7751 7752 7753 7754 7755 7756 7757 7758
7743 7744 7745 7746 7747 7748 7749 7750 7752 7753 7754 7755 7756 7757 7758 7759
7744 7745 7746 7747 7748 7749 7750 7751 7753 7754 7755 7756 7757 7758 7759 7760
7745 7746 7747 7748 7749 7750 7751 7752 7754 7755 7756 7757 7758 7759 7760 7761
7746 7747 7748 7749 7750 7751 7752 7753 7755 7756 7757 7758 7759 7760 7761 7762
7747 7748 7749 7750 7751 7752 7753 7754 7756 7757 7758 7759 7760 7761 7762 7763
7748 7749 7750 7751 7752 7753 7754 7755 7757 7758 7759 7760 7761 7762 7763 7764
7749 7750 7751 7752 7753 7754 7755 7756 7758 7759 7760 7761 7762 7763 7764 7765
7750 7751 7752 7753 7754 7755 7756 7757 7759 7760 7761 7762 7763 7764 7765 7766
7751 7752 7753 7754 7755 7756 7757 7758 7760 7761 7762 7763 7764 7765 7766 7767
7752 7753 7754 7755 7756 7757 7758 7759 7761 7762 7763 7764 7765 7766 7767 7768
7753 7754 7755 7756 7757 7758 7759 7760 7762 7763 7764 7765 7766 7767 7768 7769
7754 7755 7756 7757 7758 7759 7760 7761 7763 7764 7765 7766 7767 7768 7769 7770
7755 7756 7757 7758 7759 7760 7761 7762 7764 7765 7766 7767 7768 7769 7770 7771
7756 7757 7758 7759 7760 7761 7762 7763 7765 7766 7767 7768 7769 7770 7771 7772
7757 7758 7759 7760 7761 7762 7763 7764 7766 7767 7768 7769 7770 7771 7772 7773
7758 7759 7760 7761 7762 7763 7764 7765 7767 7768 7769 7770 7771 7772 7773 7774
7759 7760 7761 7762 7763 7764 7765 7766 7768 7769 7770 7771 7772 7773 7774 7775
7760 7761 7762 7763 7764 7765 7766 7767 7769 7770 7771 7772 7773 7774 7775 7776
7761 7762 7763 7764 7765 7766 7767 7768 7770 7771 7772 7773 7774 7775 7776 7777
7762 7763 7764 7765 7766 7767 7768 7769 7771 7772 7773 7774 7775 7776 7777 7778
7763 7764 7765 7766 7767 7768 7769 7770 7772 7773 7774 7775 7776 7777 7778 7779
7764 7765 7766 7767 7768 7769 7770 7771 7773 7774 7775 7776 7777 7778 7779 7780
7765 7766 7767 7768 7769 7770 7771 7772 7774 7775 7776 7777 7778 7779 7780 7781
7766 7767 7768 7769 7770 7771 7772 7773 7775 7776 7777 7778 7779 7780 7781 7782
7767 7768 7769 7770 7771 7772 7773 7774 7776 7777 7778 7779 7780 7781 7782 7783
7768 7769 7770 7771 7772 7773 7774 7775 7777 7778 7779 7780 7781 7782 7783 7784
7769 7770 7771 7772 7773 7774 7775 7776 7778 7779 7780 7781 7782 7783 7784 7785
7770 7771 7772 7773 7774 7775 7776 7777 7779 7780 7781 7782 7783 7784 7785 7786
7771 7772 7773 7774 7775 7776 7777 7778 7780 7781 7782 7783 7784 7785 7786 7787
7772 7773 7774 7775 7776 7777 7778 7779 7781 7782 7783 7784 7785 7786 7787 7788
7773 7774 7775 7776 7777 7778 7779 7780 7782 7783 7784 7785 7786 7787 7788 7789
7774 7775 7776 7777 7778 7779 7780 7781 7783 7784 7785 7786 7787 7788 7789 7790
7775 7776 7777 7778 7779 7780 7781 7782 7784 7785 7786 7787 7788 7789 7790 7791
7776 7777 7778 7779 7780 7781 7782 7783 7785 7786 7787 7788 7789 7790 7791 7792
7777 7778 7779 7780 7781 7782 7783 7784 7786 7787 7788 7789 7790 7791 7792 7793
7778 7779 7780 7781 7782 7783 7784 7785 7787 7788 7789 7790 7791 7792 7793 7794
7779 7780 7781 7782 7783 7784 7785 7786 7788 7789 7790 7791 7792 7793 7794 7795
7780 7781 7782 7783 7784 7785 7786 7787 7789 7790 7791 7792 7793 7794 7795 7796
7781 7782 7783 7784 7785 7786 7787 7788 7790 7791 7792 7793 7794 7795 7796 7797
7782 7783 7784 7785 7786 7787 7788 7789 7791 7792 7793 7794 7795 7796 7797 7798
7783 7784 7785 7786 7787 7788 7789 7790 7792 7793 7794 7795 7796 7797 7798 7799
7784 7785 7786 7787 7788 7789 7790 7791 7793 7794 7795 7796 7797 7798 7799 7800
7785 7786 7787 7788 7789 7790 7791 7792 7794 7795 7796 7797 7798 7799 7800 7801
7786 7787 7788 7789 7790 7791 7792 7793 7795 7796 7797 7798 7799 7800 7801 7802
7787 7788 7789 7790 7791 7792 7793 7794 7796 7797 7798 7799 7800 7801 7802 7803
7788 7789 7790 7791 7792 7793 7794 7795 7797 7798 7799 7800 7801 7802 7803 7804
7789 7790 7791 7792 7793 7794 7795 7796 7798 7799 7800 7801 7802 7803 7804 7805
7790 7791 7792 7793 7794 7795 7796 7797 7799 7800 7801 7802 7803 7804 7805 7806
7791 7792 7793 7794 7795 7796 7797 7798 7800 7801 7802 7803 7804 7805 7806 7807
7792 7793 7794 7795 7796 7797 7798 7799 7801 7802 7803 7804 7805 7806 7807 7808
7793 7794 7795 7796 7797 7798 7799 7800 7802 7803 7804 7805 7806 7807 7808 7809
7794 7795 7796 7797 7798 7799 7800 7801 7803 7804 7805 7806 7807 7808 7809 7810
7795 7796 7797 7798 7799 7800 7801 7802 7804 7805 7806 7807 7808 7809 7810 7811
7796 7797 7798 7799 7800 7801 7802 7803 7805 7806 7807 7808 7809 7810 7811 7812
7797 7798 7799 7800 7801 7802 7803 7804 7806 7807 7808 7809 7810 7811 7812 7813
7798 7799 7800 7801 7802 7803 7804 7805 7807 7808 7809 7810 7811 7812 7813 7814
7799 7800 7801 7802 7803 7804 7805 7806 7808 7809 7810 7811 7812 7813 7814 7815
7800 7801 7802 7803 7804 7805 7806 7807 7809 7810 7811 7812 7813 7814 7815 7816
7801 7802 7803 7804 7805 7806 7807 7808 7810 7811 7812 7813 7814 7815 7816 7817
7802 7803 7804 7805 7806 7807 7808 7809 7811 7812 7813 7814 7815 7816 7817 7818
7803 7804 7805 7806 7807 7808 7809 7810 7812 7813 7814 7815 7816 7817 7818 7819
7804 7805 7806 7807 7808 7809 7810 7811 7813 7814 7815 7816 7817 7818 7819 7820
7805 7806 7807 7808 7809 7810 7811 7812 7814 7815 7816 7817 7818 7819 7820 7821
7806 7807 7808 7809 7810 7811 7812 7813 7815 7816 7817 7818 7819 7820 7821 7822
7807 7808 7809 7810 7811 7812 7813 7814 7816 7817 7818 7819 7820 7821 7822 7823
7808 7809 7810 7811 7812 7813 7814 7815 7817 7818 7819 7820 7821 7822 7823 7824
7809 7810 7811 7812 7813 7814 7815 7816 7818 7819 7820 7821 7822 7823 7824 7825
7810 7811 7812 7813 7814 7815 7816 7817 7819 7820 7821 7822 7823 7824 7825 7826
7811 7812 7813 7814 7815 7816 7817 7818 7820 7821 7822 7823 7824 7825 7826 7827
7812 7813 7814 7815 7816 7817 7818 7819 7821 7822 7823 7824 7825 7826 7827 7828
7813 7814 7815 7816 7817 7818 7819 7820 7822 7823 7824 7825 7826 7827 7828 7829
7814 7815 7816 7817 7818 7819 7820 7821 7823 7824 7825 7826 7827 7828 7829 7830
7815 7816 7817 7818 7819 7820 7821 7822 7824 7825 7826 7827 7828 7829 7830 7831
7816 7817 7818 7819 7820 7821 7822 7823 7825 7826 7827 7828 7829 7830 7831 7832
7817 7818 7819 7820 7821 7822 7823 7824 7826 7827 7828 7829 7830 7831 7832 7833
7818 7819 7820 7821 7822 7823 7824 7825 7827 7828 7829 7830 7831 7832 7833 7834
7819 7820 7821 7822 7823 7824 7825 7826 7828 7829 7830 7831 7832 7833 7834 7835
7820 7821 7822 7823 7824 7825 7826 7827 7829 7830 7831 7832 7833 7834 7835 7836
7821 7822 7823 7824 7825 7826 7827 7828 7830 7831 7832 7833 7834 7835 7836 7837
7822 7823 7824 7825 7826 7827 7828 7829 7831 7832 7833 7834 7835 7836 7837 7838
7823 7824 7825 7826 7827 7828 7829 7830 7832 7833 7834 7835 7836 7837 7838 7839
7824 7825 7826 7827 7828 7829 7830 7831 7833 7834 7835 7836 7837 7838 7839 7840
7825 7826 7827 7828 7829 7830 7831 7832 7834 7835 7836 7837 7838 7839 7840 7841
7826 7827 7828 7829 7830 7831 7832 7833 7835 7836 7837 7838 7839 7840 7841 7842
7827 7828 7829 7830 7831 7832 7833 7834 7836 7837 7838 7839 7840 7841 7842 7843
7828 7829 7830 7831 7832 7833 7834 7835 7837 7838 7839 7840 7841 7842 7843 7844
7829 7830 7831 7832 7833 7834 7835 7836 7838 7839 7840 7841 7842 7843 7844 7845
7830 7831 7832 7833 7834 7835 7836 7837 7839 7840 7841 7842 7843 7844 7845 7846
7831 7832 7833 7834 7835 7836 7837 7838 7840 7841 7842 7843 7844 7845 7846 7847
7832 7833 7834 7835 7836 7837 7838 7839 7841 7842 7843 7844 7845 7846 7847 7848
7833 7834 7835 7836 7837 7838 7839 7840 7842 7843 7844 7845 7846 7847 7848 7849
7834 7835 7836 7837 7838 7839 7840 7841 7843 7844 7845 7846 7847 7848 7849 7850
7835 7836 7837 7838 7839 7840 7841 7842 7844 7845 7846 7847 7848 7849 7850 7851
7836 7837 7838 7839 7840 7841 7842 7843 7845 7846 7847 7848 7849 7850 7851 7852
7837 7838 7839 7840 7841 7842 7843 7844 7846 7847 7848 7849 7850 7851 7852 7853
7838 7839 7840 7841 7842 7843 7844 7845 7847 7848 7849 7850 7851 7852 7853 7854
7839 7840 7841 7842 7843 7844 7845 7846 7848 7849 7850 7851 7852 7853 7854 7855
7840 7841 7842 7843 7844 7845 7846 7847 7849 7850 7851 7852 7853 7854 7855 7856
7841 7842 7843 7844 7845 7846 7847 7848 7850 7851 7852 7853 7854 7855 7856 7857
7842 7843 7844 7845 7846 7847 7848 7849 7851 7852 7853 7854 7855 7856 7857 7858
7843 7844 7845 7846 7847 7848 7849 7850 7852 7853 7854 7855 7856 7857 7858 7859
7844 7845 7846 7847 7848 7849 7850 7851 7853 7854 7855 7856 7857 7858 7859 7860
7845 7846 7847 7848 7849 7850 7851 7852 7854 7855 7856 7857 7858 7859 7860 7861
7846 7847 7848 7849 7850 7851 7852 7853 7855 7856 7857 7858 7859 7860 7861 7862
7847 7848 7849 7850 7851 7852 7853 7854 7856 7857 7858 7859 7860 7861 7862 7863
7848 7849 7850 7851 7852 7853 7854 7855 7857 7858 7859 7860 7861 7862 7863 7864
7849 7850 7851 7852 7853 7854 7855 7856 7858 7859 7860 7861 7862 7863 7864 7865
7850 7851 7852 7853 7854 7855 7856 7857 7859 7860 7861 7862 7863 7864 7865 7866
7851 7852 7853 7854 7855 7856 7857 7858 7860 7861 7862 7863 7864 7865 7866 7867
7852 7853 7854 7855 7856 7857 7858 7859 7861 7862 7863 7864 7865 7866 7867 7868
7853 7854 7855 7856 7857 7858 7859 7860 7862 7863 7864 7865 7866 7867 7868 7869
7854 7855 7856 7857 7858 7859 7860 7861 7863 7864 7865 7866 7867 7868 7869 7870
7855 7856 7857 7858 7859 7860 7861 7862 7864 7865 7866 7867 7868 7869 7870 7871
7856 7857 7858 7859 7860 7861 7862 7863 7865 7866 7867 7868 7869 7870 7871 7872
7857 7858 7859 7860 7861 7862 7863 7864 7866 7867 7868 7869 7870 7871 7872 7873
7858 7859 7860 7861 7862 7863 7864 7865 7867 7868 7869 7870 7871 7872 7873 7874
7859 7860 7861 7862 7863 7864 7865 7866 7868 7869 7870 7871 7872 7873 7874 7875
7860 7861 7862 7863 7864 7865 7866 7867 7869 7870 7871 7872 7873 7874 7875 7876
7861 7862 7863 7864 7865 7866 7867 7868 7870 7871 7872 7873 7874 7875 7876 7877
7862 7863 7864 7865 7866 7867 7868 7869 7871 7872 7873 7874 7875 7876 7877 7878
7863 7864 7865 7866 7867 7868 7869 7870 7872 7873 7874 7875 7876 7877 7878 7879
7864 7865 7866 7867 7868 7869 7870 7871 7873 7874 7875 7876 7877 7878 7879 7880
7865 7866 7867 7868 7869 7870 7871 7872 7874 7875 7876 7877 7878 7879 7880 7881
7866 7867 7868 7869 7870 7871 7872 7873 7875 7876 7877 7878 7879 7880 7881 7882
7867 7868 7869 7870 7871 7872 7873 7874 7876 7877 7878 7879 7880 7881 7882 7883
7868 7869 7870 7871 7872 7873 7874 7875 7877 7878 7879 7880 7881 7882 7883 7884
7869 7870 7871 7872 7873 7874 7875 7876 7878 7879 7880 7881 7882 7883 7884 7885
7870 7871 7872 7873 7874 7875 7876 7877 7879 7880 7881 7882 7883 7884 7885 7886
7871 7872 7873 7874 7875 7876 7877 7878 7880 7881 7882 7883 7884 7885 7886 7887
7872 7873 7874 7875 7876 7877 7878 7879 7881 7882 7883 7884 7885 7886 7887 7888
7873 7874 7875 7876 7877 7878 7879 7880 7882 7883 7884 7885 7886 7887 7888 7889
7874 7875 7876 7877 7878 7879 7880 7881 7883 7884 7885 7886 7887 7888 7889 7890
7875 7876 7877 7878 7879 7880 7881 7882 7884 7885 7886 7887 7888 7889 7890 7891
7876 7877 7878 7879 7880 7881 7882 7883 7885 7886 7887 7888 7889 7890 7891 7892
7877 7878 7879 7880 7881 7882 7883 7884 7886 7887 7888 7889 7890 7891 7892 7893
7878 7879 7880 7881 7882 7883 7884 7885 7887 7888 7889 7890 7891 7892 7893 7894
7879 7880 7881 7882 7883 7884 7885 7886 7888 7889 7890 7891 7892 7893 7894 7895
7880 7881 7882 7883 7884 7885 7886 7887 7889 7890 7891 7892 7893 7894 7895 7896
7881 7882 7883 7884 7885 7886 7887 7888 7890 7891 7892 7893 7894 7895 7896 7897
7882 7883 7884 7885 7886 7887 7888 7889 7891 7892 7893 7894 7895 7896 7897 7898
7883 7884 7885 7886 7887 7888 7889 7890 7892 7893 7894 7895 7896 7897 7898 7899
7884 7885 7886 7887 7888 7889 7890 7891 7893 7894 7895 7896 7897 7898 7899 7900
7885 7886 7887 7888 7889 7890 7891 7892 7894 7895 7896 7897 7898 7899 7900 7901
7886 7887 7888 7889 7890 7891 7892 7893 7895 7896 7897 7898 7899 7900 7901 7902
7887 7888 7889 7890 7891 7892 7893 7894 7896 7897 7898 7899 7900 7901 7902 7903
7888 7889 7890 7891 7892 7893 7894 7895 7897 7898 7899 7900 7901 7902 7903 7904
7889 7890 7891 7892 7893 7894 7895 7896 7898 7899 7900 7901 7902 7903 7904 7905
7890 7891 7892 7893 7894 7895 7896 7897 7899 7900 7901 7902 7903 7904 7905 7906
7891 7892 7893 7894 7895 7896 7897 7898 7900 7901 7902 7903 7904 7905 7906 7907
7892 7893 7894 7895 7896 7897 7898 7899 7901 7902 7903 7904 7905 7906 7907 7908
7893 7894 7895 7896 7897 7898 7899 7900 7902 7903 7904 7905 7906 7907 7908 7909
7894 7895 7896 7897 7898 7899 7900 7901 7903 7904 7905 7906 7907 7908 7909 7910
7895 7896 7897 7898 7899 7900 7901 7902 7904 7905 7906 7907 7908 7909 7910 7911
7896 7897 7898 7899 7900 7901 7902 7903 7905 7906 7907 7908 7909 7910 7911 7912
7897 7898 7899 7900 7901 7902 7903 7904 7906 7907 7908 7909 7910 7911 7912 7913
7898 7899 7900 7901 7902 7903 7904 7905 7907 7908 7909 7910 7911 7912 7913 7914
7899 7900 7901 7902 7903 7904 7905 7906 7908 7909 7910 7911 7912 7913 7914 7915
7900 7901 7902 7903 7904 7905 7906 7907 7909 7910 7911 7912 7913 7914 7915 7916
7901 7902 7903 7904 7905 7906 7907 7908 7910 7911 7912 7913 7914 7915 7916 7917
7902 7903 7904 7905 7906 7907 7908 7909 7911 7912 7913 7914 7915 7916 7917 7918
7903 7904 7905 7906 7907 7908 7909 7910 7912 7913 7914 7915 7916 7917 7918 7919
7904 7905 7906 7907 7908 7909 7910 7911 7913 7914 7915 7916 7917 7918 7919 7920
7905 7906 7907 7908 7909 7910 7911 7912 7914 7915 7916 7917 7918 7919 7920 7921
7906 7907 7908 7909 7910 7911 7912 7913 7915 7916 7917 7918 7919 7920 7921 7922
7907 7908 7909 7910 7911 7912 7913 7914 7916 7917 7918 7919 7920 7921 7922 7923
7908 7909 7910 7911 7912 7913 7914 7915 7917 7918 7919 7920 7921 7922 7923 7924
7909 7910 7911 7912 7913 7914 7915 7916 7918 7919 7920 7921 7922 7923 7924 7925
7910 7911 7912 7913 7914 7915 7916 7917 7919 7920 7921 7922 7923 7924 7925 7926
7911 7912 7913 7914 7915 7916 7917 7918 7920 7921 7922 7923 7924 7925 7926 7927
7912 7913 7914 7915 7916 7917 7918 7919 7921 7922 7923 7924 7925 7926 7927 7928
7913 7914 7915 7916 7917 7918 7919 7920 7922 7923 7924 7925 7926 7927 7928 7929
7914 7915 7916 7917 7918 7919 7920 7921 7923 7924 7925 7926 7927 7928 7929 7930
7915 7916 7917 7918 7919 7920 7921 7922 7924 7925 7926 7927 7928 7929 7930 7931
7916 7917 7918 7919 7920 7921 7922 7923 7925 7926 7927 7928 7929 7930 7931 7932
7917 7918 7919 7920 7921 7922 7923 7924 7926 7927 7928 7929 7930 7931 7932 7933
7918 7919 7920 7921 7922 7923 7924 7925 7927 7928 7929 7930 7931 7932 7933 7934
7919 7920 7921 7922 7923 7924 7925 7926 7928 7929 7930 7931 7932 7933 7934 7935
7920 7921 7922 7923 7924 7925 7926 7927 7929 7930 7931 7932 7933 7934 7935 7936
7921 7922 7923 7924 7925 7926 7927 7928 7930 7931 7932 7933 7934 7935 7936 7937
7922 7923 7924 7925 7926 7927 7928 7929 7931 7932 7933 7934 7935 7936 7937 7938
7923 7924 7925 7926 7927 7928 7929 7930 7932 7933 7934 7935 7936 7937 7938 7939
7924 7925 7926 7927 7928 7929 7930 7931 7933 7934 7935 7936 7937 7938 7939 7940
7925 7926 7927 7928 7929 7930 7931 7932 7934 7935 7936 7937 7938 7939 7940 7941
7926 7927 7928 7929 7930 7931 7932 7933 7935 7936 7937 7938 7939 7940 7941 7942
7927 7928 7929 7930 7931 7932 7933 7934 7936 7937 7938 7939 7940 7941 7942 7943
7928 7929 7930 7931 7932 7933 7934 7935 7937 7938 7939 7940 7941 7942 7943 7944
7929 7930 7931 7932 7933 7934 7935 7936 7938 7939 7940 7941 7942 7943 7944 7945
7930 7931 7932 7933 7934 7935 7936 7937 7939 7940 7941 7942 7943 7944 7945 7946
7931 7932 7933 7934 7935 7936 7937 7938 7940 7941 7942 7943 7944 7945 7946 7947
7932 7933 7934 7935 7936 7937 7938 7939 7941 7942 7943 7944 7945 7946 7947 7948
7933 7934 7935 7936 7937 7938 7939 7940 7942 7943 7944 7945 7946 7947 7948 7949
7934 7935 7936 7937 7938 7939 7940 7941 7943 7944 7945 7946 7947 7948 7949 7950
7935 7936 7937 7938 7939 7940 7941 7942 7944 7945 7946 7947 7948 7949 7950 7951
7936 7937 7938 7939 7940 7941 7942 7943 7945 7946 7947 7948 7949 7950 7951 7952
7937 7938 7939 7940 7941 7942 7943 7944 7946 7947 7948 7949 7950 7951 7952 7953
7938 7939 7940 7941 7942 7943 7944 7945 7947 7948 7949 7950 7951 7952 7953 7954
7939 7940 7941 7942 7943 7944 7945 7946 7948 7949 7950 7951 7952 7953 7954 7955
7940 7941 7942 7943 7944 7945 7946 7947 7949 7950 7951 7952 7953 7954 7955 7956
7941 7942 7943 7944 7945 7946 7947 7948 7950 7951 7952 7953 7954 7955 7956 7957
7942 7943 7944 7945 7946 7947 7948 7949 7951 7952 7953 7954 7955 7956 7957 7958
7943 7944 7945 7946 7947 7948 7949 7950 7952 7953 7954 7955 7956 7957 7958 7959
7944 7945 7946 7947 7948 7949 7950 7951 7953 7954 7955 7956 7957 7958 7959 7960
7945 7946 7947 7948 7949 7950 7951 7952 7954 7955 7956 7957 7958 7959 7960 7961
7946 7947 7948 7949 7950 7951 7952 7953 7955 7956 7957 7958 7959 7960 7961 7962
7947 7948 7949 7950 7951 7952 7953 7954 7956 7957 7958 7959 7960 7961 7962 7963
7948 7949 7950 7951 7952 7953 7954 7955 7957 7958 7959 7960 7961 7962 7963 7964
7949 7950 7951 7952 7953 7954 7955 7956 7958 7959 7960 7961 7962 7963 7964 7965
7950 7951 7952 7953 7954 7955 7956 7957 7959 7960 7961 7962 7963 7964 7965 7966
7951 7952 7953 7954 7955 7956 7957 7958 7960 7961 7962 7963 7964 7965 7966 7967
7952 7953 7954 7955 7956 7957 7958 7959 7961 7962 7963 7964 7965 7966 7967 7968
7953 7954 7955 7956 7957 7958 7959 7960 7962 7963 7964 7965 7966 7967 7968 7969
7954 7955 7956 7957 7958 7959 7960 7961 7963 7964 7965 7966 7967 7968 7969 7970
7955 7956 7957 7958 7959 7960 7961 7962 7964 7965 7966 7967 7968 7969 7970 7971
7956 7957 7958 7959 7960 7961 7962 7963 7965 7966 7967 7968 7969 7970 7971 7972
7957 7958 7959 7960 7961 7962 7963 7964 7966 7967 7968 7969 7970 7971 7972 7973
7958 7959 7960 7961 7962 7963 7964 7965 7967 7968 7969 7970 7971 7972 7973 7974
7959 7960 7961 7962 7963 7964 7965 7966 7968 7969 7970 7971 7972 7973 7974 7975
7960 7961 7962 7963 7964 7965 7966 7967 7969 7970 7971 7972 7973 7974 7975 7976
7961 7962 7963 7964 7965 7966 7967 7968 7970 7971 7972 7973 7974 7975 7976 7977
7962 7963 7964 7965 7966 7967 7968 7969 7971 7972 7973 7974 7975 7976 7977 7978
7963 7964 7965 7966 7967 7968 7969 7970 7972 7973 7974 7975 7976 7977 7978 7979
7964 7965 7966 7967 7968 7969 7970 7971 7973 7974 7975 7976 7977 7978 7979 7980
7965 7966 7967 7968 7969 7970 7971 7972 7974 7975 7976 7977 7978 7979 7980 7981
7966 7967 7968 7969 7970 7971 7972 7973 7975 7976 7977 7978 7979 7980 7981 7982
7967 7968 7969 7970 7971 7972 7973 7974 7976 7977 7978 7979 7980 7981 7982 7983
7968 7969 7970 7971 7972 7973 7974 7975 7977 7978 7979 7980 7981 7982 7983 7984
7969 7970 7971 7972 7973 7974 7975 7976 7978 7979 7980 7981 7982 7983 7984 7985
7970 7971 7972 7973 7974 7975 7976 7977 7979 7980 7981 7982 7983 7984 7985 7986
7971 7972 7973 7974 7975 7976 7977 7978 7980 7981 7982 7983 7984 7985 7986 7987
7972 7973 7974 7975 7976 7977 7978 7979 7981 7982 7983 7984 7985 7986 7987 7988
7973 7974 7975 7976 7977 7978 7979 7980 7982 7983 7984 7985 7986 7987 7988 7989
7974 7975 7976 7977 7978 7979 7980 7981 7983 7984 7985 7986 7987 7988 7989 7990
7975 7976 7977 7978 7979 7980 7981 7982 7984 7985 7986 7987 7988 7989 7990 7991
7976 7977 7978 7979 7980 7981 7982 7983 7985 7986 7987 7988 7989 7990 7991 7992
7977 7978 7979 7980 7981 7982 7983 7984 7986 7987 7988 7989 7990 7991 7992 7993
7978 7979 7980 7981 7982 7983 7984 7985 7987 7988 7989 7990 7991 7992 7993 7994
7979 7980 7981 7982 7983 7984 7985 7986 7988 7989 7990 7991 7992 7993 7994 7995
7980 7981 7982 7983 7984 7985 7986 7987 7989 7990 7991 7992 7993 7994 7995 7996
7981 7982 7983 7984 7985 7986 7987 7988 7990 7991 7992 7993 7994 7995 7996 7997
7982 7983 7984 7985 7986 7987 7988 7989 7991 7992 7993 7994 7995 7996 7997 7998
7983 7984 7985 7986 7987 7988 7989 7990 7992 7993 7994 7995 7996 7997 7998 7999
7984 7985 7986 7987 7988 7989 7990 7991 7993 7994 7995 7996 7997 7998 7999 8000
7985 7986 7987 7988 7989 7990 7991 7992 7994 7995 7996 7997 7998 7999 8000 8001
7986 7987 7988 7989 7990 7991 7992 7993 7995 7996 7997 7998 7999 8000 8001 8002
7987 7988 7989 7990 7991 7992 7993 7994 7996 7997 7998 7999 8000 8001 8002 8003
7988 7989 7990 7991 7992 7993 7994 7995 7997 7998 7999 8000 8001 8002 8003 8004
7989 7990 7991 7992 7993 7994 7995 7996 7998 7999 8000 8001 8002 8003 8004 8005
7990 7991 7992 7993 7994 7995 7996 7997 7999 8000 8001 8002 8003 8004 8005 8006
7991 7992 7993 7994 7995 7996 7997 7998 8000 8001 8002 8003 8004 8005 8006 8007
7992 7993 7994 7995 7996 7997 7998 7999 8001 8002 8003 8004 8005 8006 8007 8008
7993 7994 7995 7996 7997 7998 7999 8000 8002 8003 8004 8005 8006 8007 8008 8009
7994 7995 7996 7997 7998 7999 8000 8001 8003 8004 8005 8006 8007 8008 8009 8010
7995 7996 7997 7998 7999 8000 8001 8002 8004 8005 8006 8007 8008 8009 8010 8011
7996 7997 7998 7999 8000 8001 8002 8003 8005 8006 8007 8008 8009 8010 8011 8012
7997 7998 7999 8000 8001 8002 8003 8004 8006 8007 8008 8009 8010 8011 8012 8013
7998 7999 8000 8001 8002 8003 8004 8005 8007 8008 8009 8010 8011 8012 8013 8014
7999 8000 8001 8002 8003 8004 8005 8006 8008 8009 8010 8011 8012 8013 8014 8015
8000 8001 8002 8003 8004 8005 8006 8007 8009 8010 8011 8012 8013 8014 8015 8016
8001 8002 8003 8004 8005 8006 8007 8008 8010 8011 8012 8013 8014 8015 8016 8017
8002 8003 8004 8005 8006 8007 8008 8009 8011 8012 8013 8014 8015 8016 8017 8018
8003 8004 8005 8006 8007 8008 8009 8010 8012 8013 8014 8015 8016 8017 8018 8019
8004 8005 8006 8007 8008 8009 8010 8011 8013 8014 8015 8016 8017 8018 8019 8020
8005 8006 8007 8008 8009 8010 8011 8012 8014 8015 8016 8017 8018 8019 8020 8021
8006 8007 8008 8009 8010 8011 8012 8013 8015 8016 8017 8018 8019 8020 8021 8022
8007 8008 8009 8010 8011 8012 8013 8014 8016 8017 8018 8019 8020 8021 8022 8023
8008 8009 8010 8011 8012 8013 8014 8015 8017 8018 8019 8020 8021 8022 8023 8024
8009 8010 8011 8012 8013 8014 8015 8016 8018 8019 8020 8021 8022 8023 8024 8025
8010 8011 8012 8013 8014 8015 8016 8017 8019 8020 8021 8022 8023 8024 8025 8026
8011 8012 8013 8014 8015 8016 8017 8018 8020 8021 8022 8023 8024 8025 8026 8027
8012 8013 8014 8015 8016 8017 8018 8019 8021 8022 8023 8024 8025 8026 8027 8028
8013 8014 8015 8016 8017 8018 8019 8020 8022 8023 8024 8025 8026 8027 8028 8029
8014 8015 8016 8017 8018 8019 8020 8021 8023 8024 8025 8026 8027 8028 8029 8030
8015 8016 8017 8018 8019 8020 8021 8022 8024 8025 8026 8027 8028 8029 8030 8031
8016 8017 8018 8019 8020 8021 8022 8023 8025 8026 8027 8028 8029 8030 8031 8032
8017 8018 8019 8020 8021 8022 8023 8024 8026 8027 8028 8029 8030 8031 8032 8033
8018 8019 8020 8021 8022 8023 8024 8025 8027 8028 8029 8030 8031 8032 8033 8034
8019 8020 8021 8022 8023 8024 8025 8026 8028 8029 8030 8031 8032 8033 8034 8035
8020 8021 8022 8023 8024 8025 8026 8027 8029 8030 8031 8032 8033 8034 8035 8036
8021 8022 8023 8024 8025 8026 8027 8028 8030 8031 8032 8033 8034 8035 8036 8037
8022 8023 8024 8025 8026 8027 8028 8029 8031 8032 8033 8034 8035 8036 8037 8038
8023 8024 8025 8026 8027 8028 8029 8030 8032 8033 8034 8035 8036 8037 8038 8039
8024 8025 8026 8027 8028 8029 8030 8031 8033 8034 8035 8036 8037 8038 8039 8040
8025 8026 8027 8028 8029 8030 8031 8032 8034 8035 8036 8037 8038 8039 8040 8041
8026 8027 8028 8029 8030 8031 8032 8033 8035 8036 8037 8038 8039 8040 8041 8042
8027 8028 8029 8030 8031 8032 8033 8034 8036 8037 8038 8039 8040 8041 8042 8043
8028 8029 8030 8031 8032 8033 8034 8035 8037 8038 8039 8040 8041 8042 8043 8044
8029 8030 8031 8032 8033 8034 8035 8036 8038 8039 8040 8041 8042 8043 8044 8045
8030 8031 8032 8033 8034 8035 8036 8037 8039 8040 8041 8042 8043 8044 8045 8046
8031 8032 8033 8034 8035 8036 8037 8038 8040 8041 8042 8043 8044 8045 8046 8047
8032 8033 8034 8035 8036 8037 8038 8039 8041 8042 8043 8044 8045 8046 8047 8048
8033 8034 8035 8036 8037 8038 8039 8040 8042 8043 8044 8045 8046 8047 8048 8049
8034 8035 8036 8037 8038 8039 8040 8041 8043 8044 8045 8046 8047 8048 8049 8050
8035 8036 8037 8038 8039 8040 8041 8042 8044 8045 8046 8047 8048 8049 8050 8051
8036 8037 8038 8039 8040 8041 8042 8043 8045 8046 8047 8048 8049 8050 8051 8052
8037 8038 8039 8040 8041 8042 8043 8044 8046 8047 8048 8049 8050 8051 8052 8053
8038 8039 8040 8041 8042 8043 8044 8045 8047 8048 8049 8050 8051 8052 8053 8054
8039 8040 8041 8042 8043 8044 8045 8046 8048 8049 8050 8051 8052 8053 8054 8055
8040 8041 8042 8043 8044 8045 8046 8047 8049 8050 8051 8052 8053 8054 8055 8056
8041 8042 8043 8044 8045 8046 8047 8048 8050 8051 8052 8053 8054 8055 8056 8057
8042 8043 8044 8045 8046 8047 8048 8049 8051 8052 8053 8054 8055 8056 8057 8058
8043 8044 8045 8046 8047 8048 8049 8050 8052 8053 8054 8055 8056 8057 8058 8059
8044 8045 8046 8047 8048 8049 8050 8051 8053 8054 8055 8056 8057 8058 8059 8060
8045 8046 8047 8048 8049 8050 8051 8052 8054 8055 8056 8057 8058 8059 8060 8061
8046 8047 8048 8049 8050 8051 8052 8053 8055 8056 8057 8058 8059 8060 8061 8062
8047 8048 8049 8050 8051 8052 8053 8054 8056 8057 8058 8059 8060 8061 8062 8063
8048 8049 8050 8051 8052 8053 8054 8055 8057 8058 8059 8060 8061 8062 8063 8064
8049 8050 8051 8052 8053 8054 8055 8056 8058 8059 8060 8061 8062 8063 8064 8065
8050 8051 8052 8053 8054 8055 8056 8057 8059 8060 8061 8062 8063 8064 8065 8066
8051 8052 8053 8054 8055 8056 8057 8058 8060 8061 8062 8063 8064 8065 8066 8067
8052 8053 8054 8055 8056 8057 8058 8059 8061 8062 8063 8064 8065 8066 8067 8068
8053 8054 8055 8056 8057 8058 8059 8060 8062 8063 8064 8065 8066 8067 8068 8069
8054 8055 8056 8057 8058 8059 8060 8061 8063 8064 8065 8066 8067 8068 8069 8070
8055 8056 8057 8058 8059 8060 8061 8062 8064 8065 8066 8067 8068 8069 8070 8071
8056 8057 8058 8059 8060 8061 8062 8063 8065 8066 8067 8068 8069 8070 8071 8072
8057 8058 8059 8060 8061 8062 8063 8064 8066 8067 8068 8069 8070 8071 8072 8073
8058 8059 8060 8061 8062 8063 8064 8065 8067 8068 8069 8070 8071 8072 8073 8074
8059 8060 8061 8062 8063 8064 8065 8066 8068 8069 8070 8071 8072 8073 8074 8075
8060 8061 8062 8063 8064 8065 8066 8067 8069 8070 8071 8072 8073 8074 8075 8076
8061 8062 8063 8064 8065 8066 8067 8068 8070 8071 8072 8073 8074 8075 8076 8077
8062 8063 8064 8065 8066 8067 8068 8069 8071 8072 8073 8074 8075 8076 8077 8078
8063 8064 8065 8066 8067 8068 8069 8070 8072 8073 8074 8075 8076 8077 8078 8079
8064 8065 8066 8067 8068 8069 8070 8071 8073 8074 8075 8076 8077 8078 8079 8080
8065 8066 8067 8068 8069 8070 8071 8072 8074 8075 8076 8077 8078 8079 8080 8081
8066 8067 8068 8069 8070 8071 8072 8073 8075 8076 8077 8078 8079 8080 8081 8082
8067 8068 8069 8070 8071 8072 8073 8074 8076 8077 8078 8079 8080 8081 8082 8083
8068 8069 8070 8071 8072 8073 8074 8075 8077 8078 8079 8080 8081 8082 8083 8084
8069 8070 8071 8072 8073 8074 8075 8076 8078 8079 8080 8081 8082 8083 8084 8085
8070 8071 8072 8073 8074 8075 8076 8077 8079 8080 8081 8082 8083 8084 8085 8086
8071 8072 8073 8074 8075 8076 8077 8078 8080 8081 8082 8083 8084 8085 8086 8087
8072 8073 8074 8075 8076 8077 8078 8079 8081 8082 8083 8084 8085 8086 8087 8088
8073 8074 8075 8076 8077 8078 8079 8080 8082 8083 8084 8085 8086 8087 8088 8089
8074 8075 8076 8077 8078 8079 8080 8081 8083 8084 8085 8086 8087 8088 8089 8090
8075 8076 8077 8078 8079 8080 8081 8082 8084 8085 8086 8087 8088 8089 8090 8091
8076 8077 8078 8079 8080 8081 8082 8083 8085 8086 8087 8088 8089 8090 8091 8092
8077 8078 8079 8080 8081 8082 8083 8084 8086 8087 8088 8089 8090 8091 8092 8093
8078 8079 8080 8081 8082 8083 8084 8085 8087 8088 8089 8090 8091 8092 8093 8094
8079 8080 8081 8082 8083 8084 8085 8086 8088 8089 8090 8091 8092 8093 8094 8095
8080 8081 8082 8083 8084 8085 8086 8087 8089 8090 8091 8092 8093 8094 8095 8096
8081 8082 8083 8084 8085 8086 8087 8088 8090 8091 8092 8093 8094 8095 8096 8097
8082 8083 8084 8085 8086 8087 8088 8089 8091 8092 8093 8094 8095 8096 8097 8098
8083 8084 8085 8086 8087 8088 8089 8090 8092 8093 8094 8095 8096 8097 8098 8099
8084 8085 8086 8087 8088 8089 8090 8091 8093 8094 8095 8096 8097 8098 8099 8100
8085 8086 8087 8088 8089 8090 8091 8092 8094 8095 8096 8097 8098 8099 8100 8101
8086 8087 8088 8089 8090 8091 8092 8093 8095 8096 8097 8098 8099 8100 8101 8102
8087 8088 8089 8090 8091 8092 8093 8094 8096 8097 8098 8099 8100 8101 8102 8103
8088 8089 8090 8091 8092 8093 8094 8095 8097 8098 8099 8100 8101 8102 8103 8104
8089 8090 8091 8092 8093 8094 8095 8096 8098 8099 8100 8101 8102 8103 8104 8105
8090 8091 8092 8093 8094 8095 8096 8097 8099 8100 8101 8102 8103 8104 8105 8106
8091 8092 8093 8094 8095 8096 8097 8098 8100 8101 8102 8103 8104 8105 8106 8107
8092 8093 8094 8095 8096 8097 8098 8099 8101 8102 8103 8104 8105 8106 8107 8108
8093 8094 8095 8096 8097 8098 8099 8100 8102 8103 8104 8105 8106 8107 8108 8109
8094 8095 8096 8097 8098 8099 8100 8101 8103 8104 8105 8106 8107 8108 8109 8110
8095 8096 8097 8098 8099 8100 8101 8102 8104 8105 8106 8107 8108 8109 8110 8111
8096 8097 8098 8099 8100 8101 8102 8103 8105 8106 8107 8108 8109 8110 8111 8112
8097 8098 8099 8100 8101 8102 8103 8104 8106 8107 8108 8109 8110 8111 8112 8113
8098 8099 8100 8101 8102 8103 8104 8105 8107 8108 8109 8110 8111 8112 8113 8114
8099 8100 8101 8102 8103 8104 8105 8106 8108 8109 8110 8111 8112 8113 8114 8115
8100 8101 8102 8103 8104 8105 8106 8107 8109 8110 8111 8112 8113 8114 8115 8116
8101 8102 8103 8104 8105 8106 8107 8108 8110 8111 8112 8113 8114 8115 8116 8117
8102 8103 8104 8105 8106 8107 8108 8109 8111 8112 8113 8114 8115 8116 8117 8118
8103 8104 8105 8106 8107 8108 8109 8110 8112 8113 8114 8115 8116 8117 8118 8119
8104 8105 8106 8107 8108 8109 8110 8111 8113 8114 8115 8116 8117 8118 8119 8120
8105 8106 8107 8108 8109 8110 8111 8112 8114 8115 8116 8117 8118 8119 8120 8121
8106 8107 8108 8109 8110 8111 8112 8113 8115 8116 8117 8118 8119 8120 8121 8122
8107 8108 8109 8110 8111 8112 8113 8114 8116 8117 8118 8119 8120 8121 8122 8123
8108 8109 8110 8111 8112 8113 8114 8115 8117 8118 8119 8120 8121 8122 8123 8124
8109 8110 8111 8112 8113 8114 8115 8116 8118 8119 8120 8121 8122 8123 8124 8125
8110 8111 8112 8113 8114 8115 8116 8117 8119 8120 8121 8122 8123 8124 8125 8126
8111 8112 8113 8114 8115 8116 8117 8118 8120 8121 8122 8123 8124 8125 8126 8127
8112 8113 8114 8115 8116 8117 8118 8119 8121 8122 8123 8124 8125 8126 8127 8128
8113 8114 8115 8116 8117 8118 8119 8120 8122 8123 8124 8125 8126 8127 8128 8129
8114 8115 8116 8117 8118 8119 8120 8121 8123 8124 8125 8126 8127 8128 8129 8130
8115 8116 8117 8118 8119 8120 8121 8122 8124 8125 8126 8127 8128 8129 8130 8131
8116 8117 8118 8119 8120 8121 8122 8123 8125 8126 8127 8128 8129 8130 8131 8132
8117 8118 8119 8120 8121 8122 8123 8124 8126 8127 8128 8129 8130 8131 8132 8133
8118 8119 8120 8121 8122 8123 8124 8125 8127 8128 8129 8130 8131 8132 8133 8134
8119 8120 8121 8122 8123 8124 8125 8126 8128 8129 8130 8131 8132 8133 8134 8135
8120 8121 8122 8123 8124 8125 8126 8127 8129 8130 8131 8132 8133 8134 8135 8136
8121 8122 8123 8124 8125 8126 8127 8128 8130 8131 8132 8133 8134 8135 8136 8137
8122 8123 8124 8125 8126 8127 8128 8129 8131 8132 8133 8134 8135 8136 8137 8138
8123 8124 8125 8126 8127 8128 8129 8130 8132 8133 8134 8135 8136 8137 8138 8139
8124 8125 8126 8127 8128 8129 8130 8131 8133 8134 8135 8136 8137 8138 8139 8140
8125 8126 8127 8128 8129 8130 8131 8132 8134 8135 8136 8137 8138 8139 8140 8141
8126 8127 8128 8129 8130 8131 8132 8133 8135 8136 8137 8138 8139 8140 8141 8142
8127 8128 8129 8130 8131 8132 8133 8134 8136 8137 8138 8139 8140 8141 8142 8143
8128 8129 8130 8131 8132 8133 8134 8135 8137 8138 8139 8140 8141 8142 8143 8144
8129 8130 8131 8132 8133 8134 8135 8136 8138 8139 8140 8141 8142 8143 8144 8145
8130 8131 8132 8133 8134 8135 8136 8137 8139 8140 8141 8142 8143 8144 8145 8146
8131 8132 8133 8134 8135 8136 8137 8138 8140 8141 8142 8143 8144 8145 8146 8147
8132 8133 8134 8135 8136 8137 8138 8139 8141 8142 8143 8144 8145 8146 8147 8148
8133 8134 8135 8136 8137 8138 8139 8140 8142 8143 8144 8145 8146 8147 8148 8149
8134 8135 8136 8137 8138 8139 8140 8141 8143 8144 8145 8146 8147 8148 8149 8150
8135 8136 8137 8138 8139 8140 8141 8142 8144 8145 8146 8147 8148 8149 8150 8151
8136 8137 8138 8139 8140 8141 8142 8143 8145 8146 8147 8148 8149 8150 8151 8152
8137 8138 8139 8140 8141 8142 8143 8144 8146 8147 8148 8149 8150 8151 8152 8153
8138 8139 8140 8141 8142 8143 8144 8145 8147 8148 8149 8150 8151 8152 8153 8154
8139 8140 8141 8142 8143 8144 8145 8146 8148 8149 8150 8151 8152 8153 8154 8155
8140 8141 8142 8143 8144 8145 8146 8147 8149 8150 8151 8152 8153 8154 8155 8156
8141 8142 8143 8144 8145 8146 8147 8148 8150 8151 8152 8153 8154 8155 8156 8157
8142 8143 8144 8145 8146 8147 8148 8149 8151 8152 8153 8154 8155 8156 8157 8158
8143 8144 8145 8146 8147 8148 8149 8150 8152 8153 8154 8155 8156 8157 8158 8159
8144 8145 8146 8147 8148 8149 8150 8151 8153 8154 8155 8156 8157 8158 8159 8160
8145 8146 8147 8148 8149 8150 8151 8152 8154 8155 8156 8157 8158 8159 8160 8161
8146 8147 8148 8149 8150 8151 8152 8153 8155 8156 8157 8158 8159 8160 8161 8162
8147 8148 8149 8150 8151 8152 8153 8154 8156 8157 8158 8159 8160 8161 8162 8163
8148 8149 8150 8151 8152 8153 8154 8155 8157 8158 8159 8160 8161 8162 8163 8164
8149 8150 8151 8152 8153 8154 8155 8156 8158 8159 8160 8161 8162 8163 8164 8165
8150 8151 8152 8153 8154 8155 8156 8157 8159 8160 8161 8162 8163 8164 8165 8166
8151 8152 8153 8154 8155 8156 8157 8158 8160 8161 8162 8163 8164 8165 8166 8167
8152 8153 8154 8155 8156 8157 8158 8159 8161 8162 8163 8164 8165 8166 8167 8168
8153 8154 8155 8156 8157 8158 8159 8160 8162 8163 8164 8165 8166 8167 8168 8169
8154 8155 8156 8157 8158 8159 8160 8161 8163 8164 8165 8166 8167 8168 8169 8170
8155 8156 8157 8158 8159 8160 8161 8162 8164 8165 8166 8167 8168 8169 8170 8171
8156 8157 8158 8159 8160 8161 8162 8163 8165 8166 8167 8168 8169 8170 8171 8172
8157 8158 8159 8160 8161 8162 8163 8164 8166 8167 8168 8169 8170 8171 8172 8173
8158 8159 8160 8161 8162 8163 8164 8165 8167 8168 8169 8170 8171 8172 8173 8174
8159 8160 8161 8162 8163 8164 8165 8166 8168 8169 8170 8171 8172 8173 8174 8175
8160 8161 8162 8163 8164 8165 8166 8167 8169 8170 8171 8172 8173 8174 8175 8176
8161 8162 8163 8164 8165 8166 8167 8168 8170 8171 8172 8173 8174 8175 8176 8177
8162 8163 8164 8165 8166 8167 8168 8169 8171 8172 8173 8174 8175 8176 8177 8178
8163 8164 8165 8166 8167 8168 8169 8170 8172 8173 8174 8175 8176 8177 8178 8179
8164 8165 8166 8167 8168 8169 8170 8171 8173 8174 8175 8176 8177 8178 8179 8180
8165 8166 8167 8168 8169 8170 8171 8172 8174 8175 8176 8177 8178 8179 8180 8181
8166 8167 8168 8169 8170 8171 8172 8173 8175 8176 8177 8178 8179 8180 8181 8182
8167 8168 8169 8170 8171 8172 8173 8174 8176 8177 8178 8179 8180 8181 8182 8183
8168 8169 8170 8171 8172 8173 8174 8175 8177 8178 8179 8180 8181 8182 8183 8184
8169 8170 8171 8172 8173 8174 8175 8176 8178 8179 8180 8181 8182 8183 8184 8185
8170 8171 8172 8173 8174 8175 8176 8177 8179 8180 8181 8182 8183 8184 8185 8186
8171 8172 8173 8174 8175 8176 8177 8178 8180 8181 8182 8183 8184 8185 8186 8187
8172 8173 8174 8175 8176 8177 8178 8179 8181 8182 8183 8184 8185 8186 8187 8188
8173 8174 8175 8176 8177 8178 8179 8180 8182 8183 8184 8185 8186 8187 8188 8189
8174 8175 8176 8177 8178 8179 8180 8181 8183 8184 8185 8186 8187 8188 8189 8190
8175 8176 8177 8178 8179 8180 8181 8182 8184 8185 8186 8187 8188 8189 8190 8191
8176 8177 8178 8179 8180 8181 8182 8183 8185 8186 8187 8188 8189 8190 8191 8192
8177 8178 8179 8180 8181 8182 8183 8184 8186 8187 8188 8189 8190 8191 8192 8193
8178 8179 8180 8181 8182 8183 8184 8185 8187 8188 8189 8190 8191 8192 8193 8194
8179 8180 8181 8182 8183 8184 8185 8186 8188 8189 8190 8191 8192 8193 8194 8195
8180 8181 8182 8183 8184 8185 8186 8187 8189 8190 8191 8192 8193 8194 8195 8196
8181 8182 8183 8184 8185 8186 8187 8188 8190 8191 8192 8193 8194 8195 8196 8197
8182 8183 8184 8185 8186 8187 8188 8189 8191 8192 8193 8194 8195 8196 8197 8198
8183 8184 8185 8186 8187 8188 8189 8190 8192 8193 8194 8195 8196 8197 8198 8199
8184 8185 8186 8187 8188 8189 8190 8191 8193 8194 8195 8196 8197 8198 8199 8200
8185 8186 8187 8188 8189 8190 8191 8192 8194 8195 8196 8197 8198 8199 8200 8201
8186 8187 8188 8189 8190 8191 8192 8193 8195 8196 8197 8198 8199 8200 8201 8202
8187 8188 8189 8190 8191 8192 8193 8194 8196 8197 8198 8199 8200 8201 8202 8203
8188 8189 8190 8191 8192 8193 8194 8195 8197 8198 8199 8200 8201 8202 8203 8204
8189 8190 8191 8192 8193 8194 8195 8196 8198 8199 8200 8201 8202 8203 8204 8205
8190 8191 8192 8193 8194 8195 8196 8197 8199 8200 8201 8202 8203 8204 8205 8206
8191 8192 8193 8194 8195 8196 8197 8198 8200 8201 8202 8203 8204 8205 8206 8207
8192 8193 8194 8195 8196 8197 8198 8199 8201 8202 8203 8204 8205 8206 8207 8208
8193 8194 8195 8196 8197 8198 8199 8200 8202 8203 8204 8205 8206 8207 8208 8209
8194 8195 8196 8197 8198 8199 8200 8201 8203 8204 8205 8206 8207 8208 8209 8210
8195 8196 8197 8198 8199 8200 8201 8202 8204 8205 8206 8207 8208 8209 8210 8211
8196 8197 8198 8199 8200 8201 8202 8203 8205 8206 8207 8208 8209 8210 8211 8212
8197 8198 8199 8200 8201 8202 8203 8204 8206 8207 8208 8209 8210 8211 8212 8213
8198 8199 8200 8201 8202 8203 8204 8205 8207 8208 8209 8210 8211 8212 8213 8214
8199 8200 8201 8202 8203 8204 8205 8206 8208 8209 8210 8211 8212 8213 8214 8215
8200 8201 8202 8203 8204 8205 8206 8207 8209 8210 8211 8212 8213 8214 8215 8216
8201 8202 8203 8204 8205 8206 8207 8208 8210 8211 8212 8213 8214 8215 8216 8217
8202 8203 8204 8205 8206 8207 8208 8209 8211 8212 8213 8214 8215 8216 8217 8218
8203 8204 8205 8206 8207 8208 8209 8210 8212 8213 8214 8215 8216 8217 8218 8219
8204 8205 8206 8207 8208 8209 8210 8211 8213 8214 8215 8216 8217 8218 8219 8220
8205 8206 8207 8208 8209 8210 8211 8212 8214 8215 8216 8217 8218 8219 8220 8221
8206 8207 8208 8209 8210 8211 8212 8213 8215 8216 8217 8218 8219 8220 8221 8222
8207 8208 8209 8210 8211 8212 8213 8214 8216 8217 8218 8219 8220 8221 8222 8223
8208 8209 8210 8211 8212 8213 8214 8215 8217 8218 8219 8220 8221 8222 8223 8224
8209 8210 8211 8212 8213 8214 8215 8216 8218 8219 8220 8221 8222 8223 8224 8225
8210 8211 8212 8213 8214 8215 8216 8217 8219 8220 8221 8222 8223 8224 8225 8226
8211 8212 8213 8214 8215 8216 8217 8218 8220 8221 8222 8223 8224 8225 8226 8227
8212 8213 8214 8215 8216 8217 8218 8219 8221 8222 8223 8224 8225 8226 8227 8228
8213 8214 8215 8216 8217 8218 8219 8220 8222 8223 8224 8225 8226 8227 8228 8229
8214 8215 8216 8217 8218 8219 8220 8221 8223 8224 8225 8226 8227 8228 8229 8230
8215 8216 8217 8218 8219 8220 8221 8222 8224 8225 8226 8227 8228 8229 8230 8231
8216 8217 8218 8219 8220 8221 8222 8223 8225 8226 8227 8228 8229 8230 8231 8232
8217 8218 8219 8220 8221 8222 8223 8224 8226 8227 8228 8229 8230 8231 8232 8233
8218 8219 8220 8221 8222 8223 8224 8225 8227 8228 8229 8230 8231 8232 8233 8234
8219 8220 8221 8222 8223 8224 8225 8226 8228 8229 8230 8231 8232 8233 8234 8235
8220 8221 8222 8223 8224 8225 8226 8227 8229 8230 8231 8232 8233 8234 8235 8236
8221 8222 8223 8224 8225 8226 8227 8228 8230 8231 8232 8233 8234 8235 8236 8237
8222 8223 8224 8225 8226 8227 8228 8229 8231 8232 8233 8234 8235 8236 8237 8238
8223 8224 8225 8226 8227 8228 8229 8230 8232 8233 8234 8235 8236 8237 8238 8239
8224 8225 8226 8227 8228 8229 8230 8231 8233 8234 8235 8236 8237 8238 8239 8240
8225 8226 8227 8228 8229 8230 8231 8232 8234 8235 8236 8237 8238 8239 8240 8241
8226 8227 8228 8229 8230 8231 8232 8233 8235 8236 8237 8238 8239 8240 8241 8242
8227 8228 8229 8230 8231 8232 8233 8234 8236 8237 8238 8239 8240 8241 8242 8243
8228 8229 8230 8231 8232 8233 8234 8235 8237 8238 8239 8240 8241 8242 8243 8244
8229 8230 8231 8232 8233 8234 8235 8236 8238 8239 8240 8241 8242 8243 8244 8245
8230 8231 8232 8233 8234 8235 8236 8237 8239 8240 8241 8242 8243 8244 8245 8246
8231 8232 8233 8234 8235 8236 8237 8238 8240 8241 8242 8243 8244 8245 8246 8247
8232 8233 8234 8235 8236 8237 8238 8239 8241 8242 8243 8244 8245 8246 8247 8248
8233 8234 8235 8236 8237 8238 8239 8240 8242 8243 8244 8245 8246 8247 8248 8249
8234 8235 8236 8237 8238 8239 8240 8241 8243 8244 8245 8246 8247 8248 8249 8250
8235 8236 8237 8238 8239 8240 8241 8242 8244 8245 8246 8247 8248 8249 8250 8251
8236 8237 8238 8239 8240 8241 8242 8243 8245 8246 8247 8248 8249 8250 8251 8252
8237 8238 8239 8240 8241 8242 8243 8244 8246 8247 8248 8249 8250 8251 8252 8253
8238 8239 8240 8241 8242 8243 8244 8245 8247 8248 8249 8250 8251 8252 8253 8254
8239 8240 8241 8242 8243 8244 8245 8246 8248 8249 8250 8251 8252 8253 8254 8255
8240 8241 8242 8243 8244 8245 8246 8247 8249 8250 8251 8252 8253 8254 8255 8256
8241 8242 8243 8244 8245 8246 8247 8248 8250 8251 8252 8253 8254 8255 8256 8257
8242 8243 8244 8245 8246 8247 8248 8249 8251 8252 8253 8254 8255 8256 8257 8258
8243 8244 8245 8246 8247 8248 8249 8250 8252 8253 8254 8255 8256 8257 8258 8259
8244 8245 8246 8247 8248 8249 8250 8251 8253 8254 8255 8256 8257 8258 8259 8260
8245 8246 8247 8248 8249 8250 8251 8252 8254 8255 8256 8257 8258 8259 8260 8261
8246 8247 8248 8249 8250 8251 8252 8253 8255 8256 8257 8258 8259 8260 8261 8262
8247 8248 8249 8250 8251 8252 8253 8254 8256 8257 8258 8259 8260 8261 8262 8263
8248 8249 8250 8251 8252 8253 8254 8255 8257 8258 8259 8260 8261 8262 8263 8264
8249 8250 8251 8252 8253 8254 8255 8256 8258 8259 8260 8261 8262 8263 8264 8265
8250 8251 8252 8253 8254 8255 8256 8257 8259 8260 8261 8262 8263 8264 8265 8266
8251 8252 8253 8254 8255 8256 8257 8258 8260 8261 8262 8263 8264 8265 8266 8267
8252 8253 8254 8255 8256 8257 8258 8259 8261 8262 8263 8264 8265 8266 8267 8268
8253 8254 8255 8256 8257 8258 8259 8260 8262 8263 8264 8265 8266 8267 8268 8269
8254 8255 8256 8257 8258 8259 8260 8261 8263 8264 8265 8266 8267 8268 8269 8270
8255 8256 8257 8258 8259 8260 8261 8262 8264 8265 8266 8267 8268 8269 8270 8271
8256 8257 8258 8259 8260 8261 8262 8263 8265 8266 8267 8268 8269 8270 8271 8272
8257 8258 8259 8260 8261 8262 8263 8264 8266 8267 8268 8269 8270 8271 8272 8273
8258 8259 8260 8261 8262 8263 8264 8265 8267 8268 8269 8270 8271 8272 8273 8274
8259 8260 8261 8262 8263 8264 8265 8266 8268 8269 8270 8271 8272 8273 8274 8275
8260 8261 8262 8263 8264 8265 8266 8267 8269 8270 8271 8272 8273 8274 8275 8276
8261 8262 8263 8264 8265 8266 8267 8268 8270 8271 8272 8273 8274 8275 8276 8277
8262 8263 8264 8265 8266 8267 8268 8269 8271 8272 8273 8274 8275 8276 8277 8278
8263 8264 8265 8266 8267 8268 8269 8270 8272 8273 8274 8275 8276 8277 8278 8279
8264 8265 8266 8267 8268 8269 8270 8271 8273 8274 8275 8276 8277 8278 8279 8280
8265 8266 8267 8268 8269 8270 8271 8272 8274 8275 8276 8277 8278 8279 8280 8281
8266 8267 8268 8269 8270 8271 8272 8273 8275 8276 8277 8278 8279 8280 8281 8282
8267 8268 8269 8270 8271 8272 8273 8274 8276 8277 8278 8279 8280 8281 8282 8283
8268 8269 8270 8271 8272 8273 8274 8275 8277 8278 8279 8280 8281 8282 8283 8284
8269 8270 8271 8272 8273 8274 8275 8276 8278 8279 8280 8281 8282 8283 8284 8285
8270 8271 8272 8273 8274 8275 8276 8277 8279 8280 8281 8282 8283 8284 8285 8286
8271 8272 8273 8274 8275 8276 8277 8278 8280 8281 8282 8283 8284 8285 8286 8287
8272 8273 8274 8275 8276 8277 8278 8279 8281 8282 8283 8284 8285 8286 8287 8288
8273 8274 8275 8276 8277 8278 8279 8280 8282 8283 8284 8285 8286 8287 8288 8289
8274 8275 8276 8277 8278 8279 8280 8281 8283 8284 8285 8286 8287 8288 8289 8290
8275 8276 8277 8278 8279 8280 8281 8282 8284 8285 8286 8287 8288 8289 8290 8291
8276 8277 8278 8279 8280 8281 8282 8283 8285 8286 8287 8288 8289 8290 8291 8292
8277 8278 8279 8280 8281 8282 8283 8284 8286 8287 8288 8289 8290 8291 8292 8293
8278 8279 8280 8281 8282 8283 8284 8285 8287 8288 8289 8290 8291 8292 8293 8294
8279 8280 8281 8282 8283 8284 8285 8286 8288 8289 8290 8291 8292 8293 8294 8295
8280 8281 8282 8283 8284 8285 8286 8287 8289 8290 8291 8292 8293 8294 8295 8296
8281 8282 8283 8284 8285 8286 8287 8288 8290 8291 8292 8293 8294 8295 8296 8297
8282 8283 8284 8285 8286 8287 8288 8289 8291 8292 8293 8294 8295 8296 8297 8298
8283 8284 8285 8286 8287 8288 8289 8290 8292 8293 8294 8295 8296 8297 8298 8299
8284 8285 8286 8287 8288 8289 8290 8291 8293 8294 8295 8296 8297 8298 8299 8300
8285 8286 8287 8288 8289 8290 8291 8292 8294 8295 8296 8297 8298 8299 8300 8301
8286 8287 8288 8289 8290 8291 8292 8293 8295 8296 8297 8298 8299 8300 8301 8302
8287 8288 8289 8290 8291 8292 8293 8294 8296 8297 8298 8299 8300 8301 8302 8303
8288 8289 8290 8291 8292 8293 8294 8295 8297 8298 8299 8300 8301 8302 8303 8304
8289 8290 8291 8292 8293 8294 8295 8296 8298 8299 8300 8301 8302 8303 8304 8305
8290 8291 8292 8293 8294 8295 8296 8297 8299 8300 8301 8302 8303 8304 8305 8306
8291 8292 8293 8294 8295 8296 8297 8298 8300 8301 8302 8303 8304 8305 8306 8307
8292 8293 8294 8295 8296 8297 8298 8299 8301 8302 8303 8304 8305 8306 8307 8308
8293 8294 8295 8296 8297 8298 8299 8300 8302 8303 8304 8305 8306 8307 8308 8309
8294 8295 8296 8297 8298 8299 8300 8301 8303 8304 8305 8306 8307 8308 8309 8310
8295 8296 8297 8298 8299 8300 8301 8302 8304 8305 8306 8307 8308 8309 8310 8311
8296 8297 8298 8299 8300 8301 8302 8303 8305 8306 8307 8308 8309 8310 8311 8312
8297 8298 8299 8300 8301 8302 8303 8304 8306 8307 8308 8309 8310 8311 8312 8313
8298 8299 8300 8301 8302 8303 8304 8305 8307 8308 8309 8310 8311 8312 8313 8314
8299 8300 8301 8302 8303 8304 8305 8306 8308 8309 8310 8311 8312 8313 8314 8315
8300 8301 8302 8303 8304 8305 8306 8307 8309 8310 8311 8312 8313 8314 8315 8316
8301 8302 8303 8304 8305 8306 8307 8308 8310 8311 8312 8313 8314 8315 8316 8317
8302 8303 8304 8305 8306 8307 8308 8309 8311 8312 8313 8314 8315 8316 8317 8318
8303 8304 8305 8306 8307 8308 8309 8310 8312 8313 8314 8315 8316 8317 8318 8319
8304 8305 8306 8307 8308 8309 8310 8311 8313 8314 8315 8316 8317 8318 8319 8320
8305 8306 8307 8308 8309 8310 8311 8312 8314 8315 8316 8317 8318 8319 8320 8321
8306 8307 8308 8309 8310 8311 8312 8313 8315 8316 8317 8318 8319 8320 8321 8322
8307 8308 8309 8310 8311 8312 8313 8314 8316 8317 8318 8319 8320 8321 8322 8323
8308 8309 8310 8311 8312 8313 8314 8315 8317 8318 8319 8320 8321 8322 8323 8324
8309 8310 8311 8312 8313 8314 8315 8316 8318 8319 8320 8321 8322 8323 8324 8325
8310 8311 8312 8313 8314 8315 8316 8317 8319 8320 8321 8322 8323 8324 8325 8326
8311 8312 8313 8314 8315 8316 8317 8318 8320 8321 8322 8323 8324 8325 8326 8327
8312 8313 8314 8315 8316 8317 8318 8319 8321 8322 8323 8324 8325 8326 8327 8328
8313 8314 8315 8316 8317 8318 8319 8320 8322 8323 8324 8325 8326 8327 8328 8329
8314 8315 8316 8317 8318 8319 8320 8321 8323 8324 8325 8326 8327 8328 8329 8330
8315 8316 8317 8318 8319 8320 8321 8322 8324 8325 8326 8327 8328 8329 8330 8331
8316 8317 8318 8319 8320 8321 8322 8323 8325 8326 8327 8328 8329 8330 8331 8332
8317 8318 8319 8320 8321 8322 8323 8324 8326 8327 8328 8329 8330 8331 8332 8333
8318 8319 8320 8321 8322 8323 8324 8325 8327 8328 8329 8330 8331 8332 8333 8334
8319 8320 8321 8322 8323 8324 8325 8326 8328 8329 8330 8331 8332 8333 8334 8335
8320 8321 8322 8323 8324 8325 8326 8327 8329 8330 8331 8332 8333 8334 8335 8336
8321 8322 8323 8324 8325 8326 8327 8328 8330 8331 8332 8333 8334 8335 8336 8337
8322 8323 8324 8325 8326 8327 8328 8329 8331 8332 8333 8334 8335 8336 8337 8338
8323 8324 8325 8326 8327 8328 8329 8330 8332 8333 8334 8335 8336 8337 8338 8339
8324 8325 8326 8327 8328 8329 8330 8331 8333 8334 8335 8336 8337 8338 8339 8340
8325 8326 8327 8328 8329 8330 8331 8332 8334 8335 8336 8337 8338 8339 8340 8341
8326 8327 8328 8329 8330 8331 8332 8333 8335 8336 8337 8338 8339 8340 8341 8342
8327 8328 8329 8330 8331 8332 8333 8334 8336 8337 8338 8339 8340 8341 8342 8343
8328 8329 8330 8331 8332 8333 8334 8335 8337 8338 8339 8340 8341 8342 8343 8344
8329 8330 8331 8332 8333 8334 8335 8336 8338 8339 8340 8341 8342 8343 8344 8345
8330 8331 8332 8333 8334 8335 8336 8337 8339 8340 8341 8342 8343 8344 8345 8346
8331 8332 8333 8334 8335 8336 8337 8338 8340 8341 8342 8343 8344 8345 8346 8347
8332 8333 8334 8335 8336 8337 8338 8339 8341 8342 8343 8344 8345 8346 8347 8348
8333 8334 8335 8336 8337 8338 8339 8340 8342 8343 8344 8345 8346 8347 8348 8349
8334 8335 8336 8337 8338 8339 8340 8341 8343 8344 8345 8346 8347 8348 8349 8350
8335 8336 8337 8338 8339 8340 8341 8342 8344 8345 8346 8347 8348 8349 8350 8351
8336 8337 8338 8339 8340 8341 8342 8343 8345 8346 8347 8348 8349 8350 8351 8352
8337 8338 8339 8340 8341 8342 8343 8344 8346 8347 8348 8349 8350 8351 8352 8353
8338 8339 8340 8341 8342 8343 8344 8345 8347 8348 8349 8350 8351 8352 8353 8354
8339 8340 8341 8342 8343 8344 8345 8346 8348 8349 8350 8351 8352 8353 8354 8355
8340 8341 8342 8343 8344 8345 8346 8347 8349 8350 8351 8352 8353 8354 8355 8356
8341 8342 8343 8344 8345 8346 8347 8348 8350 8351 8352 8353 8354 8355 8356 8357
8342 8343 8344 8345 8346 8347 8348 8349 8351 8352 8353 8354 8355 8356 8357 8358
8343 8344 8345 8346 8347 8348 8349 8350 8352 8353 8354 8355 8356 8357 8358 8359
8344 8345 8346 8347 8348 8349 8350 8351 8353 8354 8355 8356 8357 8358 8359 8360
8345 8346 8347 8348 8349 8350 8351 8352 8354 8355 8356 8357 8358 8359 8360 8361
8346 8347 8348 8349 8350 8351 8352 8353 8355 8356 8357 8358 8359 8360 8361 8362
8347 8348 8349 8350 8351 8352 8353 8354 8356 8357 8358 8359 8360 8361 8362 8363
8348 8349 8350 8351 8352 8353 8354 8355 8357 8358 8359 8360 8361 8362 8363 8364
8349 8350 8351 8352 8353 8354 8355 8356 8358 8359 8360 8361 8362 8363 8364 8365
8350 8351 8352 8353 8354 8355 8356 8357 8359 8360 8361 8362 8363 8364 8365 8366
8351 8352 8353 8354 8355 8356 8357 8358 8360 8361 8362 8363 8364 8365 8366 8367
8352 8353 8354 8355 8356 8357 8358 8359 8361 8362 8363 8364 8365 8366 8367 8368
8353 8354 8355 8356 8357 8358 8359 8360 8362 8363 8364 8365 8366 8367 8368 8369
8354 8355 8356 8357 8358 8359 8360 8361 8363 8364 8365 8366 8367 8368 8369 8370
8355 8356 8357 8358 8359 8360 8361 8362 8364 8365 8366 8367 8368 8369 8370 8371
8356 8357 8358 8359 8360 8361 8362 8363 8365 8366 8367 8368 8369 8370 8371 8372
8357 8358 8359 8360 8361 8362 8363 8364 8366 8367 8368 8369 8370 8371 8372 8373
8358 8359 8360 8361 8362 8363 8364 8365 8367 8368 8369 8370 8371 8372 8373 8374
8359 8360 8361 8362 8363 8364 8365 8366 8368 8369 8370 8371 8372 8373 8374 8375
8360 8361 8362 8363 8364 8365 8366 8367 8369 8370 8371 8372 8373 8374 8375 8376
8361 8362 8363 8364 8365 8366 8367 8368 8370 8371 8372 8373 8374 8375 8376 8377
8362 8363 8364 8365 8366 8367 8368 8369 8371 8372 8373 8374 8375 8376 8377 8378
8363 8364 8365 8366 8367 8368 8369 8370 8372 8373 8374 8375 8376 8377 8378 8379
8364 8365 8366 8367 8368 8369 8370 8371 8373 8374 8375 8376 8377 8378 8379 8380
8365 8366 8367 8368 8369 8370 8371 8372 8374 8375 8376 8377 8378 8379 8380 8381
8366 8367 8368 8369 8370 8371 8372 8373 8375 8376 8377 8378 8379 8380 8381 8382
8367 8368 8369 8370 8371 8372 8373 8374 8376 8377 8378 8379 8380 8381 8382 8383
8368 8369 8370 8371 8372 8373 8374 8375 8377 8378 8379 8380 8381 8382 8383 8384
8369 8370 8371 8372 8373 8374 8375 8376 8378 8379 8380 8381 8382 8383 8384 8385
8370 8371 8372 8373 8374 8375 8376 8377 8379 8380 8381 8382 8383 8384 8385 8386
8371 8372 8373 8374 8375 8376 8377 8378 8380 8381 8382 8383 8384 8385 8386 8387
8372 8373 8374 8375 8376 8377 8378 8379 8381 8382 8383 8384 8385 8386 8387 8388
8373 8374 8375 8376 8377 8378 8379 8380 8382 8383 8384 8385 8386 8387 8388 8389
8374 8375 8376 8377 8378 8379 8380 8381 8383 8384 8385 8386 8387 8388 8389 8390
8375 8376 8377 8378 8379 8380 8381 8382 8384 8385 8386 8387 8388 8389 8390 8391
8376 8377 8378 8379 8380 8381 8382 8383 8385 8386 8387 8388 8389 8390 8391 8392
8377 8378 8379 8380 8381 8382 8383 8384 8386 8387 8388 8389 8390 8391 8392 8393
8378 8379 8380 8381 8382 8383 8384 8385 8387 8388 8389 8390 8391 8392 8393 8394
8379 8380 8381 8382 8383 8384 8385 8386 8388 8389 8390 8391 8392 8393 8394 8395
8380 8381 8382 8383 8384 8385 8386 8387 8389 8390 8391 8392 8393 8394 8395 8396
8381 8382 8383 8384 8385 8386 8387 8388 8390 8391 8392 8393 8394 8395 8396 8397
8382 8383 8384 8385 8386 8387 8388 8389 8391 8392 8393 8394 8395 8396 8397 8398
8383 8384 8385 8386 8387 8388 8389 8390 8392 8393 8394 8395 8396 8397 8398 8399
8384 8385 8386 8387 8388 8389 8390 8391 8393 8394 8395 8396 8397 8398 8399 8400
8385 8386 8387 8388 8389 8390 8391 8392 8394 8395 8396 8397 8398 8399 8400 8401
8386 8387 8388 8389 8390 8391 8392 8393 8395 8396 8397 8398 8399 8400 8401 8402
8387 8388 8389 8390 8391 8392 8393 8394 8396 8397 8398 8399 8400 8401 8402 8403
8388 8389 8390 8391 8392 8393 8394 8395 8397 8398 8399 8400 8401 8402 8403 8404
8389 8390 8391 8392 8393 8394 8395 8396 8398 8399 8400 8401 8402 8403 8404 8405
8390 8391 8392 8393 8394 8395 8396 8397 8399 8400 8401 8402 8403 8404 8405 8406
8391 8392 8393 8394 8395 8396 8397 8398 8400 8401 8402 8403 8404 8405 8406 8407
8392 8393 8394 8395 8396 8397 8398 8399 8401 8402 8403 8404 8405 8406 8407 8408
8393 8394 8395 8396 8397 8398 8399 8400 8402 8403 8404 8405 8406 8407 8408 8409
8394 8395 8396 8397 8398 8399 8400 8401 8403 8404 8405 8406 8407 8408 8409 8410
8395 8396 8397 8398 8399 8400 8401 8402 8404 8405 8406 8407 8408 8409 8410 8411
8396 8397 8398 8399 8400 8401 8402 8403 8405 8406 8407 8408 8409 8410 8411 8412
8397 8398 8399 8400 8401 8402 8403 8404 8406 8407 8408 8409 8410 8411 8412 8413
8398 8399 8400 8401 8402 8403 8404 8405 8407 8408 8409 8410 8411 8412 8413 8414
8399 8400 8401 8402 8403 8404 8405 8406 8408 8409 8410 8411 8412 8413 8414 8415
8400 8401 8402 8403 8404 8405 8406 8407 8409 8410 8411 8412 8413 8414 8415 8416
8401 8402 8403 8404 8405 8406 8407 8408 8410 8411 8412 8413 8414 8415 8416 8417
8402 8403 8404 8405 8406 8407 8408 8409 8411 8412 8413 8414 8415 8416 8417 8418
8403 8404 8405 8406 8407 8408 8409 8410 8412 8413 8414 8415 8416 8417 8418 8419
8404 8405 8406 8407 8408 8409 8410 8411 8413 8414 8415 8416 8417 8418 8419 8420
8405 8406 8407 8408 8409 8410 8411 8412 8414 8415 8416 8417 8418 8419 8420 8421
8406 8407 8408 8409 8410 8411 8412 8413 8415 8416 8417 8418 8419 8420 8421 8422
8407 8408 8409 8410 8411 8412 8413 8414 8416 8417 8418 8419 8420 8421 8422 8423
8408 8409 8410 8411 8412 8413 8414 8415 8417 8418 8419 8420 8421 8422 8423 8424
8409 8410 8411 8412 8413 8414 8415 8416 8418 8419 8420 8421 8422 8423 8424 8425
8410 8411 8412 8413 8414 8415 8416 8417 8419 8420 8421 8422 8423 8424 8425 8426
8411 8412 8413 8414 8415 8416 8417 8418 8420 8421 8422 8423 8424 8425 8426 8427
8412 8413 8414 8415 8416 8417 8418 8419 8421 8422 8423 8424 8425 8426 8427 8428
8413 8414 8415 8416 8417 8418 8419 8420 8422 8423 8424 8425 8426 8427 8428 8429
8414 8415 8416 8417 8418 8419 8420 8421 8423 8424 8425 8426 8427 8428 8429 8430
8415 8416 8417 8418 8419 8420 8421 8422 8424 8425 8426 8427 8428 8429 8430 8431
8416 8417 8418 8419 8420 8421 8422 8423 8425 8426 8427 8428 8429 8430 8431 8432
8417 8418 8419 8420 8421 8422 8423 8424 8426 8427 8428 8429 8430 8431 8432 8433
8418 8419 8420 8421 8422 8423 8424 8425 8427 8428 8429 8430 8431 8432 8433 8434
8419 8420 8421 8422 8423 8424 8425 8426 8428 8429 8430 8431 8432 8433 8434 8435
8420 8421 8422 8423 8424 8425 8426 8427 8429 8430 8431 8432 8433 8434 8435 8436
8421 8422 8423 8424 8425 8426 8427 8428 8430 8431 8432 8433 8434 8435 8436 8437
8422 8423 8424 8425 8426 8427 8428 8429 8431 8432 8433 8434 8435 8436 8437 8438
8423 8424 8425 8426 8427 8428 8429 8430 8432 8433 8434 8435 8436 8437 8438 8439
8424 8425 8426 8427 8428 8429 8430 8431 8433 8434 8435 8436 8437 8438 8439 8440
8425 8426 8427 8428 8429 8430 8431 8432 8434 8435 8436 8437 8438 8439 8440 8441
8426 8427 8428 8429 8430 8431 8432 8433 8435 8436 8437 8438 8439 8440 8441 8442
8427 8428 8429 8430 8431 8432 8433 8434 8436 8437 8438 8439 8440 8441 8442 8443
8428 8429 8430 8431 8432 8433 8434 8435 8437 8438 8439 8440 8441 8442 8443 8444
8429 8430 8431 8432 8433 8434 8435 8436 8438 8439 8440 8441 8442 8443 8444 8445
8430 8431 8432 8433 8434 8435 8436 8437 8439 8440 8441 8442 8443 8444 8445 8446
8431 8432 8433 8434 8435 8436 8437 8438 8440 8441 8442 8443 8444 8445 8446 8447
8432 8433 8434 8435 8436 8437 8438 8439 8441 8442 8443 8444 8445 8446 8447 8448
8433 8434 8435 8436 8437 8438 8439 8440 8442 8443 8444 8445 8446 8447 8448 8449
8434 8435 8436 8437 8438 8439 8440 8441 8443 8444 8445 8446 8447 8448 8449 8450
8435 8436 8437 8438 8439 8440 8441 8442 8444 8445 8446 8447 8448 8449 8450 8451
8436 8437 8438 8439 8440 8441 8442 8443 8445 8446 8447 8448 8449 8450 8451 8452
8437 8438 8439 8440 8441 8442 8443 8444 8446 8447 8448 8449 8450 8451 8452 8453
8438 8439 8440 8441 8442 8443 8444 8445 8447 8448 8449 8450 8451 8452 8453 8454
8439 8440 8441 8442 8443 8444 8445 8446 8448 8449 8450 8451 8452 8453 8454 8455
8440 8441 8442 8443 8444 8445 8446 8447 8449 8450 8451 8452 8453 8454 8455 8456
8441 8442 8443 8444 8445 8446 8447 8448 8450 8451 8452 8453 8454 8455 8456 8457
8442 8443 8444 8445 8446 8447 8448 8449 8451 8452 8453 8454 8455 8456 8457 8458
8443 8444 8445 8446 8447 8448 8449 8450 8452 8453 8454 8455 8456 8457 8458 8459
8444 8445 8446 8447 8448 8449 8450 8451 8453 8454 8455 8456 8457 8458 8459 8460
8445 8446 8447 8448 8449 8450 8451 8452 8454 8455 8456 8457 8458 8459 8460 8461
8446 8447 8448 8449 8450 8451 8452 8453 8455 8456 8457 8458 8459 8460 8461 8462
8447 8448 8449 8450 8451 8452 8453 8454 8456 8457 8458 8459 8460 8461 8462 8463
8448 8449 8450 8451 8452 8453 8454 8455 8457 8458 8459 8460 8461 8462 8463 8464
8449 8450 8451 8452 8453 8454 8455 8456 8458 8459 8460 8461 8462 8463 8464 8465
8450 8451 8452 8453 8454 8455 8456 8457 8459 8460 8461 8462 8463 8464 8465 8466
8451 8452 8453 8454 8455 8456 8457 8458 8460 8461 8462 8463 8464 8465 8466 8467
8452 8453 8454 8455 8456 8457 8458 8459 8461 8462 8463 8464 8465 8466 8467 8468
8453 8454 8455 8456 8457 8458 8459 8460 8462 8463 8464 8465 8466 8467 8468 8469
8454 8455 8456 8457 8458 8459 8460 8461 8463 8464 8465 8466 8467 8468 8469 8470
8455 8456 8457 8458 8459 8460 8461 8462 8464 8465 8466 8467 8468 8469 8470 8471
8456 8457 8458 8459 8460 8461 8462 8463 8465 8466 8467 8468 8469 8470 8471 8472
8457 8458 8459 8460 8461 8462 8463 8464 8466 8467 8468 8469 8470 8471 8472 8473
8458 8459 8460 8461 8462 8463 8464 8465 8467 8468 8469 8470 8471 8472 8473 8474
8459 8460 8461 8462 8463 8464 8465 8466 8468 8469 8470 8471 8472 8473 8474 8475
8460 8461 8462 8463 8464 8465 8466 8467 8469 8470 8471 8472 8473 8474 8475 8476
8461 8462 8463 8464 8465 8466 8467 8468 8470 8471 8472 8473 8474 8475 8476 8477
8462 8463 8464 8465 8466 8467 8468 8469 8471 8472 8473 8474 8475 8476 8477 8478
8463 8464 8465 8466 8467 8468 8469 8470 8472 8473 8474 8475 8476 8477 8478 8479
8464 8465 8466 8467 8468 8469 8470 8471 8473 8474 8475 8476 8477 8478 8479 8480
8465 8466 8467 8468 8469 8470 8471 8472 8474 8475 8476 8477 8478 8479 8480 8481
8466 8467 8468 8469 8470 8471 8472 8473 8475 8476 8477 8478 8479 8480 8481 8482
8467 8468 8469 8470 8471 8472 8473 8474 8476 8477 8478 8479 8480 8481 8482 8483
8468 8469 8470 8471 8472 8473 8474 8475 8477 8478 8479 8480 8481 8482 8483 8484
8469 8470 8471 8472 8473 8474 8475 8476 8478 8479 8480 8481 8482 8483 8484 8485
8470 8471 8472 8473 8474 8475 8476 8477 8479 8480 8481 8482 8483 8484 8485 8486
8471 8472 8473 8474 8475 8476 8477 8478 8480 8481 8482 8483 8484 8485 8486 8487
8472 8473 8474 8475 8476 8477 8478 8479 8481 8482 8483 8484 8485 8486 8487 8488
8473 8474 8475 8476 8477 8478 8479 8480 8482 8483 8484 8485 8486 8487 8488 8489
8474 8475 8476 8477 8478 8479 8480 8481 8483 8484 8485 8486 8487 8488 8489 8490
8475 8476 8477 8478 8479 8480 8481 8482 8484 8485 8486 8487 8488 8489 8490 8491
8476 8477 8478 8479 8480 8481 8482 8483 8485 8486 8487 8488 8489 8490 8491 8492
8477 8478 8479 8480 8481 8482 8483 8484 8486 8487 8488 8489 8490 8491 8492 8493
8478 8479 8480 8481 8482 8483 8484 8485 8487 8488 8489 8490 8491 8492 8493 8494
8479 8480 8481 8482 8483 8484 8485 8486 8488 8489 8490 8491 8492 8493 8494 8495
8480 8481 8482 8483 8484 8485 8486 8487 8489 8490 8491 8492 8493 8494 8495 8496
8481 8482 8483 8484 8485 8486 8487 8488 8490 8491 8492 8493 8494 8495 8496 8497
8482 8483 8484 8485 8486 8487 8488 8489 8491 8492 8493 8494 8495 8496 8497 8498
8483 8484 8485 8486 8487 8488 8489 8490 8492 8493 8494 8495 8496 8497 8498 8499
8484 8485 8486 8487 8488 8489 8490 8491 8493 8494 8495 8496 8497 8498 8499 8500
8485 8486 8487 8488 8489 8490 8491 8492 8494 8495 8496 8497 8498 8499 8500 8501
8486 8487 8488 8489 8490 8491 8492 8493 8495 8496 8497 8498 8499 8500 8501 8502
8487 8488 8489 8490 8491 8492 8493 8494 8496 8497 8498 8499 8500 8501 8502 8503
8488 8489 8490 8491 8492 8493 8494 8495 8497 8498 8499 8500 8501 8502 8503 8504
8489 8490 8491 8492 8493 8494 8495 8496 8498 8499 8500 8501 8502 8503 8504 8505
8490 8491 8492 8493 8494 8495 8496 8497 8499 8500 8501 8502 8503 8504 8505 8506
8491 8492 8493 8494 8495 8496 8497 8498 8500 8501 8502 8503 8504 8505 8506 8507
8492 8493 8494 8495 8496 8497 8498 8499 8501 8502 8503 8504 8505 8506 8507 8508
8493 8494 8495 8496 8497 8498 8499 8500 8502 8503 8504 8505 8506 8507 8508 8509
8494 8495 8496 8497 8498 8499 8500 8501 8503 8504 8505 8506 8507 8508 8509 8510
8495 8496 8497 8498 8499 8500 8501 8502 8504 8505 8506 8507 8508 8509 8510 8511
8496 8497 8498 8499 8500 8501 8502 8503 8505 8506 8507 8508 8509 8510 8511 8512
8497 8498 8499 8500 8501 8502 8503 8504 8506 8507 8508 8509 8510 8511 8512 8513
8498 8499 8500 8501 8502 8503 8504 8505 8507 8508 8509 8510 8511 8512 8513 8514
8499 8500 8501 8502 8503 8504 8505 8506 8508 8509 8510 8511 8512 8513 8514 8515
8500 8501 8502 8503 8504 8505 8506 8507 8509 8510 8511 8512 8513 8514 8515 8516
8501 8502 8503 8504 8505 8506 8507 8508 8510 8511 8512 8513 8514 8515 8516 8517
8502 8503 8504 8505 8506 8507 8508 8509 8511 8512 8513 8514 8515 8516 8517 8518
8503 8504 8505 8506 8507 8508 8509 8510 8512 8513 8514 8515 8516 8517 8518 8519
8504 8505 8506 8507 8508 8509 8510 8511 8513 8514 8515 8516 8517 8518 8519 8520
8505 8506 8507 8508 8509 8510 8511 8512 8514 8515 8516 8517 8518 8519 8520 8521
8506 8507 8508 8509 8510 8511 8512 8513 8515 8516 8517 8518 8519 8520 8521 8522
8507 8508 8509 8510 8511 8512 8513 8514 8516 8517 8518 8519 8520 8521 8522 8523
8508 8509 8510 8511 8512 8513 8514 8515 8517 8518 8519 8520 8521 8522 8523 8524
8509 8510 8511 8512 8513 8514 8515 8516 8518 8519 8520 8521 8522 8523 8524 8525
8510 8511 8512 8513 8514 8515 8516 8517 8519 8520 8521 8522 8523 8524 8525 8526
8511 8512 8513 8514 8515 8516 8517 8518 8520 8521 8522 8523 8524 8525 8526 8527
8512 8513 8514 8515 8516 8517 8518 8519 8521 8522 8523 8524 8525 8526 8527 8528
8513 8514 8515 8516 8517 8518 8519 8520 8522 8523 8524 8525 8526 8527 8528 8529
8514 8515 8516 8517 8518 8519 8520 8521 8523 8524 8525 8526 8527 8528 8529 8530
8515 8516 8517 8518 8519 8520 8521 8522 8524 8525 8526 8527 8528 8529 8530 8531
8516 8517 8518 8519 8520 8521 8522 8523 8525 8526 8527 8528 8529 8530 8531 8532
8517 8518 8519 8520 8521 8522 8523 8524 8526 8527 8528 8529 8530 8531 8532 8533
8518 8519 8520 8521 8522 8523 8524 8525 8527 8528 8529 8530 8531 8532 8533 8534
8519 8520 8521 8522 8523 8524 8525 8526 8528 8529 8530 8531 8532 8533 8534 8535
8520 8521 8522 8523 8524 8525 8526 8527 8529 8530 8531 8532 8533 8534 8535 8536
8521 8522 8523 8524 8525 8526 8527 8528 8530 8531 8532 8533 8534 8535 8536 8537
8522 8523 8524 8525 8526 8527 8528 8529 8531 8532 8533 8534 8535 8536 8537 8538
8523 8524 8525 8526 8527 8528 8529 8530 8532 8533 8534 8535 8536 8537 8538 8539
8524 8525 8526 8527 8528 8529 8530 8531 8533 8534 8535 8536 8537 8538 8539 8540
8525 8526 8527 8528 8529 8530 8531 8532 8534 8535 8536 8537 8538 8539 8540 8541
8526 8527 8528 8529 8530 8531 8532 8533 8535 8536 8537 8538 8539 8540 8541 8542
8527 8528 8529 8530 8531 8532 8533 8534 8536 8537 8538 8539 8540 8541 8542 8543
8528 8529 8530 8531 8532 8533 8534 8535 8537 8538 8539 8540 8541 8542 8543 8544
8529 8530 8531 8532 8533 8534 8535 8536 8538 8539 8540 8541 8542 8543 8544 8545
8530 8531 8532 8533 8534 8535 8536 8537 8539 8540 8541 8542 8543 8544 8545 8546
8531 8532 8533 8534 8535 8536 8537 8538 8540 8541 8542 8543 8544 8545 8546 8547
8532 8533 8534 8535 8536 8537 8538 8539 8541 8542 8543 8544 8545 8546 8547 8548
8533 8534 8535 8536 8537 8538 8539 8540 8542 8543 8544 8545 8546 8547 8548 8549
8534 8535 8536 8537 8538 8539 8540 8541 8543 8544 8545 8546 8547 8548 8549 8550
8535 8536 8537 8538 8539 8540 8541 8542 8544 8545 8546 8547 8548 8549 8550 8551
8536 8537 8538 8539 8540 8541 8542 8543 8545 8546 8547 8548 8549 8550 8551 8552
8537 8538 8539 8540 8541 8542 8543 8544 8546 8547 8548 8549 8550 8551 8552 8553
8538 8539 8540 8541 8542 8543 8544 8545 8547 8548 8549 8550 8551 8552 8553 8554
8539 8540 8541 8542 8543 8544 8545 8546 8548 8549 8550 8551 8552 8553 8554 8555
8540 8541 8542 8543 8544 8545 8546 8547 8549 8550 8551 8552 8553 8554 8555 8556
8541 8542 8543 8544 8545 8546 8547 8548 8550 8551 8552 8553 8554 8555 8556 8557
8542 8543 8544 8545 8546 8547 8548 8549 8551 8552 8553 8554 8555 8556 8557 8558
8543 8544 8545 8546 8547 8548 8549 8550 8552 8553 8554 8555 8556 8557 8558 8559
8544 8545 8546 8547 8548 8549 8550 8551 8553 8554 8555 8556 8557 8558 8559 8560
8545 8546 8547 8548 8549 8550 8551 8552 8554 8555 8556 8557 8558 8559 8560 8561
8546 8547 8548 8549 8550 8551 8552 8553 8555 8556 8557 8558 8559 8560 8561 8562
8547 8548 8549 8550 8551 8552 8553 8554 8556 8557 8558 8559 8560 8561 8562 8563
8548 8549 8550 8551 8552 8553 8554 8555 8557 8558 8559 8560 8561 8562 8563 8564
8549 8550 8551 8552 8553 8554 8555 8556 8558 8559 8560 8561 8562 8563 8564 8565
8550 8551 8552 8553 8554 8555 8556 8557 8559 8560 8561 8562 8563 8564 8565 8566
8551 8552 8553 8554 8555 8556 8557 8558 8560 8561 8562 8563 8564 8565 8566 8567
8552 8553 8554 8555 8556 8557 8558 8559 8561 8562 8563 8564 8565 8566 8567 8568
8553 8554 8555 8556 8557 8558 8559 8560 8562 8563 8564 8565 8566 8567 8568 8569
8554 8555 8556 8557 8558 8559 8560 8561 8563 8564 8565 8566 8567 8568 8569 8570
8555 8556 8557 8558 8559 8560 8561 8562 8564 8565 8566 8567 8568 8569 8570 8571
8556 8557 8558 8559 8560 8561 8562 8563 8565 8566 8567 8568 8569 8570 8571 8572
8557 8558 8559 8560 8561 8562 8563 8564 8566 8567 8568 8569 8570 8571 8572 8573
8558 8559 8560 8561 8562 8563 8564 8565 8567 8568 8569 8570 8571 8572 8573 8574
8559 8560 8561 8562 8563 8564 8565 8566 8568 8569 8570 8571 8572 8573 8574 8575
8560 8561 8562 8563 8564 8565 8566 8567 8569 8570 8571 8572 8573 8574 8575 8576
8561 8562 8563 8564 8565 8566 8567 8568 8570 8571 8572 8573 8574 8575 8576 8577
8562 8563 8564 8565 8566 8567 8568 8569 8571 8572 8573 8574 8575 8576 8577 8578
8563 8564 8565 8566 8567 8568 8569 8570 8572 8573 8574 8575 8576 8577 8578 8579
8564 8565 8566 8567 8568 8569 8570 8571 8573 8574 8575 8576 8577 8578 8579 8580
8565 8566 8567 8568 8569 8570 8571 8572 8574 8575 8576 8577 8578 8579 8580 8581
8566 8567 8568 8569 8570 8571 8572 8573 8575 8576 8577 8578 8579 8580 8581 8582
8567 8568 8569 8570 8571 8572 8573 8574 8576 8577 8578 8579 8580 8581 8582 8583
8568 8569 8570 8571 8572 8573 8574 8575 8577 8578 8579 8580 8581 8582 8583 8584
8569 8570 8571 8572 8573 8574 8575 8576 8578 8579 8580 8581 8582 8583 8584 8585
8570 8571 8572 8573 8574 8575 8576 8577 8579 8580 8581 8582 8583 8584 8585 8586
8571 8572 8573 8574 8575 8576 8577 8578 8580 8581 8582 8583 8584 8585 8586 8587
8572 8573 8574 8575 8576 8577 8578 8579 8581 8582 8583 8584 8585 8586 8587 8588
8573 8574 8575 8576 8577 8578 8579 8580 8582 8583 8584 8585 8586 8587 8588 8589
8574 8575 8576 8577 8578 8579 8580 8581 8583 8584 8585 8586 8587 8588 8589 8590
8575 8576 8577 8578 8579 8580 8581 8582 8584 8585 8586 8587 8588 8589 8590 8591
8576 8577 8578 8579 8580 8581 8582 8583 8585 8586 8587 8588 8589 8590 8591 8592
8577 8578 8579 8580 8581 8582 8583 8584 8586 8587 8588 8589 8590 8591 8592 8593
8578 8579 8580 8581 8582 8583 8584 8585 8587 8588 8589 8590 8591 8592 8593 8594
8579 8580 8581 8582 8583 8584 8585 8586 8588 8589 8590 8591 8592 8593 8594 8595
8580 8581 8582 8583 8584 8585 8586 8587 8589 8590 8591 8592 8593 8594 8595 8596
8581 8582 8583 8584 8585 8586 8587 8588 8590 8591 8592 8593 8594 8595 8596 8597
8582 8583 8584 8585 8586 8587 8588 8589 8591 8592 8593 8594 8595 8596 8597 8598
8583 8584 8585 8586 8587 8588 8589 8590 8592 8593 8594 8595 8596 8597 8598 8599
8584 8585 8586 8587 8588 8589 8590 8591 8593 8594 8595 8596 8597 8598 8599 8600
8585 8586 8587 8588 8589 8590 8591 8592 8594 8595 8596 8597 8598 8599 8600 8601
8586 8587 8588 8589 8590 8591 8592 8593 8595 8596 8597 8598 8599 8600 8601 8602
8587 8588 8589 8590 8591 8592 8593 8594 8596 8597 8598 8599 8600 8601 8602 8603
8588 8589 8590 8591 8592 8593 8594 8595 8597 8598 8599 8600 8601 8602 8603 8604
8589 8590 8591 8592 8593 8594 8595 8596 8598 8599 8600 8601 8602 8603 8604 8605
8590 8591 8592 8593 8594 8595 8596 8597 8599 8600 8601 8602 8603 8604 8605 8606
8591 8592 8593 8594 8595 8596 8597 8598 8600 8601 8602 8603 8604 8605 8606 8607
8592 8593 8594 8595 8596 8597 8598 8599 8601 8602 8603 8604 8605 8606 8607 8608
8593 8594 8595 8596 8597 8598 8599 8600 8602 8603 8604 8605 8606 8607 8608 8609
8594 8595 8596 8597 8598 8599 8600 8601 8603 8604 8605 8606 8607 8608 8609 8610
8595 8596 8597 8598 8599 8600 8601 8602 8604 8605 8606 8607 8608 8609 8610 8611
8596 8597 8598 8599 8600 8601 8602 8603 8605 8606 8607 8608 8609 8610 8611 8612
8597 8598 8599 8600 8601 8602 8603 8604 8606 8607 8608 8609 8610 8611 8612 8613
8598 8599 8600 8601 8602 8603 8604 8605 8607 8608 8609 8610 8611 8612 8613 8614
8599 8600 8601 8602 8603 8604 8605 8606 8608 8609 8610 8611 8612 8613 8614 8615
8600 8601 8602 8603 8604 8605 8606 8607 8609 8610 8611 8612 8613 8614 8615 8616
8601 8602 8603 8604 8605 8606 8607 8608 8610 8611 8612 8613 8614 8615 8616 8617
8602 8603 8604 8605 8606 8607 8608 8609 8611 8612 8613 8614 8615 8616 8617 8618
8603 8604 8605 8606 8607 8608 8609 8610 8612 8613 8614 8615 8616 8617 8618 8619
8604 8605 8606 8607 8608 8609 8610 8611 8613 8614 8615 8616 8617 8618 8619 8620
8605 8606 8607 8608 8609 8610 8611 8612 8614 8615 8616 8617 8618 8619 8620 8621
8606 8607 8608 8609 8610 8611 8612 8613 8615 8616 8617 8618 8619 8620 8621 8622
8607 8608 8609 8610 8611 8612 8613 8614 8616 8617 8618 8619 8620 8621 8622 8623
8608 8609 8610 8611 8612 8613 8614 8615 8617 8618 8619 8620 8621 8622 8623 8624
8609 8610 8611 8612 8613 8614 8615 8616 8618 8619 8620 8621 8622 8623 8624 8625
8610 8611 8612 8613 8614 8615 8616 8617 8619 8620 8621 8622 8623 8624 8625 8626
8611 8612 8613 8614 8615 8616 8617 8618 8620 8621 8622 8623 8624 8625 8626 8627
8612 8613 8614 8615 8616 8617 8618 8619 8621 8622 8623 8624 8625 8626 8627 8628
8613 8614 8615 8616 8617 8618 8619 8620 8622 8623 8624 8625 8626 8627 8628 8629
8614 8615 8616 8617 8618 8619 8620 8621 8623 8624 8625 8626 8627 8628 8629 8630
8615 8616 8617 8618 8619 8620 8621 8622 8624 8625 8626 8627 8628 8629 8630 8631
8616 8617 8618 8619 8620 8621 8622 8623 8625 8626 8627 8628 8629 8630 8631 8632
8617 8618 8619 8620 8621 8622 8623 8624 8626 8627 8628 8629 8630 8631 8632 8633
8618 8619 8620 8621 8622 8623 8624 8625 8627 8628 8629 8630 8631 8632 8633 8634
8619 8620 8621 8622 8623 8624 8625 8626 8628 8629 8630 8631 8632 8633 8634 8635
8620 8621 8622 8623 8624 8625 8626 8627 8629 8630 8631 8632 8633 8634 8635 8636
8621 8622 8623 8624 8625 8626 8627 8628 8630 8631 8632 8633 8634 8635 8636 8637
8622 8623 8624 8625 8626 8627 8628 8629 8631 8632 8633 8634 8635 8636 8637 8638
8623 8624 8625 8626 8627 8628 8629 8630 8632 8633 8634 8635 8636 8637 8638 8639
8624 8625 8626 8627 8628 8629 8630 8631 8633 8634 8635 8636 8637 8638 8639 8640
8625 8626 8627 8628 8629 8630 8631 8632 8634 8635 8636 8637 8638 8639 8640 8641
8626 8627 8628 8629 8630 8631 8632 8633 8635 8636 8637 8638 8639 8640 8641 8642
8627 8628 8629 8630 8631 8632 8633 8634 8636 8637 8638 8639 8640 8641 8642 8643
8628 8629 8630 8631 8632 8633 8634 8635 8637 8638 8639 8640 8641 8642 8643 8644
8629 8630 8631 8632 8633 8634 8635 8636 8638 8639 8640 8641 8642 8643 8644 8645
8630 8631 8632 8633 8634 8635 8636 8637 8639 8640 8641 8642 8643 8644 8645 8646
8631 8632 8633 8634 8635 8636 8637 8638 8640 8641 8642 8643 8644 8645 8646 8647
8632 8633 8634 8635 8636 8637 8638 8639 8641 8642 8643 8644 8645 8646 8647 8648
8633 8634 8635 8636 8637 8638 8639 8640 8642 8643 8644 8645 8646 8647 8648 8649
8634 8635 8636 8637 8638 8639 8640 8641 8643 8644 8645 8646 8647 8648 8649 8650
8635 8636 8637 8638 8639 8640 8641 8642 8644 8645 8646 8647 8648 8649 8650 8651
8636 8637 8638 8639 8640 8641 8642 8643 8645 8646 8647 8648 8649 8650 8651 8652
8637 8638 8639 8640 8641 8642 8643 8644 8646 8647 8648 8649 8650 8651 8652 8653
8638 8639 8640 8641 8642 8643 8644 8645 8647 8648 8649 8650 8651 8652 8653 8654
8639 8640 8641 8642 8643 8644 8645 8646 8648 8649 8650 8651 8652 8653 8654 8655
8640 8641 8642 8643 8644 8645 8646 8647 8649 8650 8651 8652 8653 8654 8655 8656
8641 8642 8643 8644 8645 8646 8647 8648 8650 8651 8652 8653 8654 8655 8656 8657
8642 8643 8644 8645 8646 8647 8648 8649 8651 8652 8653 8654 8655 8656 8657 8658
8643 8644 8645 8646 8647 8648 8649 8650 8652 8653 8654 8655 8656 8657 8658 8659
8644 8645 8646 8647 8648 8649 8650 8651 8653 8654 8655 8656 8657 8658 8659 8660
8645 8646 8647 8648 8649 8650 8651 8652 8654 8655 8656 8657 8658 8659 8660 8661
8646 8647 8648 8649 8650 8651 8652 8653 8655 8656 8657 8658 8659 8660 8661 8662
8647 8648 8649 8650 8651 8652 8653 8654 8656 8657 8658 8659 8660 8661 8662 8663
8648 8649 8650 8651 8652 8653 8654 8655 8657 8658 8659 8660 8661 8662 8663 8664
8649 8650 8651 8652 8653 8654 8655 8656 8658 8659 8660 8661 8662 8663 8664 8665
8650 8651 8652 8653 8654 8655 8656 8657 8659 8660 8661 8662 8663 8664 8665 8666
8651 8652 8653 8654 8655 8656 8657 8658 8660 8661 8662 8663 8664 8665 8666 8667
8652 8653 8654 8655 8656 8657 8658 8659 8661 8662 8663 8664 8665 8666 8667 8668
8653 8654 8655 8656 8657 8658 8659 8660 8662 8663 8664 8665 8666 8667 8668 8669
8654 8655 8656 8657 8658 8659 8660 8661 8663 8664 8665 8666 8667 8668 8669 8670
8655 8656 8657 8658 8659 8660 8661 8662 8664 8665 8666 8667 8668 8669 8670 8671
8656 8657 8658 8659 8660 8661 8662 8663 8665 8666 8667 8668 8669 8670 8671 8672
8657 8658 8659 8660 8661 8662 8663 8664 8666 8667 8668 8669 8670 8671 8672 8673
8658 8659 8660 8661 8662 8663 8664 8665 8667 8668 8669 8670 8671 8672 8673 8674
8659 8660 8661 8662 8663 8664 8665 8666 8668 8669 8670 8671 8672 8673 8674 8675
8660 8661 8662 8663 8664 8665 8666 8667 8669 8670 8671 8672 8673 8674 8675 8676
8661 8662 8663 8664 8665 8666 8667 8668 8670 8671 8672 8673 8674 8675 8676 8677
8662 8663 8664 8665 8666 8667 8668 8669 8671 8672 8673 8674 8675 8676 8677 8678
8663 8664 8665 8666 8667 8668 8669 8670 8672 8673 8674 8675 8676 8677 8678 8679
8664 8665 8666 8667 8668 8669 8670 8671 8673 8674 8675 8676 8677 8678 8679 8680
8665 8666 8667 8668 8669 8670 8671 8672 8674 8675 8676 8677 8678 8679 8680 8681
8666 8667 8668 8669 8670 8671 8672 8673 8675 8676 8677 8678 8679 8680 8681 8682
8667 8668 8669 8670 8671 8672 8673 8674 8676 8677 8678 8679 8680 8681 8682 8683
8668 8669 8670 8671 8672 8673 8674 8675 8677 8678 8679 8680 8681 8682 8683 8684
8669 8670 8671 8672 8673 8674 8675 8676 8678 8679 8680 8681 8682 8683 8684 8685
8670 8671 8672 8673 8674 8675 8676 8677 8679 8680 8681 8682 8683 8684 8685 8686
8671 8672 8673 8674 8675 8676 8677 8678 8680 8681 8682 8683 8684 8685 8686 8687
8672 8673 8674 8675 8676 8677 8678 8679 8681 8682 8683 8684 8685 8686 8687 8688
8673 8674 8675 8676 8677 8678 8679 8680 8682 8683 8684 8685 8686 8687 8688 8689
8674 8675 8676 8677 8678 8679 8680 8681 8683 8684 8685 8686 8687 8688 8689 8690
8675 8676 8677 8678 8679 8680 8681 8682 8684 8685 8686 8687 8688 8689 8690 8691
8676 8677 8678 8679 8680 8681 8682 8683 8685 8686 8687 8688 8689 8690 8691 8692
8677 8678 8679 8680 8681 8682 8683 8684 8686 8687 8688 8689 8690 8691 8692 8693
8678 8679 8680 8681 8682 8683 8684 8685 8687 8688 8689 8690 8691 8692 8693 8694
8679 8680 8681 8682 8683 8684 8685 8686 8688 8689 8690 8691 8692 8693 8694 8695
8680 8681 8682 8683 8684 8685 8686 8687 8689 8690 8691 8692 8693 8694 8695 8696
8681 8682 8683 8684 8685 8686 8687 8688 8690 8691 8692 8693 8694 8695 8696 8697
8682 8683 8684 8685 8686 8687 8688 8689 8691 8692 8693 8694 8695 8696 8697 8698
8683 8684 8685 8686 8687 8688 8689 8690 8692 8693 8694 8695 8696 8697 8698 8699
8684 8685 8686 8687 8688 8689 8690 8691 8693 8694 8695 8696 8697 8698 8699 8700
8685 8686 8687 8688 8689 8690 8691 8692 8694 8695 8696 8697 8698 8699 8700 8701
8686 8687 8688 8689 8690 8691 8692 8693 8695 8696 8697 8698 8699 8700 8701 8702
8687 8688 8689 8690 8691 8692 8693 8694 8696 8697 8698 8699 8700 8701 8702 8703
8688 8689 8690 8691 8692 8693 8694 8695 8697 8698 8699 8700 8701 8702 8703 8704
8689 8690 8691 8692 8693 8694 8695 8696 8698 8699 8700 8701 8702 8703 8704 8705
8690 8691 8692 8693 8694 8695 8696 8697 8699 8700 8701 8702 8703 8704 8705 8706
8691 8692 8693 8694 8695 8696 8697 8698 8700 8701 8702 8703 8704 8705 8706 8707
8692 8693 8694 8695 8696 8697 8698 8699 8701 8702 8703 8704 8705 8706 8707 8708
8693 8694 8695 8696 8697 8698 8699 8700 8702 8703 8704 8705 8706 8707 8708 8709
8694 8695 8696 8697 8698 8699 8700 8701 8703 8704 8705 8706 8707 8708 8709 8710
8695 8696 8697 8698 8699 8700 8701 8702 8704 8705 8706 8707 8708 8709 8710 8711
8696 8697 8698 8699 8700 8701 8702 8703 8705 8706 8707 8708 8709 8710 8711 8712
8697 8698 8699 8700 8701 8702 8703 8704 8706 8707 8708 8709 8710 8711 8712 8713
8698 8699 8700 8701 8702 8703 8704 8705 8707 8708 8709 8710 8711 8712 8713 8714
8699 8700 8701 8702 8703 8704 8705 8706 8708 8709 8710 8711 8712 8713 8714 8715
8700 8701 8702 8703 8704 8705 8706 8707 8709 8710 8711 8712 8713 8714 8715 8716
8701 8702 8703 8704 8705 8706 8707 8708 8710 8711 8712 8713 8714 8715 8716 8717
8702 8703 8704 8705 8706 8707 8708 8709 8711 8712 8713 8714 8715 8716 8717 8718
8703 8704 8705 8706 8707 8708 8709 8710 8712 8713 8714 8715 8716 8717 8718 8719
8704 8705 8706 8707 8708 8709 8710 8711 8713 8714 8715 8716 8717 8718 8719 8720
8705 8706 8707 8708 8709 8710 8711 8712 8714 8715 8716 8717 8718 8719 8720 8721
8706 8707 8708 8709 8710 8711 8712 8713 8715 8716 8717 8718 8719 8720 8721 8722
8707 8708 8709 8710 8711 8712 8713 8714 8716 8717 8718 8719 8720 8721 8722 8723
8708 8709 8710 8711 8712 8713 8714 8715 8717 8718 8719 8720 8721 8722 8723 8724
8709 8710 8711 8712 8713 8714 8715 8716 8718 8719 8720 8721 8722 8723 8724 8725
8710 8711 8712 8713 8714 8715 8716 8717 8719 8720 8721 8722 8723 8724 8725 8726
8711 8712 8713 8714 8715 8716 8717 8718 8720 8721 8722 8723 8724 8725 8726 8727
8712 8713 8714 8715 8716 8717 8718 8719 8721 8722 8723 8724 8725 8726 8727 8728
8713 8714 8715 8716 8717 8718 8719 8720 8722 8723 8724 8725 8726 8727 8728 8729
8714 8715 8716 8717 8718 8719 8720 8721 8723 8724 8725 8726 8727 8728 8729 8730
8715 8716 8717 8718 8719 8720 8721 8722 8724 8725 8726 8727 8728 8729 8730 8731
8716 8717 8718 8719 8720 8721 8722 8723 8725 8726 8727 8728 8729 8730 8731 8732
8717 8718 8719 8720 8721 8722 8723 8724 8726 8727 8728 8729 8730 8731 8732 8733
8718 8719 8720 8721 8722 8723 8724 8725 8727 8728 8729 8730 8731 8732 8733 8734
8719 8720 8721 8722 8723 8724 8725 8726 8728 8729 8730 8731 8732 8733 8734 8735
8720 8721 8722 8723 8724 8725 8726 8727 8729 8730 8731 8732 8733 8734 8735 8736
8721 8722 8723 8724 8725 8726 8727 8728 8730 8731 8732 8733 8734 8735 8736 8737
8722 8723 8724 8725 8726 8727 8728 8729 8731 8732 8733 8734 8735 8736 8737 8738
8723 8724 8725 8726 8727 8728 8729 8730 8732 8733 8734 8735 8736 8737 8738 8739
8724 8725 8726 8727 8728 8729 8730 8731 8733 8734 8735 8736 8737 8738 8739 8740
8725 8726 8727 8728 8729 8730 8731 8732 8734 8735 8736 8737 8738 8739 8740 8741
8726 8727 8728 8729 8730 8731 8732 8733 8735 8736 8737 8738 8739 8740 8741 8742
8727 8728 8729 8730 8731 8732 8733 8734 8736 8737 8738 8739 8740 8741 8742 8743
8728 8729 8730 8731 8732 8733 8734 8735 8737 8738 8739 8740 8741 8742 8743 8744
8729 8730 8731 8732 8733 8734 8735 8736 8738 8739 8740 8741 8742 8743 8744 8745
8730 8731 8732 8733 8734 8735 8736 8737 8739 8740 8741 8742 8743 8744 8745 8746
8731 8732 8733 8734 8735 8736 8737 8738 8740 8741 8742 8743 8744 8745 8746 8747
8732 8733 8734 8735 8736 8737 8738 8739 8741 8742 8743 8744 8745 8746 8747 8748
8733 8734 8735 8736 8737 8738 8739 8740 8742 8743 8744 8745 8746 8747 8748 8749
8734 8735 8736 8737 8738 8739 8740 8741 8743 8744 8745 8746 8747 8748 8749 8750
8735 8736 8737 8738 8739 8740 8741 8742 8744 8745 8746 8747 8748 8749 8750 8751
8736 8737 8738 8739 8740 8741 8742 8743 8745 8746 8747 8748 8749 8750 8751 8752
8737 8738 8739 8740 8741 8742 8743 8744 8746 8747 8748 8749 8750 8751 8752 8753
8738 8739 8740 8741 8742 8743 8744 8745 8747 8748 8749 8750 8751 8752 8753 8754
8739 8740 8741 8742 8743 8744 8745 8746 8748 8749 8750 8751 8752 8753 8754 8755
8740 8741 8742 8743 8744 8745 8746 8747 8749 8750 8751 8752 8753 8754 8755 8756
8741 8742 8743 8744 8745 8746 8747 8748 8750 8751 8752 8753 8754 8755 8756 8757
8742 8743 8744 8745 8746 8747 8748 8749 8751 8752 8753 8754 8755 8756 8757 8758
8743 8744 8745 8746 8747 8748 8749 8750 8752 8753 8754 8755 8756 8757 8758 8759
8744 8745 8746 8747 8748 8749 8750 8751 8753 8754 8755 8756 8757 8758 8759 8760
8745 8746 8747 8748 8749 8750 8751 8752 8754 8755 8756 8757 8758 8759 8760 8761
8746 8747 8748 8749 8750 8751 8752 8753 8755 8756 8757 8758 8759 8760 8761 8762
8747 8748 8749 8750 8751 8752 8753 8754 8756 8757 8758 8759 8760 8761 8762 8763
8748 8749 8750 8751 8752 8753 8754 8755 8757 8758 8759 8760 8761 8762 8763 8764
8749 8750 8751 8752 8753 8754 8755 8756 8758 8759 8760 8761 8762 8763 8764 8765
8750 8751 8752 8753 8754 8755 8756 8757 8759 8760 8761 8762 8763 8764 8765 8766
8751 8752 8753 8754 8755 8756 8757 8758 8760 8761 8762 8763 8764 8765 8766 8767
8752 8753 8754 8755 8756 8757 8758 8759 8761 8762 8763 8764 8765 8766 8767 8768
8753 8754 8755 8756 8757 8758 8759 8760 8762 8763 8764 8765 8766 8767 8768 8769
8754 8755 8756 8757 8758 8759 8760 8761 8763 8764 8765 8766 8767 8768 8769 8770
8755 8756 8757 8758 8759 8760 8761 8762 8764 8765 8766 8767 8768 8769 8770 8771
8756 8757 8758 8759 8760 8761 8762 8763 8765 8766 8767 8768 8769 8770 8771 8772
8757 8758 8759 8760 8761 8762 8763 8764 8766 8767 8768 8769 8770 8771 8772 8773
8758 8759 8760 8761 8762 8763 8764 8765 8767 8768 8769 8770 8771 8772 8773 8774
8759 8760 8761 8762 8763 8764 8765 8766 8768 8769 8770 8771 8772 8773 8774 8775
8760 8761 8762 8763 8764 8765 8766 8767 8769 8770 8771 8772 8773 8774 8775 8776
8761 8762 8763 8764 8765 8766 8767 8768 8770 8771 8772 8773 8774 8775 8776 8777
8762 8763 8764 8765 8766 8767 8768 8769 8771 8772 8773 8774 8775 8776 8777 8778
8763 8764 8765 8766 8767 8768 8769 8770 8772 8773 8774 8775 8776 8777 8778 8779
8764 8765 8766 8767 8768 8769 8770 8771 8773 8774 8775 8776 8777 8778 8779 8780
8765 8766 8767 8768 8769 8770 8771 8772 8774 8775 8776 8777 8778 8779 8780 8781
8766 8767 8768 8769 8770 8771 8772 8773 8775 8776 8777 8778 8779 8780 8781 8782
8767 8768 8769 8770 8771 8772 8773 8774 8776 8777 8778 8779 8780 8781 8782 8783
8768 8769 8770 8771 8772 8773 8774 8775 8777 8778 8779 8780 8781 8782 8783 8784
8769 8770 8771 8772 8773 8774 8775 8776 8778 8779 8780 8781 8782 8783 8784 8785
8770 8771 8772 8773 8774 8775 8776 8777 8779 8780 8781 8782 8783 8784 8785 8786
8771 8772 8773 8774 8775 8776 8777 8778 8780 8781 8782 8783 8784 8785 8786 8787
8772 8773 8774 8775 8776 8777 8778 8779 8781 8782 8783 8784 8785 8786 8787 8788
8773 8774 8775 8776 8777 8778 8779 8780 8782 8783 8784 8785 8786 8787 8788 8789
8774 8775 8776 8777 8778 8779 8780 8781 8783 8784 8785 8786 8787 8788 8789 8790
8775 8776 8777 8778 8779 8780 8781 8782 8784 8785 8786 8787 8788 8789 8790 8791
8776 8777 8778 8779 8780 8781 8782 8783 8785 8786 8787 8788 8789 8790 8791 8792
8777 8778 8779 8780 8781 8782 8783 8784 8786 8787 8788 8789 8790 8791 8792 8793
8778 8779 8780 8781 8782 8783 8784 8785 8787 8788 8789 8790 8791 8792 8793 8794
8779 8780 8781 8782 8783 8784 8785 8786 8788 8789 8790 8791 8792 8793 8794 8795
8780 8781 8782 8783 8784 8785 8786 8787 8789 8790 8791 8792 8793 8794 8795 8796
8781 8782 8783 8784 8785 8786 8787 8788 8790 8791 8792 8793 8794 8795 8796 8797
8782 8783 8784 8785 8786 8787 8788 8789 8791 8792 8793 8794 8795 8796 8797 8798
8783 8784 8785 8786 8787 8788 8789 8790 8792 8793 8794 8795 8796 8797 8798 8799
8784 8785 8786 8787 8788 8789 8790 8791 8793 8794 8795 8796 8797 8798 8799 8800
8785 8786 8787 8788 8789 8790 8791 8792 8794 8795 8796 8797 8798 8799 8800 8801
8786 8787 8788 8789 8790 8791 8792 8793 8795 8796 8797 8798 8799 8800 8801 8802
8787 8788 8789 8790 8791 8792 8793 8794 8796 8797 8798 8799 8800 8801 8802 8803
8788 8789 8790 8791 8792 8793 8794 8795 8797 8798 8799 8800 8801 8802 8803 8804
8789 8790 8791 8792 8793 8794 8795 8796 8798 8799 8800 8801 8802 8803 8804 8805
8790 8791 8792 8793 8794 8795 8796 8797 8799 8800 8801 8802 8803 8804 8805 8806
8791 8792 8793 8794 8795 8796 8797 8798 8800 8801 8802 8803 8804 8805 8806 8807
8792 8793 8794 8795 8796 8797 8798 8799 8801 8802 8803 8804 8805 8806 8807 8808
8793 8794 8795 8796 8797 8798 8799 8800 8802 8803 8804 8805 8806 8807 8808 8809
8794 8795 8796 8797 8798 8799 8800 8801 8803 8804 8805 8806 8807 8808 8809 8810
8795 8796 8797 8798 8799 8800 8801 8802 8804 8805 8806 8807 8808 8809 8810 8811
8796 8797 8798 8799 8800 8801 8802 8803 8805 8806 8807 8808 8809 8810 8811 8812
8797 8798 8799 8800 8801 8802 8803 8804 8806 8807 8808 8809 8810 8811 8812 8813
8798 8799 8800 8801 8802 8803 8804 8805 8807 8808 8809 8810 8811 8812 8813 8814
8799 8800 8801 8802 8803 8804 8805 8806 8808 8809 8810 8811 8812 8813 8814 8815
8800 8801 8802 8803 8804 8805 8806 8807 8809 8810 8811 8812 8813 8814 8815 8816
8801 8802 8803 8804 8805 8806 8807 8808 8810 8811 8812 8813 8814 8815 8816 8817
8802 8803 8804 8805 8806 8807 8808 8809 8811 8812 8813 8814 8815 8816 8817 8818
8803 8804 8805 8806 8807 8808 8809 8810 8812 8813 8814 8815 8816 8817 8818 8819
8804 8805 8806 8807 8808 8809 8810 8811 8813 8814 8815 8816 8817 8818 8819 8820
8805 8806 8807 8808 8809 8810 8811 8812 8814 8815 8816 8817 8818 8819 8820 8821
8806 8807 8808 8809 8810 8811 8812 8813 8815 8816 8817 8818 8819 8820 8821 8822
8807 8808 8809 8810 8811 8812 8813 8814 8816 8817 8818 8819 8820 8821 8822 8823
8808 8809 8810 8811 8812 8813 8814 8815 8817 8818 8819 8820 8821 8822 8823 8824
8809 8810 8811 8812 8813 8814 8815 8816 8818 8819 8820 8821 8822 8823 8824 8825
8810 8811 8812 8813 8814 8815 8816 8817 8819 8820 8821 8822 8823 8824 8825 8826
8811 8812 8813 8814 8815 8816 8817 8818 8820 8821 8822 8823 8824 8825 8826 8827
8812 8813 8814 8815 8816 8817 8818 8819 8821 8822 8823 8824 8825 8826 8827 8828
8813 8814 8815 8816 8817 8818 8819 8820 8822 8823 8824 8825 8826 8827 8828 8829
8814 8815 8816 8817 8818 8819 8820 8821 8823 8824 8825 8826 8827 8828 8829 8830
8815 8816 8817 8818 8819 8820 8821 8822 8824 8825 8826 8827 8828 8829 8830 8831
8816 8817 8818 8819 8820 8821 8822 8823 8825 8826 8827 8828 8829 8830 8831 8832
8817 8818 8819 8820 8821 8822 8823 8824 8826 8827 8828 8829 8830 8831 8832 8833
8818 8819 8820 8821 8822 8823 8824 8825 8827 8828 8829 8830 8831 8832 8833 8834
8819 8820 8821 8822 8823 8824 8825 8826 8828 8829 8830 8831 8832 8833 8834 8835
8820 8821 8822 8823 8824 8825 8826 8827 8829 8830 8831 8832 8833 8834 8835 8836
8821 8822 8823 8824 8825 8826 8827 8828 8830 8831 8832 8833 8834 8835 8836 8837
8822 8823 8824 8825 8826 8827 8828 8829 8831 8832 8833 8834 8835 8836 8837 8838
8823 8824 8825 8826 8827 8828 8829 8830 8832 8833 8834 8835 8836 8837 8838 8839
8824 8825 8826 8827 8828 8829 8830 8831 8833 8834 8835 8836 8837 8838 8839 8840
8825 8826 8827 8828 8829 8830 8831 8832 8834 8835 8836 8837 8838 8839 8840 8841
8826 8827 8828 8829 8830 8831 8832 8833 8835 8836 8837 8838 8839 8840 8841 8842
8827 8828 8829 8830 8831 8832 8833 8834 8836 8837 8838 8839 8840 8841 8842 8843
8828 8829 8830 8831 8832 8833 8834 8835 8837 8838 8839 8840 8841 8842 8843 8844
8829 8830 8831 8832 8833 8834 8835 8836 8838 8839 8840 8841 8842 8843 8844 8845
8830 8831 8832 8833 8834 8835 8836 8837 8839 8840 8841 8842 8843 8844 8845 8846
8831 8832 8833 8834 8835 8836 8837 8838 8840 8841 8842 8843 8844 8845 8846 8847
8832 8833 8834 8835 8836 8837 8838 8839 8841 8842 8843 8844 8845 8846 8847 8848
8833 8834 8835 8836 8837 8838 8839 8840 8842 8843 8844 8845 8846 8847 8848 8849
8834 8835 8836 8837 8838 8839 8840 8841 8843 8844 8845 8846 8847 8848 8849 8850
8835 8836 8837 8838 8839 8840 8841 8842 8844 8845 8846 8847 8848 8849 8850 8851
8836 8837 8838 8839 8840 8841 8842 8843 8845 8846 8847 8848 8849 8850 8851 8852
8837 8838 8839 8840 8841 8842 8843 8844 8846 8847 8848 8849 8850 8851 8852 8853
8838 8839 8840 8841 8842 8843 8844 8845 8847 8848 8849 8850 8851 8852 8853 8854
8839 8840 8841 8842 8843 8844 8845 8846 8848 8849 8850 8851 8852 8853 8854 8855
8840 8841 8842 8843 8844 8845 8846 8847 8849 8850 8851 8852 8853 8854 8855 8856
8841 8842 8843 8844 8845 8846 8847 8848 8850 8851 8852 8853 8854 8855 8856 8857
8842 8843 8844 8845 8846 8847 8848 8849 8851 8852 8853 8854 8855 8856 8857 8858
8843 8844 8845 8846 8847 8848 8849 8850 8852 8853 8854 8855 8856 8857 8858 8859
8844 8845 8846 8847 8848 8849 8850 8851 8853 8854 8855 8856 8857 8858 8859 8860
8845 8846 8847 8848 8849 8850 8851 8852 8854 8855 8856 8857 8858 8859 8860 8861
8846 8847 8848 8849 8850 8851 8852 8853 8855 8856 8857 8858 8859 8860 8861 8862
8847 8848 8849 8850 8851 8852 8853 8854 8856 8857 8858 8859 8860 8861 8862 8863
8848 8849 8850 8851 8852 8853 8854 8855 8857 8858 8859 8860 8861 8862 8863 8864
8849 8850 8851 8852 8853 8854 8855 8856 8858 8859 8860 8861 8862 8863 8864 8865
8850 8851 8852 8853 8854 8855 8856 8857 8859 8860 8861 8862 8863 8864 8865 8866
8851 8852 8853 8854 8855 8856 8857 8858 8860 8861 8862 8863 8864 8865 8866 8867
8852 8853 8854 8855 8856 8857 8858 8859 8861 8862 8863 8864 8865 8866 8867 8868
8853 8854 8855 8856 8857 8858 8859 8860 8862 8863 8864 8865 8866 8867 8868 8869
8854 8855 8856 8857 8858 8859 8860 8861 8863 8864 8865 8866 8867 8868 8869 8870
8855 8856 8857 8858 8859 8860 8861 8862 8864 8865 8866 8867 8868 8869 8870 8871
8856 8857 8858 8859 8860 8861 8862 8863 8865 8866 8867 8868 8869 8870 8871 8872
8857 8858 8859 8860 8861 8862 8863 8864 8866 8867 8868 8869 8870 8871 8872 8873
8858 8859 8860 8861 8862 8863 8864 8865 8867 8868 8869 8870 8871 8872 8873 8874
8859 8860 8861 8862 8863 8864 8865 8866 8868 8869 8870 8871 8872 8873 8874 8875
8860 8861 8862 8863 8864 8865 8866 8867 8869 8870 8871 8872 8873 8874 8875 8876
8861 8862 8863 8864 8865 8866 8867 8868 8870 8871 8872 8873 8874 8875 8876 8877
8862 8863 8864 8865 8866 8867 8868 8869 8871 8872 8873 8874 8875 8876 8877 8878
8863 8864 8865 8866 8867 8868 8869 8870 8872 8873 8874 8875 8876 8877 8878 8879
8864 8865 8866 8867 8868 8869 8870 8871 8873 8874 8875 8876 8877 8878 8879 8880
8865 8866 8867 8868 8869 8870 8871 8872 8874 8875 8876 8877 8878 8879 8880 8881
8866 8867 8868 8869 8870 8871 8872 8873 8875 8876 8877 8878 8879 8880 8881 8882
8867 8868 8869 8870 8871 8872 8873 8874 8876 8877 8878 8879 8880 8881 8882 8883
8868 8869 8870 8871 8872 8873 8874 8875 8877 8878 8879 8880 8881 8882 8883 8884
8869 8870 8871 8872 8873 8874 8875 8876 8878 8879 8880 8881 8882 8883 8884 8885
8870 8871 8872 8873 8874 8875 8876 8877 8879 8880 8881 8882 8883 8884 8885 8886
8871 8872 8873 8874 8875 8876 8877 8878 8880 8881 8882 8883 8884 8885 8886 8887
8872 8873 8874 8875 8876 8877 8878 8879 8881 8882 8883 8884 8885 8886 8887 8888
8873 8874 8875 8876 8877 8878 8879 8880 8882 8883 8884 8885 8886 8887 8888 8889
8874 8875 8876 8877 8878 8879 8880 8881 8883 8884 8885 8886 8887 8888 8889 8890
8875 8876 8877 8878 8879 8880 8881 8882 8884 8885 8886 8887 8888 8889 8890 8891
8876 8877 8878 8879 8880 8881 8882 8883 8885 8886 8887 8888 8889 8890 8891 8892
8877 8878 8879 8880 8881 8882 8883 8884 8886 8887 8888 8889 8890 8891 8892 8893
8878 8879 8880 8881 8882 8883 8884 8885 8887 8888 8889 8890 8891 8892 8893 8894
8879 8880 8881 8882 8883 8884 8885 8886 8888 8889 8890 8891 8892 8893 8894 8895
8880 8881 8882 8883 8884 8885 8886 8887 8889 8890 8891 8892 8893 8894 8895 8896
8881 8882 8883 8884 8885 8886 8887 8888 8890 8891 8892 8893 8894 8895 8896 8897
8882 8883 8884 8885 8886 8887 8888 8889 8891 8892 8893 8894 8895 8896 8897 8898
8883 8884 8885 8886 8887 8888 8889 8890 8892 8893 8894 8895 8896 8897 8898 8899
8884 8885 8886 8887 8888 8889 8890 8891 8893 8894 8895 8896 8897 8898 8899 8900
8885 8886 8887 8888 8889 8890 8891 8892 8894 8895 8896 8897 8898 8899 8900 8901
8886 8887 8888 8889 8890 8891 8892 8893 8895 8896 8897 8898 8899 8900 8901 8902
8887 8888 8889 8890 8891 8892 8893 8894 8896 8897 8898 8899 8900 8901 8902 8903
8888 8889 8890 8891 8892 8893 8894 8895 8897 8898 8899 8900 8901 8902 8903 8904
8889 8890 8891 8892 8893 8894 8895 8896 8898 8899 8900 8901 8902 8903 8904 8905
8890 8891 8892 8893 8894 8895 8896 8897 8899 8900 8901 8902 8903 8904 8905 8906
8891 8892 8893 8894 8895 8896 8897 8898 8900 8901 8902 8903 8904 8905 8906 8907
8892 8893 8894 8895 8896 8897 8898 8899 8901 8902 8903 8904 8905 8906 8907 8908
8893 8894 8895 8896 8897 8898 8899 8900 8902 8903 8904 8905 8906 8907 8908 8909
8894 8895 8896 8897 8898 8899 8900 8901 8903 8904 8905 8906 8907 8908 8909 8910
8895 8896 8897 8898 8899 8900 8901 8902 8904 8905 8906 8907 8908 8909 8910 8911
8896 8897 8898 8899 8900 8901 8902 8903 8905 8906 8907 8908 8909 8910 8911 8912
8897 8898 8899 8900 8901 8902 8903 8904 8906 8907 8908 8909 8910 8911 8912 8913
8898 8899 8900 8901 8902 8903 8904 8905 8907 8908 8909 8910 8911 8912 8913 8914
8899 8900 8901 8902 8903 8904 8905 8906 8908 8909 8910 8911 8912 8913 8914 8915
8900 8901 8902 8903 8904 8905 8906 8907 8909 8910 8911 8912 8913 8914 8915 8916
8901 8902 8903 8904 8905 8906 8907 8908 8910 8911 8912 8913 8914 8915 8916 8917
8902 8903 8904 8905 8906 8907 8908 8909 8911 8912 8913 8914 8915 8916 8917 8918
8903 8904 8905 8906 8907 8908 8909 8910 8912 8913 8914 8915 8916 8917 8918 8919
8904 8905 8906 8907 8908 8909 8910 8911 8913 8914 8915 8916 8917 8918 8919 8920
8905 8906 8907 8908 8909 8910 8911 8912 8914 8915 8916 8917 8918 8919 8920 8921
8906 8907 8908 8909 8910 8911 8912 8913 8915 8916 8917 8918 8919 8920 8921 8922
8907 8908 8909 8910 8911 8912 8913 8914 8916 8917 8918 8919 8920 8921 8922 8923
8908 8909 8910 8911 8912 8913 8914 8915 8917 8918 8919 8920 8921 8922 8923 8924
8909 8910 8911 8912 8913 8914 8915 8916 8918 8919 8920 8921 8922 8923 8924 8925
8910 8911 8912 8913 8914 8915 8916 8917 8919 8920 8921 8922 8923 8924 8925 8926
8911 8912 8913 8914 8915 8916 8917 8918 8920 8921 8922 8923 8924 8925 8926 8927
8912 8913 8914 8915 8916 8917 8918 8919 8921 8922 8923 8924 8925 8926 8927 8928
8913 8914 8915 8916 8917 8918 8919 8920 8922 8923 8924 8925 8926 8927 8928 8929
8914 8915 8916 8917 8918 8919 8920 8921 8923 8924 8925 8926 8927 8928 8929 8930
8915 8916 8917 8918 8919 8920 8921 8922 8924 8925 8926 8927 8928 8929 8930 8931
8916 8917 8918 8919 8920 8921 8922 8923 8925 8926 8927 8928 8929 8930 8931 8932
8917 8918 8919 8920 8921 8922 8923 8924 8926 8927 8928 8929 8930 8931 8932 8933
8918 8919 8920 8921 8922 8923 8924 8925 8927 8928 8929 8930 8931 8932 8933 8934
8919 8920 8921 8922 8923 8924 8925 8926 8928 8929 8930 8931 8932 8933 8934 8935
8920 8921 8922 8923 8924 8925 8926 8927 8929 8930 8931 8932 8933 8934 8935 8936
8921 8922 8923 8924 8925 8926 8927 8928 8930 8931 8932 8933 8934 8935 8936 8937
8922 8923 8924 8925 8926 8927 8928 8929 8931 8932 8933 8934 8935 8936 8937 8938
8923 8924 8925 8926 8927 8928 8929 8930 8932 8933 8934 8935 8936 8937 8938 8939
8924 8925 8926 8927 8928 8929 8930 8931 8933 8934 8935 8936 8937 8938 8939 8940
8925 8926 8927 8928 8929 8930 8931 8932 8934 8935 8936 8937 8938 8939 8940 8941
8926 8927 8928 8929 8930 8931 8932 8933 8935 8936 8937 8938 8939 8940 8941 8942
8927 8928 8929 8930 8931 8932 8933 8934 8936 8937 8938 8939 8940 8941 8942 8943
8928 8929 8930 8931 8932 8933 8934 8935 8937 8938 8939 8940 8941 8942 8943 8944
8929 8930 8931 8932 8933 8934 8935 8936 8938 8939 8940 8941 8942 8943 8944 8945
8930 8931 8932 8933 8934 8935 8936 8937 8939 8940 8941 8942 8943 8944 8945 8946
8931 8932 8933 8934 8935 8936 8937 8938 8940 8941 8942 8943 8944 8945 8946 8947
8932 8933 8934 8935 8936 8937 8938 8939 8941 8942 8943 8944 8945 8946 8947 8948
8933 8934 8935 8936 8937 8938 8939 8940 8942 8943 8944 8945 8946 8947 8948 8949
8934 8935 8936 8937 8938 8939 8940 8941 8943 8944 8945 8946 8947 8948 8949 8950
8935 8936 8937 8938 8939 8940 8941 8942 8944 8945 8946 8947 8948 8949 8950 8951
8936 8937 8938 8939 8940 8941 8942 8943 8945 8946 8947 8948 8949 8950 8951 8952
8937 8938 8939 8940 8941 8942 8943 8944 8946 8947 8948 8949 8950 8951 8952 8953
8938 8939 8940 8941 8942 8943 8944 8945 8947 8948 8949 8950 8951 8952 8953 8954
8939 8940 8941 8942 8943 8944 8945 8946 8948 8949 8950 8951 8952 8953 8954 8955
8940 8941 8942 8943 8944 8945 8946 8947 8949 8950 8951 8952 8953 8954 8955 8956
8941 8942 8943 8944 8945 8946 8947 8948 8950 8951 8952 8953 8954 8955 8956 8957
8942 8943 8944 8945 8946 8947 8948 8949 8951 8952 8953 8954 8955 8956 8957 8958
8943 8944 8945 8946 8947 8948 8949 8950 8952 8953 8954 8955 8956 8957 8958 8959
8944 8945 8946 8947 8948 8949 8950 8951 8953 8954 8955 8956 8957 8958 8959 8960
8945 8946 8947 8948 8949 8950 8951 8952 8954 8955 8956 8957 8958 8959 8960 8961
8946 8947 8948 8949 8950 8951 8952 8953 8955 8956 8957 8958 8959 8960 8961 8962
8947 8948 8949 8950 8951 8952 8953 8954 8956 8957 8958 8959 8960 8961 8962 8963
8948 8949 8950 8951 8952 8953 8954 8955 8957 8958 8959 8960 8961 8962 8963 8964
8949 8950 8951 8952 8953 8954 8955 8956 8958 8959 8960 8961 8962 8963 8964 8965
8950 8951 8952 8953 8954 8955 8956 8957 8959 8960 8961 8962 8963 8964 8965 8966
8951 8952 8953 8954 8955 8956 8957 8958 8960 8961 8962 8963 8964 8965 8966 8967
8952 8953 8954 8955 8956 8957 8958 8959 8961 8962 8963 8964 8965 8966 8967 8968
8953 8954 8955 8956 8957 8958 8959 8960 8962 8963 8964 8965 8966 8967 8968 8969
8954 8955 8956 8957 8958 8959 8960 8961 8963 8964 8965 8966 8967 8968 8969 8970
8955 8956 8957 8958 8959 8960 8961 8962 8964 8965 8966 8967 8968 8969 8970 8971
8956 8957 8958 8959 8960 8961 8962 8963 8965 8966 8967 8968 8969 8970 8971 8972
8957 8958 8959 8960 8961 8962 8963 8964 8966 8967 8968 8969 8970 8971 8972 8973
8958 8959 8960 8961 8962 8963 8964 8965 8967 8968 8969 8970 8971 8972 8973 8974
8959 8960 8961 8962 8963 8964 8965 8966 8968 8969 8970 8971 8972 8973 8974 8975
8960 8961 8962 8963 8964 8965 8966 8967 8969 8970 8971 8972 8973 8974 8975 8976
8961 8962 8963 8964 8965 8966 8967 8968 8970 8971 8972 8973 8974 8975 8976 8977
8962 8963 8964 8965 8966 8967 8968 8969 8971 8972 8973 8974 8975 8976 8977 8978
8963 8964 8965 8966 8967 8968 8969 8970 8972 8973 8974 8975 8976 8977 8978 8979
8964 8965 8966 8967 8968 8969 8970 8971 8973 8974 8975 8976 8977 8978 8979 8980
8965 8966 8967 8968 8969 8970 8971 8972 8974 8975 8976 8977 8978 8979 8980 8981
8966 8967 8968 8969 8970 8971 8972 8973 8975 8976 8977 8978 8979 8980 8981 8982
8967 8968 8969 8970 8971 8972 8973 8974 8976 8977 8978 8979 8980 8981 8982 8983
8968 8969 8970 8971 8972 8973 8974 8975 8977 8978 8979 8980 8981 8982 8983 8984
8969 8970 8971 8972 8973 8974 8975 8976 8978 8979 8980 8981 8982 8983 8984 8985
8970 8971 8972 8973 8974 8975 8976 8977 8979 8980 8981 8982 8983 8984 8985 8986
8971 8972 8973 8974 8975 8976 8977 8978 8980 8981 8982 8983 8984 8985 8986 8987
8972 8973 8974 8975 8976 8977 8978 8979 8981 8982 8983 8984 8985 8986 8987 8988
8973 8974 8975 8976 8977 8978 8979 8980 8982 8983 8984 8985 8986 8987 8988 8989
8974 8975 8976 8977 8978 8979 8980 8981 8983 8984 8985 8986 8987 8988 8989 8990
8975 8976 8977 8978 8979 8980 8981 8982 8984 8985 8986 8987 8988 8989 8990 8991
8976 8977 8978 8979 8980 8981 8982 8983 8985 8986 8987 8988 8989 8990 8991 8992
8977 8978 8979 8980 8981 8982 8983 8984 8986 8987 8988 8989 8990 8991 8992 8993
8978 8979 8980 8981 8982 8983 8984 8985 8987 8988 8989 8990 8991 8992 8993 8994
8979 8980 8981 8982 8983 8984 8985 8986 8988 8989 8990 8991 8992 8993 8994 8995
8980 8981 8982 8983 8984 8985 8986 8987 8989 8990 8991 8992 8993 8994 8995 8996
8981 8982 8983 8984 8985 8986 8987 8988 8990 8991 8992 8993 8994 8995 8996 8997
8982 8983 8984 8985 8986 8987 8988 8989 8991 8992 8993 8994 8995 8996 8997 8998
8983 8984 8985 8986 8987 8988 8989 8990 8992 8993 8994 8995 8996 8997 8998 8999
8984 8985 8986 8987 8988 8989 8990 8991 8993 8994 8995 8996 8997 8998 8999 9000
8985 8986 8987 8988 8989 8990 8991 8992 8994 8995 8996 8997 8998 8999 9000 9001
8986 8987 8988 8989 8990 8991 8992 8993 8995 8996 8997 8998 8999 9000 9001 9002
8987 8988 8989 8990 8991 8992 8993 8994 8996 8997 8998 8999 9000 9001 9002 9003
8988 8989 8990 8991 8992 8993 8994 8995 8997 8998 8999 9000 9001 9002 9003 9004
8989 8990 8991 8992 8993 8994 8995 8996 8998 8999 9000 9001 9002 9003 9004 9005
8990 8991 8992 8993 8994 8995 8996 8997 8999 9000 9001 9002 9003 9004 9005 9006
8991 8992 8993 8994 8995 8996 8997 8998 9000 9001 9002 9003 9004 9005 9006 9007
8992 8993 8994 8995 8996 8997 8998 8999 9001 9002 9003 9004 9005 9006 9007 9008
8993 8994 8995 8996 8997 8998 8999 9000 9002 9003 9004 9005 9006 9007 9008 9009
8994 8995 8996 8997 8998 8999 9000 9001 9003 9004 9005 9006 9007 9008 9009 9010
8995 8996 8997 8998 8999 9000 9001 9002 9004 9005 9006 9007 9008 9009 9010 9011
8996 8997 8998 8999 9000 9001 9002 9003 9005 9006 9007 9008 9009 9010 9011 9012
8997 8998 8999 9000 9001 9002 9003 9004 9006 9007 9008 9009 9010 9011 9012 9013
8998 8999 9000 9001 9002 9003 9004 9005 9007 9008 9009 9010 9011 9012 9013 9014
8999 9000 9001 9002 9003 9004 9005 9006 9008 9009 9010 9011 9012 9013 9014 9015
9000 9001 9002 9003 9004 9005 9006 9007 9009 9010 9011 9012 9013 9014 9015 9016
9001 9002 9003 9004 9005 9006 9007 9008 9010 9011 9012 9013 9014 9015 9016 9017
9002 9003 9004 9005 9006 9007 9008 9009 9011 9012 9013 9014 9015 9016 9017 9018
9003 9004 9005 9006 9007 9008 9009 9010 9012 9013 9014 9015 9016 9017 9018 9019
9004 9005 9006 9007 9008 9009 9010 9011 9013 9014 9015 9016 9017 9018 9019 9020
9005 9006 9007 9008 9009 9010 9011 9012 9014 9015 9016 9017 9018 9019 9020 9021
9006 9007 9008 9009 9010 9011 9012 9013 9015 9016 9017 9018 9019 9020 9021 9022
9007 9008 9009 9010 9011 9012 9013 9014 9016 9017 9018 9019 9020 9021 9022 9023
9008 9009 9010 9011 9012 9013 9014 9015 9017 9018 9019 9020 9021 9022 9023 9024
9009 9010 9011 9012 9013 9014 9015 9016 9018 9019 9020 9021 9022 9023 9024 9025
9010 9011 9012 9013 9014 9015 9016 9017 9019 9020 9021 9022 9023 9024 9025 9026
9011 9012 9013 9014 9015 9016 9017 9018 9020 9021 9022 9023 9024 9025 9026 9027
9012 9013 9014 9015 9016 9017 9018 9019 9021 9022 9023 9024 9025 9026 9027 9028
9013 9014 9015 9016 9017 9018 9019 9020 9022 9023 9024 9025 9026 9027 9028 9029
9014 9015 9016 9017 9018 9019 9020 9021 9023 9024 9025 9026 9027 9028 9029 9030
9015 9016 9017 9018 9019 9020 9021 9022 9024 9025 9026 9027 9028 9029 9030 9031
9016 9017 9018 9019 9020 9021 9022 9023 9025 9026 9027 9028 9029 9030 9031 9032
9017 9018 9019 9020 9021 9022 9023 9024 9026 9027 9028 9029 9030 9031 9032 9033
9018 9019 9020 9021 9022 9023 9024 9025 9027 9028 9029 9030 9031 9032 9033 9034
9019 9020 9021 9022 9023 9024 9025 9026 9028 9029 9030 9031 9032 9033 9034 9035
9020 9021 9022 9023 9024 9025 9026 9027 9029 9030 9031 9032 9033 9034 9035 9036
9021 9022 9023 9024 9025 9026 9027 9028 9030 9031 9032 9033 9034 9035 9036 9037
9022 9023 9024 9025 9026 9027 9028 9029 9031 9032 9033 9034 9035 9036 9037 9038
9023 9024 9025 9026 9027 9028 9029 9030 9032 9033 9034 9035 9036 9037 9038 9039
9024 9025 9026 9027 9028 9029 9030 9031 9033 9034 9035 9036 9037 9038 9039 9040
9025 9026 9027 9028 9029 9030 9031 9032 9034 9035 9036 9037 9038 9039 9040 9041
9026 9027 9028 9029 9030 9031 9032 9033 9035 9036 9037 9038 9039 9040 9041 9042
9027 9028 9029 9030 9031 9032 9033 9034 9036 9037 9038 9039 9040 9041 9042 9043
9028 9029 9030 9031 9032 9033 9034 9035 9037 9038 9039 9040 9041 9042 9043 9044
9029 9030 9031 9032 9033 9034 9035 9036 9038 9039 9040 9041 9042 9043 9044 9045
9030 9031 9032 9033 9034 9035 9036 9037 9039 9040 9041 9042 9043 9044 9045 9046
9031 9032 9033 9034 9035 9036 9037 9038 9040 9041 9042 9043 9044 9045 9046 9047
9032 9033 9034 9035 9036 9037 9038 9039 9041 9042 9043 9044 9045 9046 9047 9048
9033 9034 9035 9036 9037 9038 9039 9040 9042 9043 9044 9045 9046 9047 9048 9049
9034 9035 9036 9037 9038 9039 9040 9041 9043 9044 9045 9046 9047 9048 9049 9050
9035 9036 9037 9038 9039 9040 9041 9042 9044 9045 9046 9047 9048 9049 9050 9051
9036 9037 9038 9039 9040 9041 9042 9043 9045 9046 9047 9048 9049 9050 9051 9052
9037 9038 9039 9040 9041 9042 9043 9044 9046 9047 9048 9049 9050 9051 9052 9053
9038 9039 9040 9041 9042 9043 9044 9045 9047 9048 9049 9050 9051 9052 9053 9054
9039 9040 9041 9042 9043 9044 9045 9046 9048 9049 9050 9051 9052 9053 9054 9055
9040 9041 9042 9043 9044 9045 9046 9047 9049 9050 9051 9052 9053 9054 9055 9056
9041 9042 9043 9044 9045 9046 9047 9048 9050 9051 9052 9053 9054 9055 9056 9057
9042 9043 9044 9045 9046 9047 9048 9049 9051 9052 9053 9054 9055 9056 9057 9058
9043 9044 9045 9046 9047 9048 9049 9050 9052 9053 9054 9055 9056 9057 9058 9059
9044 9045 9046 9047 9048 9049 9050 9051 9053 9054 9055 9056 9057 9058 9059 9060
9045 9046 9047 9048 9049 9050 9051 9052 9054 9055 9056 9057 9058 9059 9060 9061
9046 9047 9048 9049 9050 9051 9052 9053 9055 9056 9057 9058 9059 9060 9061 9062
9047 9048 9049 9050 9051 9052 9053 9054 9056 9057 9058 9059 9060 9061 9062 9063
9048 9049 9050 9051 9052 9053 9054 9055 9057 9058 9059 9060 9061 9062 9063 9064
9049 9050 9051 9052 9053 9054 9055 9056 9058 9059 9060 9061 9062 9063 9064 9065
9050 9051 9052 9053 9054 9055 9056 9057 9059 9060 9061 9062 9063 9064 9065 9066
9051 9052 9053 9054 9055 9056 9057 9058 9060 9061 9062 9063 9064 9065 9066 9067
9052 9053 9054 9055 9056 9057 9058 9059 9061 9062 9063 9064 9065 9066 9067 9068
9053 9054 9055 9056 9057 9058 9059 9060 9062 9063 9064 9065 9066 9067 9068 9069
9054 9055 9056 9057 9058 9059 9060 9061 9063 9064 9065 9066 9067 9068 9069 9070
9055 9056 9057 9058 9059 9060 9061 9062 9064 9065 9066 9067 9068 9069 9070 9071
9056 9057 9058 9059 9060 9061 9062 9063 9065 9066 9067 9068 9069 9070 9071 9072
9057 9058 9059 9060 9061 9062 9063 9064 9066 9067 9068 9069 9070 9071 9072 9073
9058 9059 9060 9061 9062 9063 9064 9065 9067 9068 9069 9070 9071 9072 9073 9074
9059 9060 9061 9062 9063 9064 9065 9066 9068 9069 9070 9071 9072 9073 9074 9075
9060 9061 9062 9063 9064 9065 9066 9067 9069 9070 9071 9072 9073 9074 9075 9076
9061 9062 9063 9064 9065 9066 9067 9068 9070 9071 9072 9073 9074 9075 9076 9077
9062 9063 9064 9065 9066 9067 9068 9069 9071 9072 9073 9074 9075 9076 9077 9078
9063 9064 9065 9066 9067 9068 9069 9070 9072 9073 9074 9075 9076 9077 9078 9079
9064 9065 9066 9067 9068 9069 9070 9071 9073 9074 9075 9076 9077 9078 9079 9080
9065 9066 9067 9068 9069 9070 9071 9072 9074 9075 9076 9077 9078 9079 9080 9081
9066 9067 9068 9069 9070 9071 9072 9073 9075 9076 9077 9078 9079 9080 9081 9082
9067 9068 9069 9070 9071 9072 9073 9074 9076 9077 9078 9079 9080 9081 9082 9083
9068 9069 9070 9071 9072 9073 9074 9075 9077 9078 9079 9080 9081 9082 9083 9084
9069 9070 9071 9072 9073 9074 9075 9076 9078 9079 9080 9081 9082 9083 9084 9085
9070 9071 9072 9073 9074 9075 9076 9077 9079 9080 9081 9082 9083 9084 9085 9086
9071 9072 9073 9074 9075 9076 9077 9078 9080 9081 9082 9083 9084 9085 9086 9087
9072 9073 9074 9075 9076 9077 9078 9079 9081 9082 9083 9084 9085 9086 9087 9088
9073 9074 9075 9076 9077 9078 9079 9080 9082 9083 9084 9085 9086 9087 9088 9089
9074 9075 9076 9077 9078 9079 9080 9081 9083 9084 9085 9086 9087 9088 9089 9090
9075 9076 9077 9078 9079 9080 9081 9082 9084 9085 9086 9087 9088 9089 9090 9091
9076 9077 9078 9079 9080 9081 9082 9083 9085 9086 9087 9088 9089 9090 9091 9092
9077 9078 9079 9080 9081 9082 9083 9084 9086 9087 9088 9089 9090 9091 9092 9093
9078 9079 9080 9081 9082 9083 9084 9085 9087 9088 9089 9090 9091 9092 9093 9094
9079 9080 9081 9082 9083 9084 9085 9086 9088 9089 9090 9091 9092 9093 9094 9095
9080 9081 9082 9083 9084 9085 9086 9087 9089 9090 9091 9092 9093 9094 9095 9096
9081 9082 9083 9084 9085 9086 9087 9088 9090 9091 9092 9093 9094 9095 9096 9097
9082 9083 9084 9085 9086 9087 9088 9089 9091 9092 9093 9094 9095 9096 9097 9098
9083 9084 9085 9086 9087 9088 9089 9090 9092 9093 9094 9095 9096 9097 9098 9099
9084 9085 9086 9087 9088 9089 9090 9091 9093 9094 9095 9096 9097 9098 9099 9100
9085 9086 9087 9088 9089 9090 9091 9092 9094 9095 9096 9097 9098 9099 9100 9101
9086 9087 9088 9089 9090 9091 9092 9093 9095 9096 9097 9098 9099 9100 9101 9102
9087 9088 9089 9090 9091 9092 9093 9094 9096 9097 9098 9099 9100 9101 9102 9103
9088 9089 9090 9091 9092 9093 9094 9095 9097 9098 9099 9100 9101 9102 9103 9104
9089 9090 9091 9092 9093 9094 9095 9096 9098 9099 9100 9101 9102 9103 9104 9105
9090 9091 9092 9093 9094 9095 9096 9097 9099 9100 9101 9102 9103 9104 9105 9106
9091 9092 9093 9094 9095 9096 9097 9098 9100 9101 9102 9103 9104 9105 9106 9107
9092 9093 9094 9095 9096 9097 9098 9099 9101 9102 9103 9104 9105 9106 9107 9108
9093 9094 9095 9096 9097 9098 9099 9100 9102 9103 9104 9105 9106 9107 9108 9109
9094 9095 9096 9097 9098 9099 9100 9101 9103 9104 9105 9106 9107 9108 9109 9110
9095 9096 9097 9098 9099 9100 9101 9102 9104 9105 9106 9107 9108 9109 9110 9111
9096 9097 9098 9099 9100 9101 9102 9103 9105 9106 9107 9108 9109 9110 9111 9112
9097 9098 9099 9100 9101 9102 9103 9104 9106 9107 9108 9109 9110 9111 9112 9113
9098 9099 9100 9101 9102 9103 9104 9105 9107 9108 9109 9110 9111 9112 9113 9114
9099 9100 9101 9102 9103 9104 9105 9106 9108 9109 9110 9111 9112 9113 9114 9115
9100 9101 9102 9103 9104 9105 9106 9107 9109 9110 9111 9112 9113 9114 9115 9116
9101 9102 9103 9104 9105 9106 9107 9108 9110 9111 9112 9113 9114 9115 9116 9117
9102 9103 9104 9105 9106 9107 9108 9109 9111 9112 9113 9114 9115 9116 9117 9118
9103 9104 9105 9106 9107 9108 9109 9110 9112 9113 9114 9115 9116 9117 9118 9119
9104 9105 9106 9107 9108 9109 9110 9111 9113 9114 9115 9116 9117 9118 9119 9120
9105 9106 9107 9108 9109 9110 9111 9112 9114 9115 9116 9117 9118 9119 9120 9121
9106 9107 9108 9109 9110 9111 9112 9113 9115 9116 9117 9118 9119 9120 9121 9122
9107 9108 9109 9110 9111 9112 9113 9114 9116 9117 9118 9119 9120 9121 9122 9123
9108 9109 9110 9111 9112 9113 9114 9115 9117 9118 9119 9120 9121 9122 9123 9124
9109 9110 9111 9112 9113 9114 9115 9116 9118 9119 9120 9121 9122 9123 9124 9125
9110 9111 9112 9113 9114 9115 9116 9117 9119 9120 9121 9122 9123 9124 9125 9126
9111 9112 9113 9114 9115 9116 9117 9118 9120 9121 9122 9123 9124 9125 9126 9127
9112 9113 9114 9115 9116 9117 9118 9119 9121 9122 9123 9124 9125 9126 9127 9128
9113 9114 9115 9116 9117 9118 9119 9120 9122 9123 9124 9125 9126 9127 9128 9129
9114 9115 9116 9117 9118 9119 9120 9121 9123 9124 9125 9126 9127 9128 9129 9130
9115 9116 9117 9118 9119 9120 9121 9122 9124 9125 9126 9127 9128 9129 9130 9131
9116 9117 9118 9119 9120 9121 9122 9123 9125 9126 9127 9128 9129 9130 9131 9132
9117 9118 9119 9120 9121 9122 9123 9124 9126 9127 9128 9129 9130 9131 9132 9133
9118 9119 9120 9121 9122 9123 9124 9125 9127 9128 9129 9130 9131 9132 9133 9134
9119 9120 9121 9122 9123 9124 9125 9126 9128 9129 9130 9131 9132 9133 9134 9135
9120 9121 9122 9123 9124 9125 9126 9127 9129 9130 9131 9132 9133 9134 9135 9136
9121 9122 9123 9124 9125 9126 9127 9128 9130 9131 9132 9133 9134 9135 9136 9137
9122 9123 9124 9125 9126 9127 9128 9129 9131 9132 9133 9134 9135 9136 9137 9138
9123 9124 9125 9126 9127 9128 9129 9130 9132 9133 9134 9135 9136 9137 9138 9139
9124 9125 9126 9127 9128 9129 9130 9131 9133 9134 9135 9136 9137 9138 9139 9140
9125 9126 9127 9128 9129 9130 9131 9132 9134 9135 9136 9137 9138 9139 9140 9141
9126 9127 9128 9129 9130 9131 9132 9133 9135 9136 9137 9138 9139 9140 9141 9142
9127 9128 9129 9130 9131 9132 9133 9134 9136 9137 9138 9139 9140 9141 9142 9143
9128 9129 9130 9131 9132 9133 9134 9135 9137 9138 9139 9140 9141 9142 9143 9144
9129 9130 9131 9132 9133 9134 9135 9136 9138 9139 9140 9141 9142 9143 9144 9145
9130 9131 9132 9133 9134 9135 9136 9137 9139 9140 9141 9142 9143 9144 9145 9146
9131 9132 9133 9134 9135 9136 9137 9138 9140 9141 9142 9143 9144 9145 9146 9147
9132 9133 9134 9135 9136 9137 9138 9139 9141 9142 9143 9144 9145 9146 9147 9148
9133 9134 9135 9136 9137 9138 9139 9140 9142 9143 9144 9145 9146 9147 9148 9149
9134 9135 9136 9137 9138 9139 9140 9141 9143 9144 9145 9146 9147 9148 9149 9150
9135 9136 9137 9138 9139 9140 9141 9142 9144 9145 9146 9147 9148 9149 9150 9151
9136 9137 9138 9139 9140 9141 9142 9143 9145 9146 9147 9148 9149 9150 9151 9152
9137 9138 9139 9140 9141 9142 9143 9144 9146 9147 9148 9149 9150 9151 9152 9153
9138 9139 9140 9141 9142 9143 9144 9145 9147 9148 9149 9150 9151 9152 9153 9154
9139 9140 9141 9142 9143 9144 9145 9146 9148 9149 9150 9151 9152 9153 9154 9155
9140 9141 9142 9143 9144 9145 9146 9147 9149 9150 9151 9152 9153 9154 9155 9156
9141 9142 9143 9144 9145 9146 9147 9148 9150 9151 9152 9153 9154 9155 9156 9157
9142 9143 9144 9145 9146 9147 9148 9149 9151 9152 9153 9154 9155 9156 9157 9158
9143 9144 9145 9146 9147 9148 9149 9150 9152 9153 9154 9155 9156 9157 9158 9159
9144 9145 9146 9147 9148 9149 9150 9151 9153 9154 9155 9156 9157 9158 9159 9160
9145 9146 9147 9148 9149 9150 9151 9152 9154 9155 9156 9157 9158 9159 9160 9161
9146 9147 9148 9149 9150 9151 9152 9153 9155 9156 9157 9158 9159 9160 9161 9162
9147 9148 9149 9150 9151 9152 9153 9154 9156 9157 9158 9159 9160 9161 9162 9163
9148 9149 9150 9151 9152 9153 9154 9155 9157 9158 9159 9160 9161 9162 9163 9164
9149 9150 9151 9152 9153 9154 9155 9156 9158 9159 9160 9161 9162 9163 9164 9165
9150 9151 9152 9153 9154 9155 9156 9157 9159 9160 9161 9162 9163 9164 9165 9166
9151 9152 9153 9154 9155 9156 9157 9158 9160 9161 9162 9163 9164 9165 9166 9167
9152 9153 9154 9155 9156 9157 9158 9159 9161 9162 9163 9164 9165 9166 9167 9168
9153 9154 9155 9156 9157 9158 9159 9160 9162 9163 9164 9165 9166 9167 9168 9169
9154 9155 9156 9157 9158 9159 9160 9161 9163 9164 9165 9166 9167 9168 9169 9170
9155 9156 9157 9158 9159 9160 9161 9162 9164 9165 9166 9167 9168 9169 9170 9171
9156 9157 9158 9159 9160 9161 9162 9163 9165 9166 9167 9168 9169 9170 9171 9172
9157 9158 9159 9160 9161 9162 9163 9164 9166 9167 9168 9169 9170 9171 9172 9173
9158 9159 9160 9161 9162 9163 9164 9165 9167 9168 9169 9170 9171 9172 9173 9174
9159 9160 9161 9162 9163 9164 9165 9166 9168 9169 9170 9171 9172 9173 9174 9175
9160 9161 9162 9163 9164 9165 9166 9167 9169 9170 9171 9172 9173 9174 9175 9176
9161 9162 9163 9164 9165 9166 9167 9168 9170 9171 9172 9173 9174 9175 9176 9177
9162 9163 9164 9165 9166 9167 9168 9169 9171 9172 9173 9174 9175 9176 9177 9178
9163 9164 9165 9166 9167 9168 9169 9170 9172 9173 9174 9175 9176 9177 9178 9179
9164 9165 9166 9167 9168 9169 9170 9171 9173 9174 9175 9176 9177 9178 9179 9180
9165 9166 9167 9168 9169 9170 9171 9172 9174 9175 9176 9177 9178 9179 9180 9181
9166 9167 9168 9169 9170 9171 9172 9173 9175 9176 9177 9178 9179 9180 9181 9182
9167 9168 9169 9170 9171 9172 9173 9174 9176 9177 9178 9179 9180 9181 9182 9183
9168 9169 9170 9171 9172 9173 9174 9175 9177 9178 9179 9180 9181 9182 9183 9184
9169 9170 9171 9172 9173 9174 9175 9176 9178 9179 9180 9181 9182 9183 9184 9185
9170 9171 9172 9173 9174 9175 9176 9177 9179 9180 9181 9182 9183 9184 9185 9186
9171 9172 9173 9174 9175 9176 9177 9178 9180 9181 9182 9183 9184 9185 9186 9187
9172 9173 9174 9175 9176 9177 9178 9179 9181 9182 9183 9184 9185 9186 9187 9188
9173 9174 9175 9176 9177 9178 9179 9180 9182 9183 9184 9185 9186 9187 9188 9189
9174 9175 9176 9177 9178 9179 9180 9181 9183 9184 9185 9186 9187 9188 9189 9190
9175 9176 9177 9178 9179 9180 9181 9182 9184 9185 9186 9187 9188 9189 9190 9191
9176 9177 9178 9179 9180 9181 9182 9183 9185 9186 9187 9188 9189 9190 9191 9192
9177 9178 9179 9180 9181 9182 9183 9184 9186 9187 9188 9189 9190 9191 9192 9193
9178 9179 9180 9181 9182 9183 9184 9185 9187 9188 9189 9190 9191 9192 9193 9194
9179 9180 9181 9182 9183 9184 9185 9186 9188 9189 9190 9191 9192 9193 9194 9195
9180 9181 9182 9183 9184 9185 9186 9187 9189 9190 9191 9192 9193 9194 9195 9196
9181 9182 9183 9184 9185 9186 9187 9188 9190 9191 9192 9193 9194 9195 9196 9197
9182 9183 9184 9185 9186 9187 9188 9189 9191 9192 9193 9194 9195 9196 9197 9198
9183 9184 9185 9186 9187 9188 9189 9190 9192 9193 9194 9195 9196 9197 9198 9199
9184 9185 9186 9187 9188 9189 9190 9191 9193 9194 9195 9196 9197 9198 9199 9200
9185 9186 9187 9188 9189 9190 9191 9192 9194 9195 9196 9197 9198 9199 9200 9201
9186 9187 9188 9189 9190 9191 9192 9193 9195 9196 9197 9198 9199 9200 9201 9202
9187 9188 9189 9190 9191 9192 9193 9194 9196 9197 9198 9199 9200 9201 9202 9203
9188 9189 9190 9191 9192 9193 9194 9195 9197 9198 9199 9200 9201 9202 9203 9204
9189 9190 9191 9192 9193 9194 9195 9196 9198 9199 9200 9201 9202 9203 9204 9205
9190 9191 9192 9193 9194 9195 9196 9197 9199 9200 9201 9202 9203 9204 9205 9206
9191 9192 9193 9194 9195 9196 9197 9198 9200 9201 9202 9203 9204 9205 9206 9207
9192 9193 9194 9195 9196 9197 9198 9199 9201 9202 9203 9204 9205 9206 9207 9208
9193 9194 9195 9196 9197 9198 9199 9200 9202 9203 9204 9205 9206 9207 9208 9209
9194 9195 9196 9197 9198 9199 9200 9201 9203 9204 9205 9206 9207 9208 9209 9210
9195 9196 9197 9198 9199 9200 9201 9202 9204 9205 9206 9207 9208 9209 9210 9211
9196 9197 9198 9199 9200 9201 9202 9203 9205 9206 9207 9208 9209 9210 9211 9212
9197 9198 9199 9200 9201 9202 9203 9204 9206 9207 9208 9209 9210 9211 9212 9213
9198 9199 9200 9201 9202 9203 9204 9205 9207 9208 9209 9210 9211 9212 9213 9214
9199 9200 9201 9202 9203 9204 9205 9206 9208 9209 9210 9211 9212 9213 9214 9215
9200 9201 9202 9203 9204 9205 9206 9207 9209 9210 9211 9212 9213 9214 9215 9216
9201 9202 9203 9204 9205 9206 9207 9208 9210 9211 9212 9213 9214 9215 9216 9217
9202 9203 9204 9205 9206 9207 9208 9209 9211 9212 9213 9214 9215 9216 9217 9218
9203 9204 9205 9206 9207 9208 9209 9210 9212 9213 9214 9215 9216 9217 9218 9219
9204 9205 9206 9207 9208 9209 9210 9211 9213 9214 9215 9216 9217 9218 9219 9220
9205 9206 9207 9208 9209 9210 9211 9212 9214 9215 9216 9217 9218 9219 9220 9221
9206 9207 9208 9209 9210 9211 9212 9213 9215 9216 9217 9218 9219 9220 9221 9222
9207 9208 9209 9210 9211 9212 9213 9214 9216 9217 9218 9219 9220 9221 9222 9223
9208 9209 9210 9211 9212 9213 9214 9215 9217 9218 9219 9220 9221 9222 9223 9224
9209 9210 9211 9212 9213 9214 9215 9216 9218 9219 9220 9221 9222 9223 9224 9225
9210 9211 9212 9213 9214 9215 9216 9217 9219 9220 9221 9222 9223 9224 9225 9226
9211 9212 9213 9214 9215 9216 9217 9218 9220 9221 9222 9223 9224 9225 9226 9227
9212 9213 9214 9215 9216 9217 9218 9219 9221 9222 9223 9224 9225 9226 9227 9228
9213 9214 9215 9216 9217 9218 9219 9220 9222 9223 9224 9225 9226 9227 9228 9229
9214 9215 9216 9217 9218 9219 9220 9221 9223 9224 9225 9226 9227 9228 9229 9230
9215 9216 9217 9218 9219 9220 9221 9222 9224 9225 9226 9227 9228 9229 9230 9231
9216 9217 9218 9219 9220 9221 9222 9223 9225 9226 9227 9228 9229 9230 9231 9232
9217 9218 9219 9220 9221 9222 9223 9224 9226 9227 9228 9229 9230 9231 9232 9233
9218 9219 9220 9221 9222 9223 9224 9225 9227 9228 9229 9230 9231 9232 9233 9234
9219 9220 9221 9222 9223 9224 9225 9226 9228 9229 9230 9231 9232 9233 9234 9235
9220 9221 9222 9223 9224 9225 9226 9227 9229 9230 9231 9232 9233 9234 9235 9236
9221 9222 9223 9224 9225 9226 9227 9228 9230 9231 9232 9233 9234 9235 9236 9237
9222 9223 9224 9225 9226 9227 9228 9229 9231 9232 9233 9234 9235 9236 9237 9238
9223 9224 9225 9226 9227 9228 9229 9230 9232 9233 9234 9235 9236 9237 9238 9239
9224 9225 9226 9227 9228 9229 9230 9231 9233 9234 9235 9236 9237 9238 9239 9240
9225 9226 9227 9228 9229 9230 9231 9232 9234 9235 9236 9237 9238 9239 9240 9241
9226 9227 9228 9229 9230 9231 9232 9233 9235 9236 9237 9238 9239 9240 9241 9242
9227 9228 9229 9230 9231 9232 9233 9234 9236 9237 9238 9239 9240 9241 9242 9243
9228 9229 9230 9231 9232 9233 9234 9235 9237 9238 9239 9240 9241 9242 9243 9244
9229 9230 9231 9232 9233 9234 9235 9236 9238 9239 9240 9241 9242 9243 9244 9245
9230 9231 9232 9233 9234 9235 9236 9237 9239 9240 9241 9242 9243 9244 9245 9246
9231 9232 9233 9234 9235 9236 9237 9238 9240 9241 9242 9243 9244 9245 9246 9247
9232 9233 9234 9235 9236 9237 9238 9239 9241 9242 9243 9244 9245 9246 9247 9248
9233 9234 9235 9236 9237 9238 9239 9240 9242 9243 9244 9245 9246 9247 9248 9249
9234 9235 9236 9237 9238 9239 9240 9241 9243 9244 9245 9246 9247 9248 9249 9250
9235 9236 9237 9238 9239 9240 9241 9242 9244 9245 9246 9247 9248 9249 9250 9251
9236 9237 9238 9239 9240 9241 9242 9243 9245 9246 9247 9248 9249 9250 9251 9252
9237 9238 9239 9240 9241 9242 9243 9244 9246 9247 9248 9249 9250 9251 9252 9253
9238 9239 9240 9241 9242 9243 9244 9245 9247 9248 9249 9250 9251 9252 9253 9254
9239 9240 9241 9242 9243 9244 9245 9246 9248 9249 9250 9251 9252 9253 9254 9255
9240 9241 9242 9243 9244 9245 9246 9247 9249 9250 9251 9252 9253 9254 9255 9256
9241 9242 9243 9244 9245 9246 9247 9248 9250 9251 9252 9253 9254 9255 9256 9257
9242 9243 9244 9245 9246 9247 9248 9249 9251 9252 9253 9254 9255 9256 9257 9258
9243 9244 9245 9246 9247 9248 9249 9250 9252 9253 9254 9255 9256 9257 9258 9259
9244 9245 9246 9247 9248 9249 9250 9251 9253 9254 9255 9256 9257 9258 9259 9260
9245 9246 9247 9248 9249 9250 9251 9252 9254 9255 9256 9257 9258 9259 9260 9261
9246 9247 9248 9249 9250 9251 9252 9253 9255 9256 9257 9258 9259 9260 9261 9262
9247 9248 9249 9250 9251 9252 9253 9254 9256 9257 9258 9259 9260 9261 9262 9263
9248 9249 9250 9251 9252 9253 9254 9255 9257 9258 9259 9260 9261 9262 9263 9264
9249 9250 9251 9252 9253 9254 9255 9256 9258 9259 9260 9261 9262 9263 9264 9265
9250 9251 9252 9253 9254 9255 9256 9257 9259 9260 9261 9262 9263 9264 9265 9266
9251 9252 9253 9254 9255 9256 9257 9258 9260 9261 9262 9263 9264 9265 9266 9267
9252 9253 9254 9255 9256 9257 9258 9259 9261 9262 9263 9264 9265 9266 9267 9268
9253 9254 9255 9256 9257 9258 9259 9260 9262 9263 9264 9265 9266 9267 9268 9269
9254 9255 9256 9257 9258 9259 9260 9261 9263 9264 9265 9266 9267 9268 9269 9270
9255 9256 9257 9258 9259 9260 9261 9262 9264 9265 9266 9267 9268 9269 9270 9271
9256 9257 9258 9259 9260 9261 9262 9263 9265 9266 9267 9268 9269 9270 9271 9272
9257 9258 9259 9260 9261 9262 9263 9264 9266 9267 9268 9269 9270 9271 9272 9273
9258 9259 9260 9261 9262 9263 9264 9265 9267 9268 9269 9270 9271 9272 9273 9274
9259 9260 9261 9262 9263 9264 9265 9266 9268 9269 9270 9271 9272 9273 9274 9275
9260 9261 9262 9263 9264 9265 9266 9267 9269 9270 9271 9272 9273 9274 9275 9276
9261 9262 9263 9264 9265 9266 9267 9268 9270 9271 9272 9273 9274 9275 9276 9277
9262 9263 9264 9265 9266 9267 9268 9269 9271 9272 9273 9274 9275 9276 9277 9278
9263 9264 9265 9266 9267 9268 9269 9270 9272 9273 9274 9275 9276 9277 9278 9279
9264 9265 9266 9267 9268 9269 9270 9271 9273 9274 9275 9276 9277 9278 9279 9280
9265 9266 9267 9268 9269 9270 9271 9272 9274 9275 9276 9277 9278 9279 9280 9281
9266 9267 9268 9269 9270 9271 9272 9273 9275 9276 9277 9278 9279 9280 9281 9282
9267 9268 9269 9270 9271 9272 9273 9274 9276 9277 9278 9279 9280 9281 9282 9283
9268 9269 9270 9271 9272 9273 9274 9275 9277 9278 9279 9280 9281 9282 9283 9284
9269 9270 9271 9272 9273 9274 9275 9276 9278 9279 9280 9281 9282 9283 9284 9285
9270 9271 9272 9273 9274 9275 9276 9277 9279 9280 9281 9282 9283 9284 9285 9286
9271 9272 9273 9274 9275 9276 9277 9278 9280 9281 9282 9283 9284 9285 9286 9287
9272 9273 9274 9275 9276 9277 9278 9279 9281 9282 9283 9284 9285 9286 9287 9288
9273 9274 9275 9276 9277 9278 9279 9280 9282 9283 9284 9285 9286 9287 9288 9289
9274 9275 9276 9277 9278 9279 9280 9281 9283 9284 9285 9286 9287 9288 9289 9290
9275 9276 9277 9278 9279 9280 9281 9282 9284 9285 9286 9287 9288 9289 9290 9291
9276 9277 9278 9279 9280 9281 9282 9283 9285 9286 9287 9288 9289 9290 9291 9292
9277 9278 9279 9280 9281 9282 9283 9284 9286 9287 9288 9289 9290 9291 9292 9293
9278 9279 9280 9281 9282 9283 9284 9285 9287 9288 9289 9290 9291 9292 9293 9294
9279 9280 9281 9282 9283 9284 9285 9286 9288 9289 9290 9291 9292 9293 9294 9295
9280 9281 9282 9283 9284 9285 9286 9287 9289 9290 9291 9292 9293 9294 9295 9296
9281 9282 9283 9284 9285 9286 9287 9288 9290 9291 9292 9293 9294 9295 9296 9297
9282 9283 9284 9285 9286 9287 9288 9289 9291 9292 9293 9294 9295 9296 9297 9298
9283 9284 9285 9286 9287 9288 9289 9290 9292 9293 9294 9295 9296 9297 9298 9299
9284 9285 9286 9287 9288 9289 9290 9291 9293 9294 9295 9296 9297 9298 9299 9300
9285 9286 9287 9288 9289 9290 9291 9292 9294 9295 9296 9297 9298 9299 9300 9301
9286 9287 9288 9289 9290 9291 9292 9293 9295 9296 9297 9298 9299 9300 9301 9302
9287 9288 9289 9290 9291 9292 9293 9294 9296 9297 9298 9299 9300 9301 9302 9303
9288 9289 9290 9291 9292 9293 9294 9295 9297 9298 9299 9300 9301 9302 9303 9304
9289 9290 9291 9292 9293 9294 9295 9296 9298 9299 9300 9301 9302 9303 9304 9305
9290 9291 9292 9293 9294 9295 9296 9297 9299 9300 9301 9302 9303 9304 9305 9306
9291 9292 9293 9294 9295 9296 9297 9298 9300 9301 9302 9303 9304 9305 9306 9307
9292 9293 9294 9295 9296 9297 9298 9299 9301 9302 9303 9304 9305 9306 9307 9308
9293 9294 9295 9296 9297 9298 9299 9300 9302 9303 9304 9305 9306 9307 9308 9309
9294 9295 9296 9297 9298 9299 9300 9301 9303 9304 9305 9306 9307 9308 9309 9310
9295 9296 9297 9298 9299 9300 9301 9302 9304 9305 9306 9307 9308 9309 9310 9311
9296 9297 9298 9299 9300 9301 9302 9303 9305 9306 9307 9308 9309 9310 9311 9312
9297 9298 9299 9300 9301 9302 9303 9304 9306 9307 9308 9309 9310 9311 9312 9313
9298 9299 9300 9301 9302 9303 9304 9305 9307 9308 9309 9310 9311 9312 9313 9314
9299 9300 9301 9302 9303 9304 9305 9306 9308 9309 9310 9311 9312 9313 9314 9315
9300 9301 9302 9303 9304 9305 9306 9307 9309 9310 9311 9312 9313 9314 9315 9316
9301 9302 9303 9304 9305 9306 9307 9308 9310 9311 9312 9313 9314 9315 9316 9317
9302 9303 9304 9305 9306 9307 9308 9309 9311 9312 9313 9314 9315 9316 9317 9318
9303 9304 9305 9306 9307 9308 9309 9310 9312 9313 9314 9315 9316 9317 9318 9319
9304 9305 9306 9307 9308 9309 9310 9311 9313 9314 9315 9316 9317 9318 9319 9320
9305 9306 9307 9308 9309 9310 9311 9312 9314 9315 9316 9317 9318 9319 9320 9321
9306 9307 9308 9309 9310 9311 9312 9313 9315 9316 9317 9318 9319 9320 9321 9322
9307 9308 9309 9310 9311 9312 9313 9314 9316 9317 9318 9319 9320 9321 9322 9323
9308 9309 9310 9311 9312 9313 9314 9315 9317 9318 9319 9320 9321 9322 9323 9324
9309 9310 9311 9312 9313 9314 9315 9316 9318 9319 9320 9321 9322 9323 9324 9325
9310 9311 9312 9313 9314 9315 9316 9317 9319 9320 9321 9322 9323 9324 9325 9326
9311 9312 9313 9314 9315 9316 9317 9318 9320 9321 9322 9323 9324 9325 9326 9327
9312 9313 9314 9315 9316 9317 9318 9319 9321 9322 9323 9324 9325 9326 9327 9328
9313 9314 9315 9316 9317 9318 9319 9320 9322 9323 9324 9325 9326 9327 9328 9329
9314 9315 9316 9317 9318 9319 9320 9321 9323 9324 9325 9326 9327 9328 9329 9330
9315 9316 9317 9318 9319 9320 9321 9322 9324 9325 9326 9327 9328 9329 9330 9331
9316 9317 9318 9319 9320 9321 9322 9323 9325 9326 9327 9328 9329 9330 9331 9332
9317 9318 9319 9320 9321 9322 9323 9324 9326 9327 9328 9329 9330 9331 9332 9333
9318 9319 9320 9321 9322 9323 9324 9325 9327 9328 9329 9330 9331 9332 9333 9334
9319 9320 9321 9322 9323 9324 9325 9326 9328 9329 9330 9331 9332 9333 9334 9335
9320 9321 9322 9323 9324 9325 9326 9327 9329 9330 9331 9332 9333 9334 9335 9336
9321 9322 9323 9324 9325 9326 9327 9328 9330 9331 9332 9333 9334 9335 9336 9337
9322 9323 9324 9325 9326 9327 9328 9329 9331 9332 9333 9334 9335 9336 9337 9338
9323 9324 9325 9326 9327 9328 9329 9330 9332 9333 9334 9335 9336 9337 9338 9339
9324 9325 9326 9327 9328 9329 9330 9331 9333 9334 9335 9336 9337 9338 9339 9340
9325 9326 9327 9328 9329 9330 9331 9332 9334 9335 9336 9337 9338 9339 9340 9341
9326 9327 9328 9329 9330 9331 9332 9333 9335 9336 9337 9338 9339 9340 9341 9342
9327 9328 9329 9330 9331 9332 9333 9334 9336 9337 9338 9339 9340 9341 9342 9343
9328 9329 9330 9331 9332 9333 9334 9335 9337 9338 9339 9340 9341 9342 9343 9344
9329 9330 9331 9332 9333 9334 9335 9336 9338 9339 9340 9341 9342 9343 9344 9345
9330 9331 9332 9333 9334 9335 9336 9337 9339 9340 9341 9342 9343 9344 9345 9346
9331 9332 9333 9334 9335 9336 9337 9338 9340 9341 9342 9343 9344 9345 9346 9347
9332 9333 9334 9335 9336 9337 9338 9339 9341 9342 9343 9344 9345 9346 9347 9348
9333 9334 9335 9336 9337 9338 9339 9340 9342 9343 9344 9345 9346 9347 9348 9349
9334 9335 9336 9337 9338 9339 9340 9341 9343 9344 9345 9346 9347 9348 9349 9350
9335 9336 9337 9338 9339 9340 9341 9342 9344 9345 9346 9347 9348 9349 9350 9351
9336 9337 9338 9339 9340 9341 9342 9343 9345 9346 9347 9348 9349 9350 9351 9352
9337 9338 9339 9340 9341 9342 9343 9344 9346 9347 9348 9349 9350 9351 9352 9353
9338 9339 9340 9341 9342 9343 9344 9345 9347 9348 9349 9350 9351 9352 9353 9354
9339 9340 9341 9342 9343 9344 9345 9346 9348 9349 9350 9351 9352 9353 9354 9355
9340 9341 9342 9343 9344 9345 9346 9347 9349 9350 9351 9352 9353 9354 9355 9356
9341 9342 9343 9344 9345 9346 9347 9348 9350 9351 9352 9353 9354 9355 9356 9357
9342 9343 9344 9345 9346 9347 9348 9349 9351 9352 9353 9354 9355 9356 9357 9358
9343 9344 9345 9346 9347 9348 9349 9350 9352 9353 9354 9355 9356 9357 9358 9359
9344 9345 9346 9347 9348 9349 9350 9351 9353 9354 9355 9356 9357 9358 9359 9360
9345 9346 9347 9348 9349 9350 9351 9352 9354 9355 9356 9357 9358 9359 9360 9361
9346 9347 9348 9349 9350 9351 9352 9353 9355 9356 9357 9358 9359 9360 9361 9362
9347 9348 9349 9350 9351 9352 9353 9354 9356 9357 9358 9359 9360 9361 9362 9363
9348 9349 9350 9351 9352 9353 9354 9355 9357 9358 9359 9360 9361 9362 9363 9364
9349 9350 9351 9352 9353 9354 9355 9356 9358 9359 9360 9361 9362 9363 9364 9365
9350 9351 9352 9353 9354 9355 9356 9357 9359 9360 9361 9362 9363 9364 9365 9366
9351 9352 9353 9354 9355 9356 9357 9358 9360 9361 9362 9363 9364 9365 9366 9367
9352 9353 9354 9355 9356 9357 9358 9359 9361 9362 9363 9364 9365 9366 9367 9368
9353 9354 9355 9356 9357 9358 9359 9360 9362 9363 9364 9365 9366 9367 9368 9369
9354 9355 9356 9357 9358 9359 9360 9361 9363 9364 9365 9366 9367 9368 9369 9370
9355 9356 9357 9358 9359 9360 9361 9362 9364 9365 9366 9367 9368 9369 9370 9371
9356 9357 9358 9359 9360 9361 9362 9363 9365 9366 9367 9368 9369 9370 9371 9372
9357 9358 9359 9360 9361 9362 9363 9364 9366 9367 9368 9369 9370 9371 9372 9373
9358 9359 9360 9361 9362 9363 9364 9365 9367 9368 9369 9370 9371 9372 9373 9374
9359 9360 9361 9362 9363 9364 9365 9366 9368 9369 9370 9371 9372 9373 9374 9375
9360 9361 9362 9363 9364 9365 9366 9367 9369 9370 9371 9372 9373 9374 9375 9376
9361 9362 9363 9364 9365 9366 9367 9368 9370 9371 9372 9373 9374 9375 9376 9377
9362 9363 9364 9365 9366 9367 9368 9369 9371 9372 9373 9374 9375 9376 9377 9378
9363 9364 9365 9366 9367 9368 9369 9370 9372 9373 9374 9375 9376 9377 9378 9379
9364 9365 9366 9367 9368 9369 9370 9371 9373 9374 9375 9376 9377 9378 9379 9380
9365 9366 9367 9368 9369 9370 9371 9372 9374 9375 9376 9377 9378 9379 9380 9381
9366 9367 9368 9369 9370 9371 9372 9373 9375 9376 9377 9378 9379 9380 9381 9382
9367 9368 9369 9370 9371 9372 9373 9374 9376 9377 9378 9379 9380 9381 9382 9383
9368 9369 9370 9371 9372 9373 9374 9375 9377 9378 9379 9380 9381 9382 9383 9384
9369 9370 9371 9372 9373 9374 9375 9376 9378 9379 9380 9381 9382 9383 9384 9385
9370 9371 9372 9373 9374 9375 9376 9377 9379 9380 9381 9382 9383 9384 9385 9386
9371 9372 9373 9374 9375 9376 9377 9378 9380 9381 9382 9383 9384 9385 9386 9387
9372 9373 9374 9375 9376 9377 9378 9379 9381 9382 9383 9384 9385 9386 9387 9388
9373 9374 9375 9376 9377 9378 9379 9380 9382 9383 9384 9385 9386 9387 9388 9389
9374 9375 9376 9377 9378 9379 9380 9381 9383 9384 9385 9386 9387 9388 9389 9390
9375 9376 9377 9378 9379 9380 9381 9382 9384 9385 9386 9387 9388 9389 9390 9391
9376 9377 9378 9379 9380 9381 9382 9383 9385 9386 9387 9388 9389 9390 9391 9392
9377 9378 9379 9380 9381 9382 9383 9384 9386 9387 9388 9389 9390 9391 9392 9393
9378 9379 9380 9381 9382 9383 9384 9385 9387 9388 9389 9390 9391 9392 9393 9394
9379 9380 9381 9382 9383 9384 9385 9386 9388 9389 9390 9391 9392 9393 9394 9395
9380 9381 9382 9383 9384 9385 9386 9387 9389 9390 9391 9392 9393 9394 9395 9396
9381 9382 9383 9384 9385 9386 9387 9388 9390 9391 9392 9393 9394 9395 9396 9397
9382 9383 9384 9385 9386 9387 9388 9389 9391 9392 9393 9394 9395 9396 9397 9398
9383 9384 9385 9386 9387 9388 9389 9390 9392 9393 9394 9395 9396 9397 9398 9399
9384 9385 9386 9387 9388 9389 9390 9391 9393 9394 9395 9396 9397 9398 9399 9400
9385 9386 9387 9388 9389 9390 9391 9392 9394 9395 9396 9397 9398 9399 9400 9401
9386 9387 9388 9389 9390 9391 9392 9393 9395 9396 9397 9398 9399 9400 9401 9402
9387 9388 9389 9390 9391 9392 9393 9394 9396 9397 9398 9399 9400 9401 9402 9403
9388 9389 9390 9391 9392 9393 9394 9395 9397 9398 9399 9400 9401 9402 9403 9404
9389 9390 9391 9392 9393 9394 9395 9396 9398 9399 9400 9401 9402 9403 9404 9405
9390 9391 9392 9393 9394 9395 9396 9397 9399 9400 9401 9402 9403 9404 9405 9406
9391 9392 9393 9394 9395 9396 9397 9398 9400 9401 9402 9403 9404 9405 9406 9407
9392 9393 9394 9395 9396 9397 9398 9399 9401 9402 9403 9404 9405 9406 9407 9408
9393 9394 9395 9396 9397 9398 9399 9400 9402 9403 9404 9405 9406 9407 9408 9409
9394 9395 9396 9397 9398 9399 9400 9401 9403 9404 9405 9406 9407 9408 9409 9410
9395 9396 9397 9398 9399 9400 9401 9402 9404 9405 9406 9407 9408 9409 9410 9411
9396 9397 9398 9399 9400 9401 9402 9403 9405 9406 9407 9408 9409 9410 9411 9412
9397 9398 9399 9400 9401 9402 9403 9404 9406 9407 9408 9409 9410 9411 9412 9413
9398 9399 9400 9401 9402 9403 9404 9405 9407 9408 9409 9410 9411 9412 9413 9414
9399 9400 9401 9402 9403 9404 9405 9406 9408 9409 9410 9411 9412 9413 9414 9415
9400 9401 9402 9403 9404 9405 9406 9407 9409 9410 9411 9412 9413 9414 9415 9416
9401 9402 9403 9404 9405 9406 9407 9408 9410 9411 9412 9413 9414 9415 9416 9417
9402 9403 9404 9405 9406 9407 9408 9409 9411 9412 9413 9414 9415 9416 9417 9418
9403 9404 9405 9406 9407 9408 9409 9410 9412 9413 9414 9415 9416 9417 9418 9419
9404 9405 9406 9407 9408 9409 9410 9411 9413 9414 9415 9416 9417 9418 9419 9420
9405 9406 9407 9408 9409 9410 9411 9412 9414 9415 9416 9417 9418 9419 9420 9421
9406 9407 9408 9409 9410 9411 9412 9413 9415 9416 9417 9418 9419 9420 9421 9422
9407 9408 9409 9410 9411 9412 9413 9414 9416 9417 9418 9419 9420 9421 9422 9423
9408 9409 9410 9411 9412 9413 9414 9415 9417 9418 9419 9420 9421 9422 9423 9424
9409 9410 9411 9412 9413 9414 9415 9416 9418 9419 9420 9421 9422 9423 9424 9425
9410 9411 9412 9413 9414 9415 9416 9417 9419 9420 9421 9422 9423 9424 9425 9426
9411 9412 9413 9414 9415 9416 9417 9418 9420 9421 9422 9423 9424 9425 9426 9427
9412 9413 9414 9415 9416 9417 9418 9419 9421 9422 9423 9424 9425 9426 9427 9428
9413 9414 9415 9416 9417 9418 9419 9420 9422 9423 9424 9425 9426 9427 9428 9429
9414 9415 9416 9417 9418 9419 9420 9421 9423 9424 9425 9426 9427 9428 9429 9430
9415 9416 9417 9418 9419 9420 9421 9422 9424 9425 9426 9427 9428 9429 9430 9431
9416 9417 9418 9419 9420 9421 9422 9423 9425 9426 9427 9428 9429 9430 9431 9432
9417 9418 9419 9420 9421 9422 9423 9424 9426 9427 9428 9429 9430 9431 9432 9433
9418 9419 9420 9421 9422 9423 9424 9425 9427 9428 9429 9430 9431 9432 9433 9434
9419 9420 9421 9422 9423 9424 9425 9426 9428 9429 9430 9431 9432 9433 9434 9435
9420 9421 9422 9423 9424 9425 9426 9427 9429 9430 9431 9432 9433 9434 9435 9436
9421 9422 9423 9424 9425 9426 9427 9428 9430 9431 9432 9433 9434 9435 9436 9437
9422 9423 9424 9425 9426 9427 9428 9429 9431 9432 9433 9434 9435 9436 9437 9438
9423 9424 9425 9426 9427 9428 9429 9430 9432 9433 9434 9435 9436 9437 9438 9439
9424 9425 9426 9427 9428 9429 9430 9431 9433 9434 9435 9436 9437 9438 9439 9440
9425 9426 9427 9428 9429 9430 9431 9432 9434 9435 9436 9437 9438 9439 9440 9441
9426 9427 9428 9429 9430 9431 9432 9433 9435 9436 9437 9438 9439 9440 9441 9442
9427 9428 9429 9430 9431 9432 9433 9434 9436 9437 9438 9439 9440 9441 9442 9443
9428 9429 9430 9431 9432 9433 9434 9435 9437 9438 9439 9440 9441 9442 9443 9444
9429 9430 9431 9432 9433 9434 9435 9436 9438 9439 9440 9441 9442 9443 9444 9445
9430 9431 9432 9433 9434 9435 9436 9437 9439 9440 9441 9442 9443 9444 9445 9446
9431 9432 9433 9434 9435 9436 9437 9438 9440 9441 9442 9443 9444 9445 9446 9447
9432 9433 9434 9435 9436 9437 9438 9439 9441 9442 9443 9444 9445 9446 9447 9448
9433 9434 9435 9436 9437 9438 9439 9440 9442 9443 9444 9445 9446 9447 9448 9449
9434 9435 9436 9437 9438 9439 9440 9441 9443 9444 9445 9446 9447 9448 9449 9450
9435 9436 9437 9438 9439 9440 9441 9442 9444 9445 9446 9447 9448 9449 9450 9451
9436 9437 9438 9439 9440 9441 9442 9443 9445 9446 9447 9448 9449 9450 9451 9452
9437 9438 9439 9440 9441 9442 9443 9444 9446 9447 9448 9449 9450 9451 9452 9453
9438 9439 9440 9441 9442 9443 9444 9445 9447 9448 9449 9450 9451 9452 9453 9454
9439 9440 9441 9442 9443 9444 9445 9446 9448 9449 9450 9451 9452 9453 9454 9455
9440 9441 9442 9443 9444 9445 9446 9447 9449 9450 9451 9452 9453 9454 9455 9456
9441 9442 9443 9444 9445 9446 9447 9448 9450 9451 9452 9453 9454 9455 9456 9457
9442 9443 9444 9445 9446 9447 9448 9449 9451 9452 9453 9454 9455 9456 9457 9458
9443 9444 9445 9446 9447 9448 9449 9450 9452 9453 9454 9455 9456 9457 9458 9459
9444 9445 9446 9447 9448 9449 9450 9451 9453 9454 9455 9456 9457 9458 9459 9460
9445 9446 9447 9448 9449 9450 9451 9452 9454 9455 9456 9457 9458 9459 9460 9461
9446 9447 9448 9449 9450 9451 9452 9453 9455 9456 9457 9458 9459 9460 9461 9462
9447 9448 9449 9450 9451 9452 9453 9454 9456 9457 9458 9459 9460 9461 9462 9463
9448 9449 9450 9451 9452 9453 9454 9455 9457 9458 9459 9460 9461 9462 9463 9464
9449 9450 9451 9452 9453 9454 9455 9456 9458 9459 9460 9461 9462 9463 9464 9465
9450 9451 9452 9453 9454 9455 9456 9457 9459 9460 9461 9462 9463 9464 9465 9466
9451 9452 9453 9454 9455 9456 9457 9458 9460 9461 9462 9463 9464 9465 9466 9467
9452 9453 9454 9455 9456 9457 9458 9459 9461 9462 9463 9464 9465 9466 9467 9468
9453 9454 9455 9456 9457 9458 9459 9460 9462 9463 9464 9465 9466 9467 9468 9469
9454 9455 9456 9457 9458 9459 9460 9461 9463 9464 9465 9466 9467 9468 9469 9470
9455 9456 9457 9458 9459 9460 9461 9462 9464 9465 9466 9467 9468 9469 9470 9471
9456 9457 9458 9459 9460 9461 9462 9463 9465 9466 9467 9468 9469 9470 9471 9472
9457 9458 9459 9460 9461 9462 9463 9464 9466 9467 9468 9469 9470 9471 9472 9473
9458 9459 9460 9461 9462 9463 9464 9465 9467 9468 9469 9470 9471 9472 9473 9474
9459 9460 9461 9462 9463 9464 9465 9466 9468 9469 9470 9471 9472 9473 9474 9475
9460 9461 9462 9463 9464 9465 9466 9467 9469 9470 9471 9472 9473 9474 9475 9476
9461 9462 9463 9464 9465 9466 9467 9468 9470 9471 9472 9473 9474 9475 9476 9477
9462 9463 9464 9465 9466 9467 9468 9469 9471 9472 9473 9474 9475 9476 9477 9478
9463 9464 9465 9466 9467 9468 9469 9470 9472 9473 9474 9475 9476 9477 9478 9479
9464 9465 9466 9467 9468 9469 9470 9471 9473 9474 9475 9476 9477 9478 9479 9480
9465 9466 9467 9468 9469 9470 9471 9472 9474 9475 9476 9477 9478 9479 9480 9481
9466 9467 9468 9469 9470 9471 9472 9473 9475 9476 9477 9478 9479 9480 9481 9482
9467 9468 9469 9470 9471 9472 9473 9474 9476 9477 9478 9479 9480 9481 9482 9483
9468 9469 9470 9471 9472 9473 9474 9475 9477 9478 9479 9480 9481 9482 9483 9484
9469 9470 9471 9472 9473 9474 9475 9476 9478 9479 9480 9481 9482 9483 9484 9485
9470 9471 9472 9473 9474 9475 9476 9477 9479 9480 9481 9482 9483 9484 9485 9486
9471 9472 9473 9474 9475 9476 9477 9478 9480 9481 9482 9483 9484 9485 9486 9487
9472 9473 9474 9475 9476 9477 9478 9479 9481 9482 9483 9484 9485 9486 9487 9488
9473 9474 9475 9476 9477 9478 9479 9480 9482 9483 9484 9485 9486 9487 9488 9489
9474 9475 9476 9477 9478 9479 9480 9481 9483 9484 9485 9486 9487 9488 9489 9490
9475 9476 9477 9478 9479 9480 9481 9482 9484 9485 9486 9487 9488 9489 9490 9491
9476 9477 9478 9479 9480 9481 9482 9483 9485 9486 9487 9488 9489 9490 9491 9492
9477 9478 9479 9480 9481 9482 9483 9484 9486 9487 9488 9489 9490 9491 9492 9493
9478 9479 9480 9481 9482 9483 9484 9485 9487 9488 9489 9490 9491 9492 9493 9494
9479 9480 9481 9482 9483 9484 9485 9486 9488 9489 9490 9491 9492 9493 9494 9495
9480 9481 9482 9483 9484 9485 9486 9487 9489 9490 9491 9492 9493 9494 9495 9496
9481 9482 9483 9484 9485 9486 9487 9488 9490 9491 9492 9493 9494 9495 9496 9497
9482 9483 9484 9485 9486 9487 9488 9489 9491 9492 9493 9494 9495 9496 9497 9498
9483 9484 9485 9486 9487 9488 9489 9490 9492 9493 9494 9495 9496 9497 9498 9499
9484 9485 9486 9487 9488 9489 9490 9491 9493 9494 9495 9496 9497 9498 9499 9500
9485 9486 9487 9488 9489 9490 9491 9492 9494 9495 9496 9497 9498 9499 9500 9501
9486 9487 9488 9489 9490 9491 9492 9493 9495 9496 9497 9498 9499 9500 9501 9502
9487 9488 9489 9490 9491 9492 9493 9494 9496 9497 9498 9499 9500 9501 9502 9503
9488 9489 9490 9491 9492 9493 9494 9495 9497 9498 9499 9500 9501 9502 9503 9504
9489 9490 9491 9492 9493 9494 9495 9496 9498 9499 9500 9501 9502 9503 9504 9505
9490 9491 9492 9493 9494 9495 9496 9497 9499 9500 9501 9502 9503 9504 9505 9506
9491 9492 9493 9494 9495 9496 9497 9498 9500 9501 9502 9503 9504 9505 9506 9507
9492 9493 9494 9495 9496 9497 9498 9499 9501 9502 9503 9504 9505 9506 9507 9508
9493 9494 9495 9496 9497 9498 9499 9500 9502 9503 9504 9505 9506 9507 9508 9509
9494 9495 9496 9497 9498 9499 9500 9501 9503 9504 9505 9506 9507 9508 9509 9510
9495 9496 9497 9498 9499 9500 9501 9502 9504 9505 9506 9507 9508 9509 9510 9511
9496 9497 9498 9499 9500 9501 9502 9503 9505 9506 9507 9508 9509 9510 9511 9512
9497 9498 9499 9500 9501 9502 9503 9504 9506 9507 9508 9509 9510 9511 9512 9513
9498 9499 9500 9501 9502 9503 9504 9505 9507 9508 9509 9510 9511 9512 9513 9514
9499 9500 9501 9502 9503 9504 9505 9506 9508 9509 9510 9511 9512 9513 9514 9515
9500 9501 9502 9503 9504 9505 9506 9507 9509 9510 9511 9512 9513 9514 9515 9516
9501 9502 9503 9504 9505 9506 9507 9508 9510 9511 9512 9513 9514 9515 9516 9517
9502 9503 9504 9505 9506 9507 9508 9509 9511 9512 9513 9514 9515 9516 9517 9518
9503 9504 9505 9506 9507 9508 9509 9510 9512 9513 9514 9515 9516 9517 9518 9519
9504 9505 9506 9507 9508 9509 9510 9511 9513 9514 9515 9516 9517 9518 9519 9520
9505 9506 9507 9508 9509 9510 9511 9512 9514 9515 9516 9517 9518 9519 9520 9521
9506 9507 9508 9509 9510 9511 9512 9513 9515 9516 9517 9518 9519 9520 9521 9522
9507 9508 9509 9510 9511 9512 9513 9514 9516 9517 9518 9519 9520 9521 9522 9523
9508 9509 9510 9511 9512 9513 9514 9515 9517 9518 9519 9520 9521 9522 9523 9524
9509 9510 9511 9512 9513 9514 9515 9516 9518 9519 9520 9521 9522 9523 9524 9525
9510 9511 9512 9513 9514 9515 9516 9517 9519 9520 9521 9522 9523 9524 9525 9526
9511 9512 9513 9514 9515 9516 9517 9518 9520 9521 9522 9523 9524 9525 9526 9527
9512 9513 9514 9515 9516 9517 9518 9519 9521 9522 9523 9524 9525 9526 9527 9528
9513 9514 9515 9516 9517 9518 9519 9520 9522 9523 9524 9525 9526 9527 9528 9529
9514 9515 9516 9517 9518 9519 9520 9521 9523 9524 9525 9526 9527 9528 9529 9530
9515 9516 9517 9518 9519 9520 9521 9522 9524 9525 9526 9527 9528 9529 9530 9531
9516 9517 9518 9519 9520 9521 9522 9523 9525 9526 9527 9528 9529 9530 9531 9532
9517 9518 9519 9520 9521 9522 9523 9524 9526 9527 9528 9529 9530 9531 9532 9533
9518 9519 9520 9521 9522 9523 9524 9525 9527 9528 9529 9530 9531 9532 9533 9534
9519 9520 9521 9522 9523 9524 9525 9526 9528 9529 9530 9531 9532 9533 9534 9535
9520 9521 9522 9523 9524 9525 9526 9527 9529 9530 9531 9532 9533 9534 9535 9536
9521 9522 9523 9524 9525 9526 9527 9528 9530 9531 9532 9533 9534 9535 9536 9537
9522 9523 9524 9525 9526 9527 9528 9529 9531 9532 9533 9534 9535 9536 9537 9538
9523 9524 9525 9526 9527 9528 9529 9530 9532 9533 9534 9535 9536 9537 9538 9539
9524 9525 9526 9527 9528 9529 9530 9531 9533 9534 9535 9536 9537 9538 9539 9540
9525 9526 9527 9528 9529 9530 9531 9532 9534 9535 9536 9537 9538 9539 9540 9541
9526 9527 9528 9529 9530 9531 9532 9533 9535 9536 9537 9538 9539 9540 9541 9542
9527 9528 9529 9530 9531 9532 9533 9534 9536 9537 9538 9539 9540 9541 9542 9543
9528 9529 9530 9531 9532 9533 9534 9535 9537 9538 9539 9540 9541 9542 9543 9544
9529 9530 9531 9532 9533 9534 9535 9536 9538 9539 9540 9541 9542 9543 9544 9545
9530 9531 9532 9533 9534 9535 9536 9537 9539 9540 9541 9542 9543 9544 9545 9546
9531 9532 9533 9534 9535 9536 9537 9538 9540 9541 9542 9543 9544 9545 9546 9547
9532 9533 9534 9535 9536 9537 9538 9539 9541 9542 9543 9544 9545 9546 9547 9548
9533 9534 9535 9536 9537 9538 9539 9540 9542 9543 9544 9545 9546 9547 9548 9549
9534 9535 9536 9537 9538 9539 9540 9541 9543 9544 9545 9546 9547 9548 9549 9550
9535 9536 9537 9538 9539 9540 9541 9542 9544 9545 9546 9547 9548 9549 9550 9551
9536 9537 9538 9539 9540 9541 9542 9543 9545 9546 9547 9548 9549 9550 9551 9552
9537 9538 9539 9540 9541 9542 9543 9544 9546 9547 9548 9549 9550 9551 9552 9553
9538 9539 9540 9541 9542 9543 9544 9545 9547 9548 9549 9550 9551 9552 9553 9554
9539 9540 9541 9542 9543 9544 9545 9546 9548 9549 9550 9551 9552 9553 9554 9555
9540 9541 9542 9543 9544 9545 9546 9547 9549 9550 9551 9552 9553 9554 9555 9556
9541 9542 9543 9544 9545 9546 9547 9548 9550 9551 9552 9553 9554 9555 9556 9557
9542 9543 9544 9545 9546 9547 9548 9549 9551 9552 9553 9554 9555 9556 9557 9558
9543 9544 9545 9546 9547 9548 9549 9550 9552 9553 9554 9555 9556 9557 9558 9559
9544 9545 9546 9547 9548 9549 9550 9551 9553 9554 9555 9556 9557 9558 9559 9560
9545 9546 9547 9548 9549 9550 9551 9552 9554 9555 9556 9557 9558 9559 9560 9561
9546 9547 9548 9549 9550 9551 9552 9553 9555 9556 9557 9558 9559 9560 9561 9562
9547 9548 9549 9550 9551 9552 9553 9554 9556 9557 9558 9559 9560 9561 9562 9563
9548 9549 9550 9551 9552 9553 9554 9555 9557 9558 9559 9560 9561 9562 9563 9564
9549 9550 9551 9552 9553 9554 9555 9556 9558 9559 9560 9561 9562 9563 9564 9565
9550 9551 9552 9553 9554 9555 9556 9557 9559 9560 9561 9562 9563 9564 9565 9566
9551 9552 9553 9554 9555 9556 9557 9558 9560 9561 9562 9563 9564 9565 9566 9567
9552 9553 9554 9555 9556 9557 9558 9559 9561 9562 9563 9564 9565 9566 9567 9568
9553 9554 9555 9556 9557 9558 9559 9560 9562 9563 9564 9565 9566 9567 9568 9569
9554 9555 9556 9557 9558 9559 9560 9561 9563 9564 9565 9566 9567 9568 9569 9570
9555 9556 9557 9558 9559 9560 9561 9562 9564 9565 9566 9567 9568 9569 9570 9571
9556 9557 9558 9559 9560 9561 9562 9563 9565 9566 9567 9568 9569 9570 9571 9572
9557 9558 9559 9560 9561 9562 9563 9564 9566 9567 9568 9569 9570 9571 9572 9573
9558 9559 9560 9561 9562 9563 9564 9565 9567 9568 9569 9570 9571 9572 9573 9574
9559 9560 9561 9562 9563 9564 9565 9566 9568 9569 9570 9571 9572 9573 9574 9575
9560 9561 9562 9563 9564 9565 9566 9567 9569 9570 9571 9572 9573 9574 9575 9576
9561 9562 9563 9564 9565 9566 9567 9568 9570 9571 9572 9573 9574 9575 9576 9577
9562 9563 9564 9565 9566 9567 9568 9569 9571 9572 9573 9574 9575 9576 9577 9578
9563 9564 9565 9566 9567 9568 9569 9570 9572 9573 9574 9575 9576 9577 9578 9579
9564 9565 9566 9567 9568 9569 9570 9571 9573 9574 9575 9576 9577 9578 9579 9580
9565 9566 9567 9568 9569 9570 9571 9572 9574 9575 9576 9577 9578 9579 9580 9581
9566 9567 9568 9569 9570 9571 9572 9573 9575 9576 9577 9578 9579 9580 9581 9582
9567 9568 9569 9570 9571 9572 9573 9574 9576 9577 9578 9579 9580 9581 9582 9583
9568 9569 9570 9571 9572 9573 9574 9575 9577 9578 9579 9580 9581 9582 9583 9584
9569 9570 9571 9572 9573 9574 9575 9576 9578 9579 9580 9581 9582 9583 9584 9585
9570 9571 9572 9573 9574 9575 9576 9577 9579 9580 9581 9582 9583 9584 9585 9586
9571 9572 9573 9574 9575 9576 9577 9578 9580 9581 9582 9583 9584 9585 9586 9587
9572 9573 9574 9575 9576 9577 9578 9579 9581 9582 9583 9584 9585 9586 9587 9588
9573 9574 9575 9576 9577 9578 9579 9580 9582 9583 9584 9585 9586 9587 9588 9589
9574 9575 9576 9577 9578 9579 9580 9581 9583 9584 9585 9586 9587 9588 9589 9590
9575 9576 9577 9578 9579 9580 9581 9582 9584 9585 9586 9587 9588 9589 9590 9591
9576 9577 9578 9579 9580 9581 9582 9583 9585 9586 9587 9588 9589 9590 9591 9592
9577 9578 9579 9580 9581 9582 9583 9584 9586 9587 9588 9589 9590 9591 9592 9593
9578 9579 9580 9581 9582 9583 9584 9585 9587 9588 9589 9590 9591 9592 9593 9594
9579 9580 9581 9582 9583 9584 9585 9586 9588 9589 9590 9591 9592 9593 9594 9595
9580 9581 9582 9583 9584 9585 9586 9587 9589 9590 9591 9592 9593 9594 9595 9596
9581 9582 9583 9584 9585 9586 9587 9588 9590 9591 9592 9593 9594 9595 9596 9597
9582 9583 9584 9585 9586 9587 9588 9589 9591 9592 9593 9594 9595 9596 9597 9598
9583 9584 9585 9586 9587 9588 9589 9590 9592 9593 9594 9595 9596 9597 9598 9599
9584 9585 9586 9587 9588 9589 9590 9591 9593 9594 9595 9596 9597 9598 9599 9600
9585 9586 9587 9588 9589 9590 9591 9592 9594 9595 9596 9597 9598 9599 9600 9601
9586 9587 9588 9589 9590 9591 9592 9593 9595 9596 9597 9598 9599 9600 9601 9602
9587 9588 9589 9590 9591 9592 9593 9594 9596 9597 9598 9599 9600 9601 9602 9603
9588 9589 9590 9591 9592 9593 9594 9595 9597 9598 9599 9600 9601 9602 9603 9604
9589 9590 9591 9592 9593 9594 9595 9596 9598 9599 9600 9601 9602 9603 9604 9605
9590 9591 9592 9593 9594 9595 9596 9597 9599 9600 9601 9602 9603 9604 9605 9606
9591 9592 9593 9594 9595 9596 9597 9598 9600 9601 9602 9603 9604 9605 9606 9607
9592 9593 9594 9595 9596 9597 9598 9599 9601 9602 9603 9604 9605 9606 9607 9608
9593 9594 9595 9596 9597 9598 9599 9600 9602 9603 9604 9605 9606 9607 9608 9609
9594 9595 9596 9597 9598 9599 9600 9601 9603 9604 9605 9606 9607 9608 9609 9610
9595 9596 9597 9598 9599 9600 9601 9602 9604 9605 9606 9607 9608 9609 9610 9611
9596 9597 9598 9599 9600 9601 9602 9603 9605 9606 9607 9608 9609 9610 9611 9612
9597 9598 9599 9600 9601 9602 9603 9604 9606 9607 9608 9609 9610 9611 9612 9613
9598 9599 9600 9601 9602 9603 9604 9605 9607 9608 9609 9610 9611 9612 9613 9614
9599 9600 9601 9602 9603 9604 9605 9606 9608 9609 9610 9611 9612 9613 9614 9615
9600 9601 9602 9603 9604 9605 9606 9607 9609 9610 9611 9612 9613 9614 9615 9616
9601 9602 9603 9604 9605 9606 9607 9608 9610 9611 9612 9613 9614 9615 9616 9617
9602 9603 9604 9605 9606 9607 9608 9609 9611 9612 9613 9614 9615 9616 9617 9618
9603 9604 9605 9606 9607 9608 9609 9610 9612 9613 9614 9615 9616 9617 9618 9619
9604 9605 9606 9607 9608 9609 9610 9611 9613 9614 9615 9616 9617 9618 9619 9620
9605 9606 9607 9608 9609 9610 9611 9612 9614 9615 9616 9617 9618 9619 9620 9621
9606 9607 9608 9609 9610 9611 9612 9613 9615 9616 9617 9618 9619 9620 9621 9622
9607 9608 9609 9610 9611 9612 9613 9614 9616 9617 9618 9619 9620 9621 9622 9623
9608 9609 9610 9611 9612 9613 9614 9615 9617 9618 9619 9620 9621 9622 9623 9624
9609 9610 9611 9612 9613 9614 9615 9616 9618 9619 9620 9621 9622 9623 9624 9625
9610 9611 9612 9613 9614 9615 9616 9617 9619 9620 9621 9622 9623 9624 9625 9626
9611 9612 9613 9614 9615 9616 9617 9618 9620 9621 9622 9623 9624 9625 9626 9627
9612 9613 9614 9615 9616 9617 9618 9619 9621 9622 9623 9624 9625 9626 9627 9628
9613 9614 9615 9616 9617 9618 9619 9620 9622 9623 9624 9625 9626 9627 9628 9629
9614 9615 9616 9617 9618 9619 9620 9621 9623 9624 9625 9626 9627 9628 9629 9630
9615 9616 9617 9618 9619 9620 9621 9622 9624 9625 9626 9627 9628 9629 9630 9631
9616 9617 9618 9619 9620 9621 9622 9623 9625 9626 9627 9628 9629 9630 9631 9632
9617 9618 9619 9620 9621 9622 9623 9624 9626 9627 9628 9629 9630 9631 9632 9633
9618 9619 9620 9621 9622 9623 9624 9625 9627 9628 9629 9630 9631 9632 9633 9634
9619 9620 9621 9622 9623 9624 9625 9626 9628 9629 9630 9631 9632 9633 9634 9635
9620 9621 9622 9623 9624 9625 9626 9627 9629 9630 9631 9632 9633 9634 9635 9636
9621 9622 9623 9624 9625 9626 9627 9628 9630 9631 9632 9633 9634 9635 9636 9637
9622 9623 9624 9625 9626 9627 9628 9629 9631 9632 9633 9634 9635 9636 9637 9638
9623 9624 9625 9626 9627 9628 9629 9630 9632 9633 9634 9635 9636 9637 9638 9639
9624 9625 9626 9627 9628 9629 9630 9631 9633 9634 9635 9636 9637 9638 9639 9640
9625 9626 9627 9628 9629 9630 9631 9632 9634 9635 9636 9637 9638 9639 9640 9641
9626 9627 9628 9629 9630 9631 9632 9633 9635 9636 9637 9638 9639 9640 9641 9642
9627 9628 9629 9630 9631 9632 9633 9634 9636 9637 9638 9639 9640 9641 9642 9643
9628 9629 9630 9631 9632 9633 9634 9635 9637 9638 9639 9640 9641 9642 9643 9644
9629 9630 9631 9632 9633 9634 9635 9636 9638 9639 9640 9641 9642 9643 9644 9645
9630 9631 9632 9633 9634 9635 9636 9637 9639 9640 9641 9642 9643 9644 9645 9646
9631 9632 9633 9634 9635 9636 9637 9638 9640 9641 9642 9643 9644 9645 9646 9647
9632 9633 9634 9635 9636 9637 9638 9639 9641 9642 9643 9644 9645 9646 9647 9648
9633 9634 9635 9636 9637 9638 9639 9640 9642 9643 9644 9645 9646 9647 9648 9649
9634 9635 9636 9637 9638 9639 9640 9641 9643 9644 9645 9646 9647 9648 9649 9650
9635 9636 9637 9638 9639 9640 9641 9642 9644 9645 9646 9647 9648 9649 9650 9651
9636 9637 9638 9639 9640 9641 9642 9643 9645 9646 9647 9648 9649 9650 9651 9652
9637 9638 9639 9640 9641 9642 9643 9644 9646 9647 9648 9649 9650 9651 9652 9653
9638 9639 9640 9641 9642 9643 9644 9645 9647 9648 9649 9650 9651 9652 9653 9654
9639 9640 9641 9642 9643 9644 9645 9646 9648 9649 9650 9651 9652 9653 9654 9655
9640 9641 9642 9643 9644 9645 9646 9647 9649 9650 9651 9652 9653 9654 9655 9656
9641 9642 9643 9644 9645 9646 9647 9648 9650 9651 9652 9653 9654 9655 9656 9657
9642 9643 9644 9645 9646 9647 9648 9649 9651 9652 9653 9654 9655 9656 9657 9658
9643 9644 9645 9646 9647 9648 9649 9650 9652 9653 9654 9655 9656 9657 9658 9659
9644 9645 9646 9647 9648 9649 9650 9651 9653 9654 9655 9656 9657 9658 9659 9660
9645 9646 9647 9648 9649 9650 9651 9652 9654 9655 9656 9657 9658 9659 9660 9661
9646 9647 9648 9649 9650 9651 9652 9653 9655 9656 9657 9658 9659 9660 9661 9662
9647 9648 9649 9650 9651 9652 9653 9654 9656 9657 9658 9659 9660 9661 9662 9663
9648 9649 9650 9651 9652 9653 9654 9655 9657 9658 9659 9660 9661 9662 9663 9664
9649 9650 9651 9652 9653 9654 9655 9656 9658 9659 9660 9661 9662 9663 9664 9665
9650 9651 9652 9653 9654 9655 9656 9657 9659 9660 9661 9662 9663 9664 9665 9666
9651 9652 9653 9654 9655 9656 9657 9658 9660 9661 9662 9663 9664 9665 9666 9667
9652 9653 9654 9655 9656 9657 9658 9659 9661 9662 9663 9664 9665 9666 9667 9668
9653 9654 9655 9656 9657 9658 9659 9660 9662 9663 9664 9665 9666 9667 9668 9669
9654 9655 9656 9657 9658 9659 9660 9661 9663 9664 9665 9666 9667 9668 9669 9670
9655 9656 9657 9658 9659 9660 9661 9662 9664 9665 9666 9667 9668 9669 9670 9671
9656 9657 9658 9659 9660 9661 9662 9663 9665 9666 9667 9668 9669 9670 9671 9672
9657 9658 9659 9660 9661 9662 9663 9664 9666 9667 9668 9669 9670 9671 9672 9673
9658 9659 9660 9661 9662 9663 9664 9665 9667 9668 9669 9670 9671 9672 9673 9674
9659 9660 9661 9662 9663 9664 9665 9666 9668 9669 9670 9671 9672 9673 9674 9675
9660 9661 9662 9663 9664 9665 9666 9667 9669 9670 9671 9672 9673 9674 9675 9676
9661 9662 9663 9664 9665 9666 9667 9668 9670 9671 9672 9673 9674 9675 9676 9677
9662 9663 9664 9665 9666 9667 9668 9669 9671 9672 9673 9674 9675 9676 9677 9678
9663 9664 9665 9666 9667 9668 9669 9670 9672 9673 9674 9675 9676 9677 9678 9679
9664 9665 9666 9667 9668 9669 9670 9671 9673 9674 9675 9676 9677 9678 9679 9680
9665 9666 9667 9668 9669 9670 9671 9672 9674 9675 9676 9677 9678 9679 9680 9681
9666 9667 9668 9669 9670 9671 9672 9673 9675 9676 9677 9678 9679 9680 9681 9682
9667 9668 9669 9670 9671 9672 9673 9674 9676 9677 9678 9679 9680 9681 9682 9683
9668 9669 9670 9671 9672 9673 9674 9675 9677 9678 9679 9680 9681 9682 9683 9684
9669 9670 9671 9672 9673 9674 9675 9676 9678 9679 9680 9681 9682 9683 9684 9685
9670 9671 9672 9673 9674 9675 9676 9677 9679 9680 9681 9682 9683 9684 9685 9686
9671 9672 9673 9674 9675 9676 9677 9678 9680 9681 9682 9683 9684 9685 9686 9687
9672 9673 9674 9675 9676 9677 9678 9679 9681 9682 9683 9684 9685 9686 9687 9688
9673 9674 9675 9676 9677 9678 9679 9680 9682 9683 9684 9685 9686 9687 9688 9689
9674 9675 9676 9677 9678 9679 9680 9681 9683 9684 9685 9686 9687 9688 9689 9690
9675 9676 9677 9678 9679 9680 9681 9682 9684 9685 9686 9687 9688 9689 9690 9691
9676 9677 9678 9679 9680 9681 9682 9683 9685 9686 9687 9688 9689 9690 9691 9692
9677 9678 9679 9680 9681 9682 9683 9684 9686 9687 9688 9689 9690 9691 9692 9693
9678 9679 9680 9681 9682 9683 9684 9685 9687 9688 9689 9690 9691 9692 9693 9694
9679 9680 9681 9682 9683 9684 9685 9686 9688 9689 9690 9691 9692 9693 9694 9695
9680 9681 9682 9683 9684 9685 9686 9687 9689 9690 9691 9692 9693 9694 9695 9696
9681 9682 9683 9684 9685 9686 9687 9688 9690 9691 9692 9693 9694 9695 9696 9697
9682 9683 9684 9685 9686 9687 9688 9689 9691 9692 9693 9694 9695 9696 9697 9698
9683 9684 9685 9686 9687 9688 9689 9690 9692 9693 9694 9695 9696 9697 9698 9699
9684 9685 9686 9687 9688 9689 9690 9691 9693 9694 9695 9696 9697 9698 9699 9700
9685 9686 9687 9688 9689 9690 9691 9692 9694 9695 9696 9697 9698 9699 9700 9701
9686 9687 9688 9689 9690 9691 9692 9693 9695 9696 9697 9698 9699 9700 9701 9702
9687 9688 9689 9690 9691 9692 9693 9694 9696 9697 9698 9699 9700 9701 9702 9703
9688 9689 9690 9691 9692 9693 9694 9695 9697 9698 9699 9700 9701 9702 9703 9704
9689 9690 9691 9692 9693 9694 9695 9696 9698 9699 9700 9701 9702 9703 9704 9705
9690 9691 9692 9693 9694 9695 9696 9697 9699 9700 9701 9702 9703 9704 9705 9706
9691 9692 9693 9694 9695 9696 9697 9698 9700 9701 9702 9703 9704 9705 9706 9707
9692 9693 9694 9695 9696 9697 9698 9699 9701 9702 9703 9704 9705 9706 9707 9708
9693 9694 9695 9696 9697 9698 9699 9700 9702 9703 9704 9705 9706 9707 9708 9709
9694 9695 9696 9697 9698 9699 9700 9701 9703 9704 9705 9706 9707 9708 9709 9710
9695 9696 9697 9698 9699 9700 9701 9702 9704 9705 9706 9707 9708 9709 9710 9711
9696 9697 9698 9699 9700 9701 9702 9703 9705 9706 9707 9708 9709 9710 9711 9712
9697 9698 9699 9700 9701 9702 9703 9704 9706 9707 9708 9709 9710 9711 9712 9713
9698 9699 9700 9701 9702 9703 9704 9705 9707 9708 9709 9710 9711 9712 9713 9714
9699 9700 9701 9702 9703 9704 9705 9706 9708 9709 9710 9711 9712 9713 9714 9715
9700 9701 9702 9703 9704 9705 9706 9707 9709 9710 9711 9712 9713 9714 9715 9716
9701 9702 9703 9704 9705 9706 9707 9708 9710 9711 9712 9713 9714 9715 9716 9717
9702 9703 9704 9705 9706 9707 9708 9709 9711 9712 9713 9714 9715 9716 9717 9718
9703 9704 9705 9706 9707 9708 9709 9710 9712 9713 9714 9715 9716 9717 9718 9719
9704 9705 9706 9707 9708 9709 9710 9711 9713 9714 9715 9716 9717 9718 9719 9720
9705 9706 9707 9708 9709 9710 9711 9712 9714 9715 9716 9717 9718 9719 9720 9721
9706 9707 9708 9709 9710 9711 9712 9713 9715 9716 9717 9718 9719 9720 9721 9722
9707 9708 9709 9710 9711 9712 9713 9714 9716 9717 9718 9719 9720 9721 9722 9723
9708 9709 9710 9711 9712 9713 9714 9715 9717 9718 9719 9720 9721 9722 9723 9724
9709 9710 9711 9712 9713 9714 9715 9716 9718 9719 9720 9721 9722 9723 9724 9725
9710 9711 9712 9713 9714 9715 9716 9717 9719 9720 9721 9722 9723 9724 9725 9726
9711 9712 9713 9714 9715 9716 9717 9718 9720 9721 9722 9723 9724 9725 9726 9727
9712 9713 9714 9715 9716 9717 9718 9719 9721 9722 9723 9724 9725 9726 9727 9728
9713 9714 9715 9716 9717 9718 9719 9720 9722 9723 9724 9725 9726 9727 9728 9729
9714 9715 9716 9717 9718 9719 9720 9721 9723 9724 9725 9726 9727 9728 9729 9730
9715 9716 9717 9718 9719 9720 9721 9722 9724 9725 9726 9727 9728 9729 9730 9731
9716 9717 9718 9719 9720 9721 9722 9723 9725 9726 9727 9728 9729 9730 9731 9732
9717 9718 9719 9720 9721 9722 9723 9724 9726 9727 9728 9729 9730 9731 9732 9733
9718 9719 9720 9721 9722 9723 9724 9725 9727 9728 9729 9730 9731 9732 9733 9734
9719 9720 9721 9722 9723 9724 9725 9726 9728 9729 9730 9731 9732 9733 9734 9735
9720 9721 9722 9723 9724 9725 9726 9727 9729 9730 9731 9732 9733 9734 9735 9736
9721 9722 9723 9724 9725 9726 9727 9728 9730 9731 9732 9733 9734 9735 9736 9737
9722 9723 9724 9725 9726 9727 9728 9729 9731 9732 9733 9734 9735 9736 9737 9738
9723 9724 9725 9726 9727 9728 9729 9730 9732 9733 9734 9735 9736 9737 9738 9739
9724 9725 9726 9727 9728 9729 9730 9731 9733 9734 9735 9736 9737 9738 9739 9740
9725 9726 9727 9728 9729 9730 9731 9732 9734 9735 9736 9737 9738 9739 9740 9741
9726 9727 9728 9729 9730 9731 9732 9733 9735 9736 9737 9738 9739 9740 9741 9742
9727 9728 9729 9730 9731 9732 9733 9734 9736 9737 9738 9739 9740 9741 9742 9743
9728 9729 9730 9731 9732 9733 9734 9735 9737 9738 9739 9740 9741 9742 9743 9744
9729 9730 9731 9732 9733 9734 9735 9736 9738 9739 9740 9741 9742 9743 9744 9745
9730 9731 9732 9733 9734 9735 9736 9737 9739 9740 9741 9742 9743 9744 9745 9746
9731 9732 9733 9734 9735 9736 9737 9738 9740 9741 9742 9743 9744 9745 9746 9747
9732 9733 9734 9735 9736 9737 9738 9739 9741 9742 9743 9744 9745 9746 9747 9748
9733 9734 9735 9736 9737 9738 9739 9740 9742 9743 9744 9745 9746 9747 9748 9749
9734 9735 9736 9737 9738 9739 9740 9741 9743 9744 9745 9746 9747 9748 9749 9750
9735 9736 9737 9738 9739 9740 9741 9742 9744 9745 9746 9747 9748 9749 9750 9751
9736 9737 9738 9739 9740 9741 9742 9743 9745 9746 9747 9748 9749 9750 9751 9752
9737 9738 9739 9740 9741 9742 9743 9744 9746 9747 9748 9749 9750 9751 9752 9753
9738 9739 9740 9741 9742 9743 9744 9745 9747 9748 9749 9750 9751 9752 9753 9754
9739 9740 9741 9742 9743 9744 9745 9746 9748 9749 9750 9751 9752 9753 9754 9755
9740 9741 9742 9743 9744 9745 9746 9747 9749 9750 9751 9752 9753 9754 9755 9756
9741 9742 9743 9744 9745 9746 9747 9748 9750 9751 9752 9753 9754 9755 9756 9757
9742 9743 9744 9745 9746 9747 9748 9749 9751 9752 9753 9754 9755 9756 9757 9758
9743 9744 9745 9746 9747 9748 9749 9750 9752 9753 9754 9755 9756 9757 9758 9759
9744 9745 9746 9747 9748 9749 9750 9751 9753 9754 9755 9756 9757 9758 9759 9760
9745 9746 9747 9748 9749 9750 9751 9752 9754 9755 9756 9757 9758 9759 9760 9761
9746 9747 9748 9749 9750 9751 9752 9753 9755 9756 9757 9758 9759 9760 9761 9762
9747 9748 9749 9750 9751 9752 9753 9754 9756 9757 9758 9759 9760 9761 9762 9763
9748 9749 9750 9751 9752 9753 9754 9755 9757 9758 9759 9760 9761 9762 9763 9764
9749 9750 9751 9752 9753 9754 9755 9756 9758 9759 9760 9761 9762 9763 9764 9765
9750 9751 9752 9753 9754 9755 9756 9757 9759 9760 9761 9762 9763 9764 9765 9766
9751 9752 9753 9754 9755 9756 9757 9758 9760 9761 9762 9763 9764 9765 9766 9767
9752 9753 9754 9755 9756 9757 9758 9759 9761 9762 9763 9764 9765 9766 9767 9768
9753 9754 9755 9756 9757 9758 9759 9760 9762 9763 9764 9765 9766 9767 9768 9769
9754 9755 9756 9757 9758 9759 9760 9761 9763 9764 9765 9766 9767 9768 9769 9770
9755 9756 9757 9758 9759 9760 9761 9762 9764 9765 9766 9767 9768 9769 9770 9771
9756 9757 9758 9759 9760 9761 9762 9763 9765 9766 9767 9768 9769 9770 9771 9772
9757 9758 9759 9760 9761 9762 9763 9764 9766 9767 9768 9769 9770 9771 9772 9773
9758 9759 9760 9761 9762 9763 9764 9765 9767 9768 9769 9770 9771 9772 9773 9774
9759 9760 9761 9762 9763 9764 9765 9766 9768 9769 9770 9771 9772 9773 9774 9775
9760 9761 9762 9763 9764 9765 9766 9767 9769 9770 9771 9772 9773 9774 9775 9776
9761 9762 9763 9764 9765 9766 9767 9768 9770 9771 9772 9773 9774 9775 9776 9777
9762 9763 9764 9765 9766 9767 9768 9769 9771 9772 9773 9774 9775 9776 9777 9778
9763 9764 9765 9766 9767 9768 9769 9770 9772 9773 9774 9775 9776 9777 9778 9779
9764 9765 9766 9767 9768 9769 9770 9771 9773 9774 9775 9776 9777 9778 9779 9780
9765 9766 9767 9768 9769 9770 9771 9772 9774 9775 9776 9777 9778 9779 9780 9781
9766 9767 9768 9769 9770 9771 9772 9773 9775 9776 9777 9778 9779 9780 9781 9782
9767 9768 9769 9770 9771 9772 9773 9774 9776 9777 9778 9779 9780 9781 9782 9783
9768 9769 9770 9771 9772 9773 9774 9775 9777 9778 9779 9780 9781 9782 9783 9784
9769 9770 9771 9772 9773 9774 9775 9776 9778 9779 9780 9781 9782 9783 9784 9785
9770 9771 9772 9773 9774 9775 9776 9777 9779 9780 9781 9782 9783 9784 9785 9786
9771 9772 9773 9774 9775 9776 9777 9778 9780 9781 9782 9783 9784 9785 9786 9787
9772 9773 9774 9775 9776 9777 9778 9779 9781 9782 9783 9784 9785 9786 9787 9788
9773 9774 9775 9776 9777 9778 9779 9780 9782 9783 9784 9785 9786 9787 9788 9789
9774 9775 9776 9777 9778 9779 9780 9781 9783 9784 9785 9786 9787 9788 9789 9790
9775 9776 9777 9778 9779 9780 9781 9782 9784 9785 9786 9787 9788 9789 9790 9791
9776 9777 9778 9779 9780 9781 9782 9783 9785 9786 9787 9788 9789 9790 9791 9792
9777 9778 9779 9780 9781 9782 9783 9784 9786 9787 9788 9789 9790 9791 9792 9793
9778 9779 9780 9781 9782 9783 9784 9785 9787 9788 9789 9790 9791 9792 9793 9794
9779 9780 9781 9782 9783 9784 9785 9786 9788 9789 9790 9791 9792 9793 9794 9795
9780 9781 9782 9783 9784 9785 9786 9787 9789 9790 9791 9792 9793 9794 9795 9796
9781 9782 9783 9784 9785 9786 9787 9788 9790 9791 9792 9793 9794 9795 9796 9797
9782 9783 9784 9785 9786 9787 9788 9789 9791 9792 9793 9794 9795 9796 9797 9798
9783 9784 9785 9786 9787 9788 9789 9790 9792 9793 9794 9795 9796 9797 9798 9799
9784 9785 9786 9787 9788 9789 9790 9791 9793 9794 9795 9796 9797 9798 9799 9800
9785 9786 9787 9788 9789 9790 9791 9792 9794 9795 9796 9797 9798 9799 9800 9801
9786 9787 9788 9789 9790 9791 9792 9793 9795 9796 9797 9798 9799 9800 9801 9802
9787 9788 9789 9790 9791 9792 9793 9794 9796 9797 9798 9799 9800 9801 9802 9803
9788 9789 9790 9791 9792 9793 9794 9795 9797 9798 9799 9800 9801 9802 9803 9804
9789 9790 9791 9792 9793 9794 9795 9796 9798 9799 9800 9801 9802 9803 9804 9805
9790 9791 9792 9793 9794 9795 9796 9797 9799 9800 9801 9802 9803 9804 9805 9806
9791 9792 9793 9794 9795 9796 9797 9798 9800 9801 9802 9803 9804 9805 9806 9807
9792 9793 9794 9795 9796 9797 9798 9799 9801 9802 9803 9804 9805 9806 9807 9808
9793 9794 9795 9796 9797 9798 9799 9800 9802 9803 9804 9805 9806 9807 9808 9809
9794 9795 9796 9797 9798 9799 9800 9801 9803 9804 9805 9806 9807 9808 9809 9810
9795 9796 9797 9798 9799 9800 9801 9802 9804 9805 9806 9807 9808 9809 9810 9811
9796 9797 9798 9799 9800 9801 9802 9803 9805 9806 9807 9808 9809 9810 9811 9812
9797 9798 9799 9800 9801 9802 9803 9804 9806 9807 9808 9809 9810 9811 9812 9813
9798 9799 9800 9801 9802 9803 9804 9805 9807 9808 9809 9810 9811 9812 9813 9814
9799 9800 9801 9802 9803 9804 9805 9806 9808 9809 9810 9811 9812 9813 9814 9815
9800 9801 9802 9803 9804 9805 9806 9807 9809 9810 9811 9812 9813 9814 9815 9816
9801 9802 9803 9804 9805 9806 9807 9808 9810 9811 9812 9813 9814 9815 9816 9817
9802 9803 9804 9805 9806 9807 9808 9809 9811 9812 9813 9814 9815 9816 9817 9818
9803 9804 9805 9806 9807 9808 9809 9810 9812 9813 9814 9815 9816 9817 9818 9819
9804 9805 9806 9807 9808 9809 9810 9811 9813 9814 9815 9816 9817 9818 9819 9820
9805 9806 9807 9808 9809 9810 9811 9812 9814 9815 9816 9817 9818 9819 9820 9821
9806 9807 9808 9809 9810 9811 9812 9813 9815 9816 9817 9818 9819 9820 9821 9822
9807 9808 9809 9810 9811 9812 9813 9814 9816 9817 9818 9819 9820 9821 9822 9823
9808 9809 9810 9811 9812 9813 9814 9815 9817 9818 9819 9820 9821 9822 9823 9824
9809 9810 9811 9812 9813 9814 9815 9816 9818 9819 9820 9821 9822 9823 9824 9825
9810 9811 9812 9813 9814 9815 9816 9817 9819 9820 9821 9822 9823 9824 9825 9826
9811 9812 9813 9814 9815 9816 9817 9818 9820 9821 9822 9823 9824 9825 9826 9827
9812 9813 9814 9815 9816 9817 9818 9819 9821 9822 9823 9824 9825 9826 9827 9828
9813 9814 9815 9816 9817 9818 9819 9820 9822 9823 9824 9825 9826 9827 9828 9829
9814 9815 9816 9817 9818 9819 9820 9821 9823 9824 9825 9826 9827 9828 9829 9830
9815 9816 9817 9818 9819 9820 9821 9822 9824 9825 9826 9827 9828 9829 9830 9831
9816 9817 9818 9819 9820 9821 9822 9823 9825 9826 9827 9828 9829 9830 9831 9832
9817 9818 9819 9820 9821 9822 9823 9824 9826 9827 9828 9829 9830 9831 9832 9833
9818 9819 9820 9821 9822 9823 9824 9825 9827 9828 9829 9830 9831 9832 9833 9834
9819 9820 9821 9822 9823 9824 9825 9826 9828 9829 9830 9831 9832 9833 9834 9835
9820 9821 9822 9823 9824 9825 9826 9827 9829 9830 9831 9832 9833 9834 9835 9836
9821 9822 9823 9824 9825 9826 9827 9828 9830 9831 9832 9833 9834 9835 9836 9837
9822 9823 9824 9825 9826 9827 9828 9829 9831 9832 9833 9834 9835 9836 9837 9838
9823 9824 9825 9826 9827 9828 9829 9830 9832 9833 9834 9835 9836 9837 9838 9839
9824 9825 9826 9827 9828 9829 9830 9831 9833 9834 9835 9836 9837 9838 9839 9840
9825 9826 9827 9828 9829 9830 9831 9832 9834 9835 9836 9837 9838 9839 9840 9841
9826 9827 9828 9829 9830 9831 9832 9833 9835 9836 9837 9838 9839 9840 9841 9842
9827 9828 9829 9830 9831 9832 9833 9834 9836 9837 9838 9839 9840 9841 9842 9843
9828 9829 9830 9831 9832 9833 9834 9835 9837 9838 9839 9840 9841 9842 9843 9844
9829 9830 9831 9832 9833 9834 9835 9836 9838 9839 9840 9841 9842 9843 9844 9845
9830 9831 9832 9833 9834 9835 9836 9837 9839 9840 9841 9842 9843 9844 9845 9846
9831 9832 9833 9834 9835 9836 9837 9838 9840 9841 9842 9843 9844 9845 9846 9847
9832 9833 9834 9835 9836 9837 9838 9839 9841 9842 9843 9844 9845 9846 9847 9848
9833 9834 9835 9836 9837 9838 9839 9840 9842 9843 9844 9845 9846 9847 9848 9849
9834 9835 9836 9837 9838 9839 9840 9841 9843 9844 9845 9846 9847 9848 9849 9850
9835 9836 9837 9838 9839 9840 9841 9842 9844 9845 9846 9847 9848 9849 9850 9851
9836 9837 9838 9839 9840 9841 9842 9843 9845 9846 9847 9848 9849 9850 9851 9852
9837 9838 9839 9840 9841 9842 9843 9844 9846 9847 9848 9849 9850 9851 9852 9853
9838 9839 9840 9841 9842 9843 9844 9845 9847 9848 9849 9850 9851 9852 9853 9854
9839 9840 9841 9842 9843 9844 9845 9846 9848 9849 9850 9851 9852 9853 9854 9855
9840 9841 9842 9843 9844 9845 9846 9847 9849 9850 9851 9852 9853 9854 9855 9856
9841 9842 9843 9844 9845 9846 9847 9848 9850 9851 9852 9853 9854 9855 9856 9857
9842 9843 9844 9845 9846 9847 9848 9849 9851 9852 9853 9854 9855 9856 9857 9858
9843 9844 9845 9846 9847 9848 9849 9850 9852 9853 9854 9855 9856 9857 9858 9859
9844 9845 9846 9847 9848 9849 9850 9851 9853 9854 9855 9856 9857 9858 9859 9860
9845 9846 9847 9848 9849 9850 9851 9852 9854 9855 9856 9857 9858 9859 9860 9861
9846 9847 9848 9849 9850 9851 9852 9853 9855 9856 9857 9858 9859 9860 9861 9862
9847 9848 9849 9850 9851 9852 9853 9854 9856 9857 9858 9859 9860 9861 9862 9863
9848 9849 9850 9851 9852 9853 9854 9855 9857 9858 9859 9860 9861 9862 9863 9864
9849 9850 9851 9852 9853 9854 9855 9856 9858 9859 9860 9861 9862 9863 9864 9865
9850 9851 9852 9853 9854 9855 9856 9857 9859 9860 9861 9862 9863 9864 9865 9866
9851 9852 9853 9854 9855 9856 9857 9858 9860 9861 9862 9863 9864 9865 9866 9867
9852 9853 9854 9855 9856 9857 9858 9859 9861 9862 9863 9864 9865 9866 9867 9868
9853 9854 9855 9856 9857 9858 9859 9860 9862 9863 9864 9865 9866 9867 9868 9869
9854 9855 9856 9857 9858 9859 9860 9861 9863 9864 9865 9866 9867 9868 9869 9870
9855 9856 9857 9858 9859 9860 9861 9862 9864 9865 9866 9867 9868 9869 9870 9871
9856 9857 9858 9859 9860 9861 9862 9863 9865 9866 9867 9868 9869 9870 9871 9872
9857 9858 9859 9860 9861 9862 9863 9864 9866 9867 9868 9869 9870 9871 9872 9873
9858 9859 9860 9861 9862 9863 9864 9865 9867 9868 9869 9870 9871 9872 9873 9874
9859 9860 9861 9862 9863 9864 9865 9866 9868 9869 9870 9871 9872 9873 9874 9875
9860 9861 9862 9863 9864 9865 9866 9867 9869 9870 9871 9872 9873 9874 9875 9876
9861 9862 9863 9864 9865 9866 9867 9868 9870 9871 9872 9873 9874 9875 9876 9877
9862 9863 9864 9865 9866 9867 9868 9869 9871 9872 9873 9874 9875 9876 9877 9878
9863 9864 9865 9866 9867 9868 9869 9870 9872 9873 9874 9875 9876 9877 9878 9879
9864 9865 9866 9867 9868 9869 9870 9871 9873 9874 9875 9876 9877 9878 9879 9880
9865 9866 9867 9868 9869 9870 9871 9872 9874 9875 9876 9877 9878 9879 9880 9881
9866 9867 9868 9869 9870 9871 9872 9873 9875 9876 9877 9878 9879 9880 9881 9882
9867 9868 9869 9870 9871 9872 9873 9874 9876 9877 9878 9879 9880 9881 9882 9883
9868 9869 9870 9871 9872 9873 9874 9875 9877 9878 9879 9880 9881 9882 9883 9884
9869 9870 9871 9872 9873 9874 9875 9876 9878 9879 9880 9881 9882 9883 9884 9885
9870 9871 9872 9873 9874 9875 9876 9877 9879 9880 9881 9882 9883 9884 9885 9886
9871 9872 9873 9874 9875 9876 9877 9878 9880 9881 9882 9883 9884 9885 9886 9887
9872 9873 9874 9875 9876 9877 9878 9879 9881 9882 9883 9884 9885 9886 9887 9888
9873 9874 9875 9876 9877 9878 9879 9880 9882 9883 9884 9885 9886 9887 9888 9889
9874 9875 9876 9877 9878 9879 9880 9881 9883 9884 9885 9886 9887 9888 9889 9890
9875 9876 9877 9878 9879 9880 9881 9882 9884 9885 9886 9887 9888 9889 9890 9891
9876 9877 9878 9879 9880 9881 9882 9883 9885 9886 9887 9888 9889 9890 9891 9892
9877 9878 9879 9880 9881 9882 9883 9884 9886 9887 9888 9889 9890 9891 9892 9893
9878 9879 9880 9881 9882 9883 9884 9885 9887 9888 9889 9890 9891 9892 9893 9894
9879 9880 9881 9882 9883 9884 9885 9886 9888 9889 9890 9891 9892 9893 9894 9895
9880 9881 9882 9883 9884 9885 9886 9887 9889 9890 9891 9892 9893 9894 9895 9896
9881 9882 9883 9884 9885 9886 9887 9888 9890 9891 9892 9893 9894 9895 9896 9897
9882 9883 9884 9885 9886 9887 9888 9889 9891 9892 9893 9894 9895 9896 9897 9898
9883 9884 9885 9886 9887 9888 9889 9890 9892 9893 9894 9895 9896 9897 9898 9899
9884 9885 9886 9887 9888 9889 9890 9891 9893 9894 9895 9896 9897 9898 9899 9900
9885 9886 9887 9888 9889 9890 9891 9892 9894 9895 9896 9897 9898 9899 9900 9901
9886 9887 9888 9889 9890 9891 9892 9893 9895 9896 9897 9898 9899 9900 9901 9902
9887 9888 9889 9890 9891 9892 9893 9894 9896 9897 9898 9899 9900 9901 9902 9903
9888 9889 9890 9891 9892 9893 9894 9895 9897 9898 9899 9900 9901 9902 9903 9904
9889 9890 9891 9892 9893 9894 9895 9896 9898 9899 9900 9901 9902 9903 9904 9905
9890 9891 9892 9893 9894 9895 9896 9897 9899 9900 9901 9902 9903 9904 9905 9906
9891 9892 9893 9894 9895 9896 9897 9898 9900 9901 9902 9903 9904 9905 9906 9907
9892 9893 9894 9895 9896 9897 9898 9899 9901 9902 9903 9904 9905 9906 9907 9908
9893 9894 9895 9896 9897 9898 9899 9900 9902 9903 9904 9905 9906 9907 9908 9909
9894 9895 9896 9897 9898 9899 9900 9901 9903 9904 9905 9906 9907 9908 9909 9910
9895 9896 9897 9898 9899 9900 9901 9902 9904 9905 9906 9907 9908 9909 9910 9911
9896 9897 9898 9899 9900 9901 9902 9903 9905 9906 9907 9908 9909 9910 9911 9912
9897 9898 9899 9900 9901 9902 9903 9904 9906 9907 9908 9909 9910 9911 9912 9913
9898 9899 9900 9901 9902 9903 9904 9905 9907 9908 9909 9910 9911 9912 9913 9914
9899 9900 9901 9902 9903 9904 9905 9906 9908 9909 9910 9911 9912 9913 9914 9915
9900 9901 9902 9903 9904 9905 9906 9907 9909 9910 9911 9912 9913 9914 9915 9916
9901 9902 9903 9904 9905 9906 9907 9908 9910 9911 9912 9913 9914 9915 9916 9917
9902 9903 9904 9905 9906 9907 9908 9909 9911 9912 9913 9914 9915 9916 9917 9918
9903 9904 9905 9906 9907 9908 9909 9910 9912 9913 9914 9915 9916 9917 9918 9919
9904 9905 9906 9907 9908 9909 9910 9911 9913 9914 9915 9916 9917 9918 9919 9920
9905 9906 9907 9908 9909 9910 9911 9912 9914 9915 9916 9917 9918 9919 9920 9921
9906 9907 9908 9909 9910 9911 9912 9913 9915 9916 9917 9918 9919 9920 9921 9922
9907 9908 9909 9910 9911 9912 9913 9914 9916 9917 9918 9919 9920 9921 9922 9923
9908 9909 9910 9911 9912 9913 9914 9915 9917 9918 9919 9920 9921 9922 9923 9924
9909 9910 9911 9912 9913 9914 9915 9916 9918 9919 9920 9921 9922 9923 9924 9925
9910 9911 9912 9913 9914 9915 9916 9917 9919 9920 9921 9922 9923 9924 9925 9926
9911 9912 9913 9914 9915 9916 9917 9918 9920 9921 9922 9923 9924 9925 9926 9927
9912 9913 9914 9915 9916 9917 9918 9919 9921 9922 9923 9924 9925 9926 9927 9928
9913 9914 9915 9916 9917 9918 9919 9920 9922 9923 9924 9925 9926 9927 9928 9929
9914 9915 9916 9917 9918 9919 9920 9921 9923 9924 9925 9926 9927 9928 9929 9930
9915 9916 9917 9918 9919 9920 9921 9922 9924 9925 9926 9927 9928 9929 9930 9931
9916 9917 9918 9919 9920 9921 9922 9923 9925 9926 9927 9928 9929 9930 9931 9932
9917 9918 9919 9920 9921 9922 9923 9924 9926 9927 9928 9929 9930 9931 9932 9933
9918 9919 9920 9921 9922 9923 9924 9925 9927 9928 9929 9930 9931 9932 9933 9934
9919 9920 9921 9922 9923 9924 9925 9926 9928 9929 9930 9931 9932 9933 9934 9935
9920 9921 9922 9923 9924 9925 9926 9927 9929 9930 9931 9932 9933 9934 9935 9936
9921 9922 9923 9924 9925 9926 9927 9928 9930 9931 9932 9933 9934 9935 9936 9937
9922 9923 9924 9925 9926 9927 9928 9929 9931 9932 9933 9934 9935 9936 9937 9938
9923 9924 9925 9926 9927 9928 9929 9930 9932 9933 9934 9935 9936 9937 9938 9939
9924 9925 9926 9927 9928 9929 9930 9931 9933 9934 9935 9936 9937 9938 9939 9940
9925 9926 9927 9928 9929 9930 9931 9932 9934 9935 9936 9937 9938 9939 9940 9941
9926 9927 9928 9929 9930 9931 9932 9933 9935 9936 9937 9938 9939 9940 9941 9942
9927 9928 9929 9930 9931 9932 9933 9934 9936 9937 9938 9939 9940 9941 9942 9943
9928 9929 9930 9931 9932 9933 9934 9935 9937 9938 9939 9940 9941 9942 9943 9944
9929 9930 9931 9932 9933 9934 9935 9936 9938 9939 9940 9941 9942 9943 9944 9945
9930 9931 9932 9933 9934 9935 9936 9937 9939 9940 9941 9942 9943 9944 9945 9946
9931 9932 9933 9934 9935 9936 9937 9938 9940 9941 9942 9943 9944 9945 9946 9947
9932 9933 9934 9935 9936 9937 9938 9939 9941 9942 9943 9944 9945 9946 9947 9948
9933 9934 9935 9936 9937 9938 9939 9940 9942 9943 9944 9945 9946 9947 9948 9949
9934 9935 9936 9937 9938 9939 9940 9941 9943 9944 9945 9946 9947 9948 9949 9950
9935 9936 9937 9938 9939 9940 9941 9942 9944 9945 9946 9947 9948 9949 9950 9951
9936 9937 9938 9939 9940 9941 9942 9943 9945 9946 9947 9948 9949 9950 9951 9952
9937 9938 9939 9940 9941 9942 9943 9944 9946 9947 9948 9949 9950 9951 9952 9953
9938 9939 9940 9941 9942 9943 9944 9945 9947 9948 9949 9950 9951 9952 9953 9954
9939 9940 9941 9942 9943 9944 9945 9946 9948 9949 9950 9951 9952 9953 9954 9955
9940 9941 9942 9943 9944 9945 9946 9947 9949 9950 9951 9952 9953 9954 9955 9956
9941 9942 9943 9944 9945 9946 9947 9948 9950 9951 9952 9953 9954 9955 9956 9957
9942 9943 9944 9945 9946 9947 9948 9949 9951 9952 9953 9954 9955 9956 9957 9958
9943 9944 9945 9946 9947 9948 9949 9950 9952 9953 9954 9955 9956 9957 9958 9959
9944 9945 9946 9947 9948 9949 9950 9951 9953 9954 9955 9956 9957 9958 9959 9960
9945 9946 9947 9948 9949 9950 9951 9952 9954 9955 9956 9957 9958 9959 9960 9961
9946 9947 9948 9949 9950 9951 9952 9953 9955 9956 9957 9958 9959 9960 9961 9962
9947 9948 9949 9950 9951 9952 9953 9954 9956 9957 9958 9959 9960 9961 9962 9963
9948 9949 9950 9951 9952 9953 9954 9955 9957 9958 9959 9960 9961 9962 9963 9964
9949 9950 9951 9952 9953 9954 9955 9956 9958 9959 9960 9961 9962 9963 9964 9965
9950 9951 9952 9953 9954 9955 9956 9957 9959 9960 9961 9962 9963 9964 9965 9966
9951 9952 9953 9954 9955 9956 9957 9958 9960 9961 9962 9963 9964 9965 9966 9967
9952 9953 9954 9955 9956 9957 9958 9959 9961 9962 9963 9964 9965 9966 9967 9968
9953 9954 9955 9956 9957 9958 9959 9960 9962 9963 9964 9965 9966 9967 9968 9969
9954 9955 9956 9957 9958 9959 9960 9961 9963 9964 9965 9966 9967 9968 9969 9970
9955 9956 9957 9958 9959 9960 9961 9962 9964 9965 9966 9967 9968 9969 9970 9971
9956 9957 9958 9959 9960 9961 9962 9963 9965 9966 9967 9968 9969 9970 9971 9972
9957 9958 9959 9960 9961 9962 9963 9964 9966 9967 9968 9969 9970 9971 9972 9973
9958 9959 9960 9961 9962 9963 9964 9965 9967 9968 9969 9970 9971 9972 9973 9974
9959 9960 9961 9962 9963 9964 9965 9966 9968 9969 9970 9971 9972 9973 9974 9975
9960 9961 9962 9963 9964 9965 9966 9967 9969 9970 9971 9972 9973 9974 9975 9976
9961 9962 9963 9964 9965 9966 9967 9968 9970 9971 9972 9973 9974 9975 9976 9977
9962 9963 9964 9965 9966 9967 9968 9969 9971 9972 9973 9974 9975 9976 9977 9978
9963 9964 9965 9966 9967 9968 9969 9970 9972 9973 9974 9975 9976 9977 9978 9979
9964 9965 9966 9967 9968 9969 9970 9971 9973 9974 9975 9976 9977 9978 9979 9980
9965 9966 9967 9968 9969 9970 9971 9972 9974 9975 9976 9977 9978 9979 9980 9981
9966 9967 9968 9969 9970 9971 9972 9973 9975 9976 9977 9978 9979 9980 9981 9982
9967 9968 9969 9970 9971 9972 9973 9974 9976 9977 9978 9979 9980 9981 9982 9983
9968 9969 9970 9971 9972 9973 9974 9975 9977 9978 9979 9980 9981 9982 9983 9984
9969 9970 9971 9972 9973 9974 9975 9976 9978 9979 9980 9981 9982 9983 9984 9985
9970 9971 9972 9973 9974 9975 9976 9977 9979 9980 9981 9982 9983 9984 9985 9986
9971 9972 9973 9974 9975 9976 9977 9978 9980 9981 9982 9983 9984 9985 9986 9987
9972 9973 9974 9975 9976 9977 9978 9979 9981 9982 9983 9984 9985 9986 9987 9988
9973 9974 9975 9976 9977 9978 9979 9980 9982 9983 9984 9985 9986 9987 9988 9989
9974 9975 9976 9977 9978 9979 9980 9981 9983 9984 9985 9986 9987 9988 9989 9990
9975 9976 9977 9978 9979 9980 9981 9982 9984 9985 9986 9987 9988 9989 9990 9991
9976 9977 9978 9979 9980 9981 9982 9983 9985 9986 9987 9988 9989 9990 9991 9992
9977 9978 9979 9980 9981 9982 9983 9984 9986 9987 9988 9989 9990 9991 9992 9993
9978 9979 9980 9981 9982 9983 9984 9985 9987 9988 9989 9990 9991 9992 9993 9994
9979 9980 9981 9982 9983 9984 9985 9986 9988 9989 9990 9991 9992 9993 9994 9995
9980 9981 9982 9983 9984 9985 9986 9987 9989 9990 9991 9992 9993 9994 9995 9996
9981 9982 9983 9984 9985 9986 9987 9988 9990 9991 9992 9993 9994 9995 9996 9997
9982 9983 9984 9985 9986 9987 9988 9989 9991 9992 9993 9994 9995 9996 9997 9998
9983 9984 9985 9986 9987 9988 9989 9990 9992 9993 9994 9995 9996 9997 9998 9999
0 9984 9985 9986 9987 9988 9989 9990 9991 9993 9994 9995 9996 9997 9998 9999
0 1 9985 9986 9987 9988 9989 9990 9991 9992 9994 9995 9996 9997 9998 9999
0 1 2 9986 9987 9988 9989 9990 9991 9992 9993 9995 9996 9997 9998 9999
0 1 2 3 9987 9988 9989 9990 9991 9992 9993 9994 9996 9997 9998 9999
0 1 2 3 4 9988 9989 9990 9991 9992 9993 9994 9995 9997 9998 9999
0 1 2 3 4 5 9989 9990 9991 9992 9993 9994 9995 9996 9998 9999
0 1 2 3 4 5 6 9990 9991 9992 9993 9994 9995 9996 9997 9999
0 1 2 3 4 5 6 7 9991 9992 9993 9994 9995 9996 9997 9998
